
/*!40101 SET @OLD_CHARACTER_SET_CLIENT=@@CHARACTER_SET_CLIENT */;
/*!40101 SET @OLD_CHARACTER_SET_RESULTS=@@CHARACTER_SET_RESULTS */;
/*!40101 SET @OLD_COLLATION_CONNECTION=@@COLLATION_CONNECTION */;
/*!40101 SET NAMES utf8mb4 */;
/*!40103 SET @OLD_TIME_ZONE=@@TIME_ZONE */;
/*!40103 SET TIME_ZONE='+00:00' */;
/*!40014 SET @OLD_UNIQUE_CHECKS=@@UNIQUE_CHECKS, UNIQUE_CHECKS=0 */;
/*!40014 SET @OLD_FOREIGN_KEY_CHECKS=@@FOREIGN_KEY_CHECKS, FOREIGN_KEY_CHECKS=0 */;
/*!40101 SET @OLD_SQL_MODE=@@SQL_MODE, SQL_MODE='NO_AUTO_VALUE_ON_ZERO' */;
/*!40111 SET @OLD_SQL_NOTES=@@SQL_NOTES, SQL_NOTES=0 */;
DROP TABLE IF EXISTS `admins`;
/*!40101 SET @saved_cs_client     = @@character_set_client */;
/*!40101 SET character_set_client = utf8 */;
CREATE TABLE `admins` (
  `id` int(10) unsigned NOT NULL AUTO_INCREMENT,
  `code` varchar(255) CHARACTER SET utf8 DEFAULT NULL,
  `name` varchar(255) COLLATE utf8mb4_unicode_ci DEFAULT NULL,
  `email` varchar(255) CHARACTER SET utf8 NOT NULL,
  `phone` varchar(255) CHARACTER SET utf8 DEFAULT NULL,
  `active` tinyint(1) NOT NULL DEFAULT '1',
  `role` tinyint(4) NOT NULL DEFAULT '0',
  `password` varchar(255) COLLATE utf8mb4_unicode_ci NOT NULL,
  `remember_token` varchar(100) COLLATE utf8mb4_unicode_ci DEFAULT NULL,
  `created_at` timestamp NULL DEFAULT NULL,
  `updated_at` timestamp NULL DEFAULT NULL,
  PRIMARY KEY (`id`),
  UNIQUE KEY `admins_email_unique` (`email`),
  UNIQUE KEY `admins_phone_unique` (`phone`),
  UNIQUE KEY `admins_code_unique` (`code`) USING BTREE
) ENGINE=InnoDB AUTO_INCREMENT=7 DEFAULT CHARSET=utf8mb4 COLLATE=utf8mb4_unicode_ci;
/*!40101 SET character_set_client = @saved_cs_client */;

LOCK TABLES `admins` WRITE;
/*!40000 ALTER TABLE `admins` DISABLE KEYS */;
INSERT INTO `admins` VALUES (1,NULL,'Developer','dev@dev.loc','055555555',1,6,'$2y$10$TRhlT00iAMKmgFNjmn7omebe4J9vEcZPYJHloVEUTifozPFhQkTxm',NULL,'2019-10-04 16:49:11','2019-10-11 12:57:53'),(2,NULL,'Administrator','admin@dev.loc','8799999999',1,5,'$2y$10$uNf.p3QYG8joLxREyiLTteYPdJXc5ueXhg.w4saBewY1xJrhi1SgS',NULL,'2019-10-04 16:49:11','2019-10-27 14:51:24'),(3,'4286921','Manager','manager@dev.loc','899999999',1,3,'$2y$10$vznTQeQ5g8M8W6D2gvaFUu/YTPgVrslPL2Tp3p/vVJrMxLWo0VWBC',NULL,'2019-10-04 16:49:11','2019-10-16 13:52:17'),(4,NULL,'Operator','operator@dev.loc','8799999997',1,1,'$2y$10$eD2pYhjIYMLaW7TLD0J1y.otxOlfTbBMjEMXyyxYHeHK2/n0encma',NULL,'2019-10-04 16:49:11','2019-10-11 13:19:20'),(5,NULL,'Старший менеджер','senior_manager@dev.loc','111111111',1,4,'$2y$10$OuwZHTeWAlq8V7LUnfXH4uhsy2K/zgFGIXdmDWIzqHagPbRbyzaH6',NULL,'2019-10-27 14:52:03','2019-10-27 15:00:00'),(6,NULL,'Контент менеджер','content@dev.loc','55555555',1,2,'$2y$10$vCsA.FU5c4AcW9aQT7LRZOf4dfwXBosTKrZOwSnpyPsEw3ssqdZjW',NULL,'2019-11-24 09:01:43','2019-11-24 09:01:56');
/*!40000 ALTER TABLE `admins` ENABLE KEYS */;
UNLOCK TABLES;
DROP TABLE IF EXISTS `analogs`;
/*!40101 SET @saved_cs_client     = @@character_set_client */;
/*!40101 SET character_set_client = utf8 */;
CREATE TABLE `analogs` (
  `id` bigint(20) unsigned NOT NULL AUTO_INCREMENT,
  `part_id` bigint(20) unsigned NOT NULL,
  `brand` varchar(255) COLLATE utf8mb4_unicode_ci DEFAULT NULL,
  `number` varchar(255) COLLATE utf8mb4_unicode_ci DEFAULT NULL,
  `sort` bigint(20) unsigned NOT NULL DEFAULT '0',
  PRIMARY KEY (`id`),
  KEY `analogs_part_id_foreign` (`part_id`),
  CONSTRAINT `analogs_part_id_foreign` FOREIGN KEY (`part_id`) REFERENCES `parts` (`id`) ON DELETE CASCADE
) ENGINE=InnoDB AUTO_INCREMENT=67 DEFAULT CHARSET=utf8mb4 COLLATE=utf8mb4_unicode_ci;
/*!40101 SET character_set_client = @saved_cs_client */;

LOCK TABLES `analogs` WRITE;
/*!40000 ALTER TABLE `analogs` DISABLE KEYS */;
/*!40000 ALTER TABLE `analogs` ENABLE KEYS */;
UNLOCK TABLES;
DROP TABLE IF EXISTS `applications`;
/*!40101 SET @saved_cs_client     = @@character_set_client */;
/*!40101 SET character_set_client = utf8 */;
CREATE TABLE `applications` (
  `id` bigint(20) unsigned NOT NULL AUTO_INCREMENT,
  `user_id` bigint(20) unsigned NOT NULL,
  `name` varchar(255) COLLATE utf8mb4_unicode_ci DEFAULT NULL,
  `phone` varchar(255) COLLATE utf8mb4_unicode_ci DEFAULT NULL,
  `region` varchar(255) COLLATE utf8mb4_unicode_ci DEFAULT NULL,
  `city` varchar(255) COLLATE utf8mb4_unicode_ci DEFAULT NULL,
  `part_id` bigint(20) unsigned NOT NULL,
  `part_name` varchar(255) COLLATE utf8mb4_unicode_ci DEFAULT NULL,
  `part_code` varchar(255) COLLATE utf8mb4_unicode_ci DEFAULT NULL,
  `count` int(10) unsigned NOT NULL,
  `price` double(18,2) unsigned NOT NULL,
  `real_price` int(10) unsigned DEFAULT NULL,
  `sum` double(18,2) unsigned NOT NULL,
  `real_sum` double(18,2) unsigned DEFAULT NULL,
  `created_at` timestamp NULL DEFAULT NULL,
  `updated_at` timestamp NULL DEFAULT NULL,
  PRIMARY KEY (`id`)
) ENGINE=InnoDB AUTO_INCREMENT=3 DEFAULT CHARSET=utf8mb4 COLLATE=utf8mb4_unicode_ci;
/*!40101 SET character_set_client = @saved_cs_client */;

LOCK TABLES `applications` WRITE;
/*!40000 ALTER TABLE `applications` DISABLE KEYS */;
INSERT INTO `applications` VALUES (1,1,'Айк','+374553256655','Ереван','Ереван',8,'Test','2',50,1000.00,1200,25000.00,50000.00,'2019-11-17 13:37:49','2019-11-17 13:37:49'),(2,2,'Test','+444444444','Астана','Tera',5,'Крестовино TO ACV40 07-11 KREACV40','152',1,1.00,NULL,1.00,1.00,'2019-11-24 15:33:39','2019-11-24 15:33:39');
/*!40000 ALTER TABLE `applications` ENABLE KEYS */;
UNLOCK TABLES;
DROP TABLE IF EXISTS `attached_parts`;
/*!40101 SET @saved_cs_client     = @@character_set_client */;
/*!40101 SET character_set_client = utf8 */;
CREATE TABLE `attached_parts` (
  `id` bigint(20) unsigned NOT NULL AUTO_INCREMENT,
  `part_id` bigint(20) unsigned NOT NULL,
  `attached_part_id` bigint(20) unsigned NOT NULL,
  PRIMARY KEY (`id`),
  KEY `attached_parts_part_id_foreign` (`part_id`),
  KEY `attached_parts_attached_part_id_foreign` (`attached_part_id`),
  CONSTRAINT `attached_parts_attached_part_id_foreign` FOREIGN KEY (`attached_part_id`) REFERENCES `parts` (`id`) ON DELETE CASCADE,
  CONSTRAINT `attached_parts_part_id_foreign` FOREIGN KEY (`part_id`) REFERENCES `parts` (`id`) ON DELETE CASCADE
) ENGINE=InnoDB DEFAULT CHARSET=utf8mb4 COLLATE=utf8mb4_unicode_ci;
/*!40101 SET character_set_client = @saved_cs_client */;

LOCK TABLES `attached_parts` WRITE;
/*!40000 ALTER TABLE `attached_parts` DISABLE KEYS */;
/*!40000 ALTER TABLE `attached_parts` ENABLE KEYS */;
UNLOCK TABLES;
DROP TABLE IF EXISTS `banners`;
/*!40101 SET @saved_cs_client     = @@character_set_client */;
/*!40101 SET character_set_client = utf8 */;
CREATE TABLE `banners` (
  `id` int(10) unsigned NOT NULL AUTO_INCREMENT,
  `page` varchar(255) COLLATE utf8mb4_unicode_ci NOT NULL,
  `key` varchar(255) COLLATE utf8mb4_unicode_ci NOT NULL,
  `data` text COLLATE utf8mb4_unicode_ci,
  PRIMARY KEY (`id`)
) ENGINE=InnoDB AUTO_INCREMENT=25 DEFAULT CHARSET=utf8mb4 COLLATE=utf8mb4_unicode_ci;
/*!40101 SET character_set_client = @saved_cs_client */;

LOCK TABLES `banners` WRITE;
/*!40000 ALTER TABLE `banners` DISABLE KEYS */;
INSERT INTO `banners` VALUES (1,'info','data','{\"logo\":\"Pm0K0wbmC4dq8RUtFD.png\",\"logo_footer\":\"Jn5ScwuggUbIRk5naD.png\",\"email\":\"info@bauten.kz\",\"seo_suffix\":\"Bauten\"}'),(2,'info','requisites','{\"address\":\"Алматы Казахстан, с. Мадениет уч. 383\",\"phone\":\"8 (777) 619 1747\",\"email\":\"info@bauten.kz\"}'),(3,'info','requisites','{\"address\":null,\"phone\":\"8 (707) 173 7656\",\"email\":null}'),(4,'info','requisites','{\"address\":null,\"phone\":\"8 (775) 996 1880\",\"email\":null}'),(5,'info','requisites','{\"address\":null,\"phone\":null,\"email\":null}'),(6,'info','socials','{\"icon\":\"r7TaX4Uwv46Rv8PhsZ.svg\",\"title\":\"Bautenautoparts\",\"url\":\"\\/\\/facebook.com\",\"active\":true}'),(7,'info','socials','{\"icon\":null,\"title\":null,\"url\":null,\"active\":false}'),(8,'info','socials','{\"icon\":null,\"title\":null,\"url\":null,\"active\":false}'),(9,'info','socials','{\"icon\":null,\"title\":null,\"url\":null,\"active\":false}'),(10,'info','payment_logos','{\"logo\":\"VBwbBXfryteVdrgiAq.png\",\"title\":\"Visa\",\"alt\":\"Visa\",\"active\":true}'),(11,'info','payment_logos','{\"logo\":\"BVrxvSJCU8GMBef54i.png\",\"title\":\"Mastercard\",\"alt\":\"Mastercard\",\"active\":true}'),(12,'info','payment_logos','{\"logo\":null,\"title\":null,\"alt\":null,\"active\":false}'),(13,'info','payment_logos','{\"logo\":null,\"title\":null,\"alt\":null,\"active\":false}'),(14,'home','block_titles','{\"catalogue\":\"Каталог автозапчастей\",\"parts\":\"Запчасти по маркам\",\"brands\":\"Каталог брендов\",\"news\":\"Новости\",\"recommended_parts\":\"Товары для вас\"}'),(15,'home','banners','{\"image\":\"CJeBy3AZ2QcNXTSJ4M.png\",\"url\":null,\"alt\":null,\"title\":null,\"active\":true}'),(16,'home','banners','{\"image\":\"bEoplwqXfw3F78LViZ.png\",\"url\":null,\"alt\":null,\"title\":null,\"active\":true}'),(17,'contacts','data','{\"requisites_title\":\"Контактные данные\",\"form_title\":\"Связаться с нами\",\"iframe\":\"https:\\/\\/yandex.ru\\/map-widget\\/v1\\/-\\/CGs8zXLJ\"}'),(19,'images','data','{\"marks\":\"Rep1Qldt1IorvMSBMy.png\",\"parts\":\"m6Qw2qftapi3fVq8lD.png\"}'),(20,'auth','register','{\"first_title\":\"Регистрация в интернет-магазине\",\"first_text\":\"<p>Для регистрации в интернет-магазине, пожалуйста, заполните данную анкету.<\\/p>\\r\\n\\r\\n<p>Если у вас возникли проблемы с регистрацией, пожалуйста напишите нам на адрес<\\/p>\\r\\n\\r\\n<p><a href=\\\"mailto:zakaz@bauten.kz\\\">zakaz@bauten.kz<\\/a><\\/p>\"}'),(21,'auth','register_right','{\"title\":\"Условия сотрудничества\",\"text\":\"<p>Мы не несём ответственность за применимость заказываемой&nbsp;<br \\/>\\r\\nдетали к автомобилю Вашего клиента<\\/p>\\r\\n\\r\\n<p>Доставка осуществляется силами нашей компании. Способы&nbsp;<br \\/>\\r\\nдоставки и минимальные параметры отправки согласовываются с&nbsp;<br \\/>\\r\\nкаждым клиентом индивидуально.<\\/p>\"}'),(22,'auth','register_right','{\"title\":\"Работа с нами — это\",\"text\":\"<p>Различные формы оплаты: наличный расчет, безналичный расчет,&nbsp;<br \\/>\\r\\nбанковский перевод.<\\/p>\\r\\n\\r\\n<p>Оперативная доставка продукции по всей территории Казахстана&nbsp;<br \\/>\\r\\nи стран СНГ<\\/p>\\r\\n\\r\\n<p>Право на получение специальных цен на товары<\\/p>\"}'),(23,'settings','minimum','{\"shop\":\"1\",\"delivery\":\"20000\"}'),(24,'texts','data','{\"pickup\":\"<p><strong>Lorem Ipsum<\\/strong>&nbsp;is simply dummy text of the printing and typesetting industry. Lorem Ipsum has been the industry&#39;s standard dummy text ever since the 1500s, when an unknown printer took a galley of type and scrambled it to make a type specimen book.<\\/p>\",\"delivery\":\"<p>It is a long established fact that a reader will be distracted by the readable content of a page when looking at its layout. The point of using Lorem Ipsum is that it has a more-or-less normal distribution of letters, as opposed to using &#39;Content here, content here&#39;,<\\/p>\",\"bank_text\":\"<p>Test1: <strong>12345678<\\/strong><\\/p>\\r\\n\\r\\n<p>Test2: <strong>OK<\\/strong><\\/p>\"}');
/*!40000 ALTER TABLE `banners` ENABLE KEYS */;
UNLOCK TABLES;
DROP TABLE IF EXISTS `basket`;
/*!40101 SET @saved_cs_client     = @@character_set_client */;
/*!40101 SET character_set_client = utf8 */;
CREATE TABLE `basket` (
  `id` bigint(20) unsigned NOT NULL AUTO_INCREMENT,
  `part_id` bigint(20) unsigned NOT NULL,
  `user_id` bigint(20) unsigned NOT NULL,
  `count` int(10) unsigned NOT NULL DEFAULT '1',
  `checked` tinyint(1) NOT NULL DEFAULT '1',
  PRIMARY KEY (`id`),
  KEY `basket_part_id_foreign` (`part_id`),
  KEY `basket_user_id_foreign` (`user_id`),
  CONSTRAINT `basket_part_id_foreign` FOREIGN KEY (`part_id`) REFERENCES `parts` (`id`) ON DELETE CASCADE,
  CONSTRAINT `basket_user_id_foreign` FOREIGN KEY (`user_id`) REFERENCES `users` (`id`) ON DELETE CASCADE
) ENGINE=InnoDB AUTO_INCREMENT=92 DEFAULT CHARSET=utf8mb4 COLLATE=utf8mb4_unicode_ci;
/*!40101 SET character_set_client = @saved_cs_client */;

LOCK TABLES `basket` WRITE;
/*!40000 ALTER TABLE `basket` DISABLE KEYS */;
/*!40000 ALTER TABLE `basket` ENABLE KEYS */;
UNLOCK TABLES;
DROP TABLE IF EXISTS `brands`;
/*!40101 SET @saved_cs_client     = @@character_set_client */;
/*!40101 SET character_set_client = utf8 */;
CREATE TABLE `brands` (
  `id` bigint(20) unsigned NOT NULL AUTO_INCREMENT,
  `code` varchar(255) CHARACTER SET utf8 DEFAULT NULL,
  `name` varchar(255) COLLATE utf8mb4_unicode_ci DEFAULT NULL,
  `short` text COLLATE utf8mb4_unicode_ci,
  `description` text COLLATE utf8mb4_unicode_ci,
  `image` varchar(64) COLLATE utf8mb4_unicode_ci DEFAULT NULL,
  `image_alt` varchar(255) COLLATE utf8mb4_unicode_ci DEFAULT NULL,
  `image_title` varchar(255) COLLATE utf8mb4_unicode_ci DEFAULT NULL,
  `url` varchar(255) COLLATE utf8mb4_unicode_ci NOT NULL,
  `seo_title` varchar(255) COLLATE utf8mb4_unicode_ci DEFAULT NULL,
  `seo_description` text COLLATE utf8mb4_unicode_ci,
  `seo_keywords` varchar(255) COLLATE utf8mb4_unicode_ci DEFAULT NULL,
  `in_home` tinyint(1) NOT NULL DEFAULT '0',
  `sort` bigint(20) unsigned NOT NULL DEFAULT '0',
  `active` tinyint(1) NOT NULL DEFAULT '1',
  `created_at` timestamp NULL DEFAULT NULL,
  `updated_at` timestamp NULL DEFAULT NULL,
  PRIMARY KEY (`id`),
  UNIQUE KEY `brands_code_unique` (`code`)
) ENGINE=InnoDB AUTO_INCREMENT=111 DEFAULT CHARSET=utf8mb4 COLLATE=utf8mb4_unicode_ci;
/*!40101 SET character_set_client = @saved_cs_client */;

LOCK TABLES `brands` WRITE;
/*!40000 ALTER TABLE `brands` DISABLE KEYS */;
INSERT INTO `brands` VALUES (1,NULL,'A-ONE Taiwan',NULL,'<p>Lorem Ipsum is simply dummy text of the printing and typesetting industry. Lorem Ipsum has been the industry&#39;s standard dummy text ever since the 1500s, when an unknown printer took a galley of type and scrambled it to make a type specimen book. It has survived not only five centuries, but also the leap into electronic typesetting, remaining essentially unchanged. It was popularised in the 1960s with the release of Letraset sheets containing Lorem Ipsum passages, and more recently with desktop publishing software like Aldus PageMaker including versions of Lorem Ipsum</p>','VblwLcqn5sxlxmVI8W.png',NULL,NULL,'a-one',NULL,NULL,NULL,1,1,1,'2019-10-04 17:07:27','2020-01-04 12:09:39'),(2,NULL,'AGP Malaysia',NULL,NULL,'qa3EyHS2FMzDg06llo.png','2','3','agp',NULL,NULL,NULL,1,2,1,'2019-10-07 14:59:42','2020-01-04 12:09:39'),(3,NULL,'BAUTEN',NULL,NULL,'r1od7JHxVQMsEzlupL.png',NULL,NULL,'bauten',NULL,NULL,NULL,1,3,1,'2019-10-07 15:12:52','2020-01-04 12:09:39'),(4,NULL,'BAW Taiwan','<p>short</p>','<p>description</p>','eBe3R3uICS0eVLAcIf.png',NULL,NULL,'baw',NULL,NULL,NULL,1,4,1,'2019-10-07 15:14:32','2020-01-05 06:31:21'),(5,NULL,'CAMELLIA Japan',NULL,NULL,'cR0lJW3KoV8kI6LJTA.png',NULL,NULL,'camellia',NULL,NULL,NULL,1,5,1,'2019-10-07 15:14:44','2020-01-05 06:31:30'),(6,NULL,'CASP Taiwan','<p>Contrary to popular belief, Lorem Ipsum is not simply random text. It has roots in a piece of classical Latin literature from 45 BC, making it over 2000 years old. Richard McClintock, a Latin professor at Hampden-Sydney College in Virginia, looked up one of the more obscure Latin words, consectetur, from a Lorem Ipsum passage, and going through the cites of the word in classical literature, discovered the undoubtable source. Lorem Ipsum comes from sections 1.10.32 and 1.10.33 of &quot;de Finibus Bonorum et Malorum&quot; (The Extremes of Good and Evil) by Cicero, written in 45 BC. This book is a treatise on the theory of ethics, very popular during the Renaissance. The first line of Lorem Ipsum, &quot;Lorem ipsum dolor sit amet..&quot;, comes from a line in section 1.10.32.</p>','<p>Contrary to popular belief, Lorem Ipsum is not simply random text. It has roots in a piece of classical Latin literature from 45 BC, making it over 2000 years old. Richard McClintock, a Latin professor at Hampden-Sydney College in Virginia, looked up one of the more obscure Latin words, consectetur, from a Lorem Ipsum passage, and going through the cites of the word in classical literature, discovered the undoubtable source. Lorem Ipsum comes from sections 1.10.32 and 1.10.33 of &quot;de Finibus Bonorum et Malorum&quot; (The Extremes of Good and Evil) by Cicero, written in 45 BC. This book is a treatise on the theory of ethics, very popular during the Renaissance. The first line of Lorem Ipsum, &quot;Lorem ipsum dolor sit amet..&quot;, comes from a line in section 1.10.32.</p>\r\n\r\n<p>Contrary to popular belief, Lorem Ipsum is not simply random text. It has roots in a piece of classical Latin literature from 45 BC, making it over 2000 years old. Richard McClintock, a Latin professor at Hampden-Sydney College in Virginia, looked up one of the more obscure Latin words, consectetur, from a Lorem Ipsum passage, and going through the cites of the word in classical literature, discovered the undoubtable source. Lorem Ipsum comes from sections 1.10.32 and 1.10.33 of &quot;de Finibus Bonorum et Malorum&quot; (The Extremes of Good and Evil) by Cicero, written in 45 BC. This book is a treatise on the theory of ethics, very popular during the Renaissance. The first line of Lorem Ipsum, &quot;Lorem ipsum dolor sit amet..&quot;, comes from a line in section 1.10.32.</p>','WWEtCaBnPPkoWfX8wJ.png',NULL,NULL,'casp',NULL,NULL,NULL,1,6,1,'2019-10-07 15:14:55','2020-01-04 12:09:39'),(7,NULL,'CFT PROTECH China',NULL,NULL,'t8cHK1jUiNbuFs9p1n.png',NULL,NULL,'cft',NULL,NULL,NULL,1,7,1,'2019-10-07 15:15:07','2020-01-04 12:09:39'),(8,NULL,'DEPO Taiwan',NULL,NULL,'yRtTjuk2klx7iwF4oO.png',NULL,NULL,'depo',NULL,NULL,NULL,1,8,1,'2019-10-07 15:15:19','2020-01-04 12:09:39'),(9,NULL,'VISA China',NULL,NULL,'L7obyzDUkyl0JEXlxl.png',NULL,NULL,'visa',NULL,NULL,NULL,1,9,1,'2019-10-07 15:15:39','2020-01-04 12:09:39'),(11,NULL,'DEYE China',NULL,NULL,'6OT8Pnkarj28bTUWEz.png',NULL,NULL,'deye',NULL,NULL,NULL,1,10,1,'2019-10-07 15:17:14','2020-01-05 06:31:44'),(12,NULL,'DID Japan','<p>Компания Daido Kogyo (DID) основана в далеком 1933 году в&nbsp;Японий. С момента своего основания стремление Daido Kogyo к технологиям, создало высокопроизводительные и высококачественные продукты, отвечающие глобальному спросу на транспортировку. Подобного рода производство является результатом развития энтузиазма и человеческих ресурсов.</p>','<p>Приводная цепь&nbsp;DID&nbsp;является первой, кто успешно путешествует по Американскому континенту. Всемирно известный бренд DID является доказательством надежности и превосходной производительности при любых тяжелых условиях. Наши цепи мотоциклов и цепи автомобильных двигателей используются в более чем&nbsp;60 странах мира.</p>','RWVYi8WtmTrHceTyae.png',NULL,NULL,'did',NULL,NULL,NULL,1,11,1,'2019-10-07 15:17:25','2020-01-04 12:09:39'),(13,NULL,'ASHIMORI Malaysia',NULL,NULL,'vDjZ8nslYNDZVBxrlY.png',NULL,NULL,'ashimori-malaysia',NULL,NULL,NULL,1,12,1,'2019-11-26 06:39:33','2020-01-05 06:31:56'),(14,NULL,'SEIWA Japan',NULL,NULL,'8cowpaHKX60T1LAGTm.png',NULL,NULL,'seiwa-japan',NULL,NULL,NULL,1,13,1,'2019-11-26 06:40:08','2020-01-05 06:32:05'),(15,NULL,'TOKICO Japan',NULL,NULL,'HWej0AJO1hjG9dAN5u.png',NULL,NULL,'tokico-japan',NULL,NULL,NULL,1,14,1,'2019-11-26 06:40:27','2020-01-05 06:32:13'),(16,NULL,'YSK Taiwan',NULL,NULL,'J6u4ynncMU6Hdu74XI.png',NULL,NULL,'visa-china',NULL,NULL,NULL,1,15,1,'2019-11-26 06:40:50','2020-01-05 06:32:22'),(17,NULL,'TP Japan',NULL,NULL,'vrv5IfJ0zUrxOLlGgZ.png',NULL,NULL,'tp-japan',NULL,NULL,NULL,1,16,1,'2019-11-26 06:41:39','2020-01-05 06:32:30'),(18,NULL,'QJ Taiwan',NULL,NULL,'ju6TLN5H2Ho7a0Bgjd.png',NULL,NULL,'qj-taiwan',NULL,NULL,NULL,1,17,1,'2019-11-26 06:42:00','2020-01-04 12:09:39'),(19,NULL,'NOK Japan',NULL,NULL,'iuOQhiHaKIMBB609jX.png',NULL,NULL,'nok-japan',NULL,NULL,NULL,1,18,1,'2019-11-26 06:42:36','2020-01-05 06:32:39'),(20,NULL,'NPW Japan',NULL,NULL,'ryFS7147tik1JlIA5B.png',NULL,NULL,'npw-japan',NULL,NULL,NULL,1,19,1,'2019-11-26 06:42:56','2020-01-05 06:32:48'),(21,NULL,'SONAR Taiwan',NULL,NULL,'LZriPObwd1qlV8FQMT.png',NULL,NULL,'sonar-taiwan',NULL,NULL,NULL,1,20,1,'2019-11-26 06:43:22','2020-01-04 12:09:39'),(22,NULL,'AISIN Japan',NULL,NULL,'NTgBNig5Q4JLbA254p.png',NULL,NULL,'aisin-japan',NULL,NULL,NULL,1,21,1,'2019-11-26 06:43:43','2020-01-05 06:33:26'),(23,NULL,'AISAN Japan',NULL,NULL,'B7Ofc6VXXT13aFr4LD.png',NULL,NULL,'aisan-japan',NULL,NULL,NULL,1,22,1,'2019-11-26 06:43:57','2020-01-05 06:33:34'),(24,NULL,'ADVICS Japan',NULL,NULL,'FCIDDQHQwlm9ueNsNh.png',NULL,NULL,'advics-japan',NULL,NULL,NULL,1,23,1,'2019-11-26 06:44:17','2020-01-05 06:33:16'),(25,NULL,'KINGA China',NULL,NULL,'K4SNSg0z4PrroLjcpT.png',NULL,NULL,'kinga-china',NULL,NULL,NULL,1,24,1,'2019-11-26 07:30:35','2020-01-04 12:09:39'),(26,NULL,'LFI Taiwan',NULL,NULL,'3KCBe9R30CzPJQTZzq.png',NULL,NULL,'lfi-taiwan',NULL,NULL,NULL,1,25,1,'2019-11-26 07:31:33','2020-01-05 06:33:42'),(27,NULL,'DOKURO Japan',NULL,NULL,'trcLMDcOYLKEERiB8k.png',NULL,NULL,'dokuro-japan',NULL,NULL,NULL,1,26,1,'2019-11-26 07:42:24','2020-01-05 06:33:55'),(28,NULL,'EAGLE EYES Taiwan',NULL,NULL,'zuQPkFJPJCmE1rmGGV.png',NULL,NULL,'eagle-eyes-taiwan',NULL,NULL,NULL,1,27,1,'2019-11-26 07:43:23','2020-01-05 06:34:03'),(29,NULL,'EIKO Japan',NULL,NULL,'UPx5UEZZoojrurBHoI.png',NULL,NULL,'eiko-japan',NULL,NULL,NULL,1,28,1,'2019-11-26 07:43:47','2020-01-05 06:34:11'),(30,NULL,'HARDEX Malaysia',NULL,NULL,'tUgkr808VhGbWA1QPN.png',NULL,NULL,'hardex-malaysia',NULL,NULL,NULL,1,29,1,'2019-11-26 07:44:27','2020-01-05 08:19:54'),(31,NULL,'HASAKI Taiwan',NULL,NULL,'s0IGwlGKKll9ctfUlH.png',NULL,NULL,'hasaki-taiwan',NULL,NULL,NULL,1,30,1,'2019-11-26 07:44:43','2020-01-05 08:20:02'),(32,NULL,'MGM China',NULL,NULL,'af9yUOvSmjx9ga222b.png',NULL,NULL,'mgm-china',NULL,NULL,NULL,1,31,1,'2019-11-26 07:45:09','2020-01-05 08:20:23'),(33,NULL,'MOBILETRON Taiwan',NULL,NULL,'VznifYb8j3yS1IlhHN.png',NULL,NULL,'mobiletron-taiwan',NULL,NULL,NULL,1,32,1,'2019-11-26 07:45:28','2020-01-05 08:20:13'),(34,NULL,'OKAMI',NULL,NULL,'eZwLerZVys9OqHwoPr.png',NULL,NULL,'okami',NULL,NULL,NULL,1,33,1,'2019-11-26 07:45:58','2020-01-05 08:20:35'),(35,NULL,'OSK Japan',NULL,NULL,'KsnYbdON2HIpgmMz7Q.png',NULL,NULL,'osk-japan',NULL,NULL,NULL,1,34,1,'2019-11-26 07:46:17','2020-01-05 08:20:44'),(36,NULL,'UNION SANGYO Japan',NULL,NULL,'VsAgFAXcSQWohSCgqa.png',NULL,NULL,'union-sangyo-japan',NULL,NULL,NULL,1,35,1,'2019-11-26 07:46:47','2020-01-05 08:20:55'),(37,NULL,'SHANGLING China',NULL,NULL,'Of257VP7BXR92wpyTK.png',NULL,NULL,'shangling-china',NULL,NULL,NULL,1,36,1,'2019-11-26 07:47:12','2020-01-05 08:21:03'),(38,NULL,'LONGHO Taiwan',NULL,NULL,'R6L8NymofP8voDya85.png',NULL,NULL,'longho-taiwan',NULL,NULL,NULL,1,37,1,'2019-11-26 07:47:34','2020-01-05 08:21:11'),(39,NULL,'TENACITY Taiwan',NULL,NULL,'4Wzml7ZjwnufOwc3vk.png',NULL,NULL,'tenacity-taiwan',NULL,NULL,NULL,1,38,1,'2019-11-26 07:47:52','2020-01-05 08:21:19'),(40,NULL,'KYOSAN Japan',NULL,NULL,'HSiz3mOQPQhQovmrsJ.png',NULL,NULL,'kyosan-japan',NULL,NULL,NULL,1,39,1,'2019-11-26 07:48:11','2020-01-05 08:21:28'),(41,NULL,'BBS China',NULL,NULL,'RXstKOGORC2kkZBzZZ.png',NULL,NULL,'bbs-china',NULL,NULL,NULL,1,40,1,'2019-11-26 07:51:20','2020-01-05 08:21:39'),(42,NULL,'ERISTIC Taiwan',NULL,NULL,'e7ItbhtPI1nz8BFDrE.png',NULL,NULL,'eristic-taiwan',NULL,NULL,NULL,1,41,1,'2019-11-26 07:51:37','2020-01-05 06:33:01'),(43,NULL,'G-AUTOPARTS China',NULL,NULL,'K6mtqFYsWPLMvSvSrd.png',NULL,NULL,'g-autoparts-china',NULL,NULL,NULL,1,42,1,'2019-11-26 08:50:49','2020-01-05 08:21:48'),(44,NULL,'GCK Taiwan',NULL,NULL,'X7TsSmpFLcm98hWY6X.png',NULL,NULL,'gck-taiwan',NULL,NULL,NULL,1,43,1,'2019-11-26 08:51:19','2020-01-05 08:21:56'),(45,NULL,'GMB Japan',NULL,NULL,'k6UjMYVg8uLUpwi1KS.png',NULL,NULL,'gmb-japan',NULL,NULL,NULL,1,44,1,'2019-11-26 08:51:34','2020-01-05 08:22:04'),(46,NULL,'VITAL Malaysia',NULL,NULL,'Qmjb4AJuXMTJtU8Agm.png',NULL,NULL,'vital-malaysia',NULL,NULL,NULL,1,45,1,'2019-11-26 08:51:49','2020-01-05 08:22:12'),(47,NULL,'TOYO Taiwan',NULL,NULL,'yInHMOhc8CKPfwCgS6.png',NULL,NULL,'toyo-taiwan',NULL,NULL,NULL,1,46,1,'2019-11-26 08:52:08','2020-01-05 08:22:21'),(48,NULL,'COB WEB Taiwan',NULL,NULL,'xR1jVzEms7i6SOpqBL.png',NULL,NULL,'cob-web-taiwan',NULL,NULL,NULL,1,47,1,'2019-11-28 09:38:23','2020-01-05 08:22:50'),(49,NULL,'DENSO',NULL,NULL,'eFESvEB4MWMFfGyyy7.png',NULL,NULL,'denso',NULL,NULL,NULL,1,48,1,'2019-11-28 09:38:49','2020-01-05 08:22:59'),(50,NULL,'DIAMOND China',NULL,NULL,'F12kMDpOQcEFh02zY8.png',NULL,NULL,'diamond-china',NULL,NULL,NULL,1,49,1,'2019-11-28 09:39:16','2020-01-05 08:23:07'),(51,NULL,'Diesel Parts',NULL,NULL,'kZYcQN5UD7XRUVUC98.png',NULL,NULL,'diesel-parts',NULL,NULL,NULL,1,50,1,'2019-11-28 09:39:31','2020-01-05 08:23:16'),(52,NULL,'GOODRUBBER Malaysia',NULL,NULL,'c0ORzSgBSiytVMes3y.png',NULL,NULL,'goodrubber-malaysia',NULL,NULL,NULL,1,51,1,'2019-11-28 09:40:04','2020-01-05 08:23:25'),(53,NULL,'GORDON Taiwan',NULL,NULL,'uBX47sq98A2CF7YQ0X.png',NULL,NULL,'gordon-taiwan',NULL,NULL,NULL,1,52,1,'2019-11-28 09:40:22','2020-01-05 08:23:38'),(54,NULL,'HCAP China',NULL,NULL,'1pbW8iDKkFdLdHjWu0.png',NULL,NULL,'hcap-china',NULL,NULL,NULL,1,53,1,'2019-11-28 09:40:47','2020-01-05 08:23:48'),(55,NULL,'HDK Japan',NULL,NULL,'fNATnmEAoSRzZ18lb4.png',NULL,NULL,'hdk-japan',NULL,NULL,NULL,1,54,1,'2019-11-28 09:40:56','2020-01-05 08:23:57'),(56,NULL,'HKT Japan',NULL,NULL,'ZQkoAmFBrwmNwgOFuj.png',NULL,NULL,'hkt-japan',NULL,NULL,NULL,1,55,1,'2019-11-28 09:41:13','2020-01-05 08:24:06'),(57,NULL,'JUNYAN Taiwan',NULL,NULL,'TdnBpGiUFY0wxTCCv3.png',NULL,NULL,'junyan-taiwan',NULL,NULL,NULL,1,56,1,'2019-11-28 09:41:28','2020-01-05 08:24:15'),(58,NULL,'KASHIYAMA Japan',NULL,NULL,'p8PNBrGrAGpUUh53aB.png',NULL,NULL,'kashiyama-japan',NULL,NULL,NULL,1,57,1,'2019-11-28 09:41:46','2020-01-05 08:24:24'),(59,NULL,'KBF Korea',NULL,NULL,'VZpNtj1uJIWVJ0dyQR.png',NULL,NULL,'kbf-korea',NULL,NULL,NULL,1,58,1,'2019-11-28 09:42:08','2020-01-05 08:24:33'),(60,NULL,'KOYO Japan',NULL,NULL,'aDBcNiPlbXxnaDoy7q.png',NULL,NULL,'koyo-japan',NULL,NULL,NULL,1,59,1,'2019-11-28 09:42:20','2020-01-05 08:24:41'),(61,NULL,'KOYOROKI Malaysia',NULL,NULL,'Oqz1C6PwQpIqKE8pKU.png',NULL,NULL,'koyoroki-malaysia',NULL,NULL,NULL,1,60,1,'2019-11-28 09:42:33','2020-01-05 08:24:52'),(62,NULL,'MAX BELT Indonesia',NULL,NULL,'unHrtscp4iLqv5J8TY.png',NULL,NULL,'max-belt-indonesia',NULL,NULL,NULL,1,61,1,'2019-11-28 09:43:00','2020-01-05 08:25:17'),(63,NULL,'MITHSUBOSHI Japan',NULL,NULL,'luqER7R1Te3BWH0kG7.png',NULL,NULL,'mithsuboshi-japan',NULL,NULL,NULL,1,62,1,'2019-11-28 09:43:18','2020-01-05 08:25:28'),(64,NULL,'MRK Japan',NULL,NULL,'HYFZ27ypuX9qE8r3uK.png',NULL,NULL,'mrk-japan',NULL,NULL,NULL,1,63,1,'2019-11-28 09:43:31','2020-01-05 08:25:39'),(65,NULL,'MUSASHI Japan',NULL,NULL,'9cfSBsXPhGBjx58MTQ.png',NULL,NULL,'musashi-japan',NULL,NULL,NULL,1,64,1,'2019-11-28 09:43:43','2020-01-05 08:25:48'),(66,NULL,'MUSASHI Taiwan',NULL,NULL,'hOV85JQJDx6SesM7uO.png',NULL,NULL,'musashi-taiwan',NULL,NULL,NULL,1,65,1,'2019-11-28 09:43:56','2020-01-05 08:25:59'),(67,NULL,'NDC Japan',NULL,NULL,'1JpRRmRABdKmmnQmz2.png',NULL,NULL,'ndc-japan',NULL,NULL,NULL,1,66,1,'2019-11-28 09:44:24','2020-01-05 08:26:08'),(68,NULL,'NEW ERA Japan',NULL,NULL,'rddSsl9Mu9HREsLRGq.png',NULL,NULL,'new-era-japan',NULL,NULL,NULL,1,67,1,'2019-11-28 09:44:37','2020-01-05 08:26:16'),(69,NULL,'NOK Corteco',NULL,NULL,'8F1A7YuNpKFRUie9RG.png',NULL,NULL,'nok-corteco',NULL,NULL,NULL,1,68,1,'2019-11-28 09:44:48','2020-01-05 08:26:56'),(70,NULL,'NPR Japan',NULL,NULL,'8VJ4q7wTiuJjGo7UuF.png',NULL,NULL,'npr-japan',NULL,NULL,NULL,1,69,1,'2019-11-28 09:45:03','2020-01-05 08:27:04'),(71,NULL,'NSK Japan',NULL,NULL,'S9SLQG8wW6SLlt15Jh.png',NULL,NULL,'nsk-japan',NULL,NULL,NULL,1,70,1,'2019-11-28 09:45:21','2020-01-05 08:27:56'),(72,NULL,'NTN Japan',NULL,NULL,'tP3dJrcqM0UOLmyyYS.png',NULL,NULL,'ntn-japan',NULL,NULL,NULL,1,71,1,'2019-11-28 09:45:38','2020-01-05 08:27:35'),(73,NULL,'NUK Taiwan',NULL,NULL,'QxMUHSY6VNGJjup7sa.png',NULL,NULL,'nuk-taiwan',NULL,NULL,NULL,1,72,1,'2019-11-28 09:45:50','2020-01-05 08:28:06'),(74,NULL,'PHIKA China',NULL,NULL,'CcT3VOO7OwDHdOJeMO.png',NULL,NULL,'okami-2',NULL,NULL,NULL,1,73,1,'2019-11-28 09:46:04','2020-01-05 08:27:12'),(76,NULL,'PRO FORTUNE Taiwan',NULL,NULL,'RlNHm91Fl0kucIil8q.png',NULL,NULL,'pro-fortune-taiwan',NULL,NULL,NULL,1,75,1,'2019-11-28 09:47:06','2020-01-05 08:28:16'),(77,NULL,'PRO MULTI Malaysia',NULL,NULL,'8gNeiAbGVqdi8u8bGY.png',NULL,NULL,'pro-multi-malaysia',NULL,NULL,NULL,1,76,1,'2019-11-28 09:47:22','2020-01-05 08:28:47'),(78,NULL,'PROFIX Japan',NULL,NULL,'PqVkIERAZeJiRTJKyj.png',NULL,NULL,'profix-japan',NULL,NULL,NULL,1,77,1,'2019-11-28 09:47:41','2020-01-05 08:28:55'),(79,NULL,'ROCKY Japan',NULL,NULL,'bf5VQnOVNSnyffgaD5.png',NULL,NULL,'rocky-japan',NULL,NULL,NULL,1,78,1,'2019-11-28 09:47:59','2020-01-05 08:29:03'),(80,NULL,'RBI Thailand',NULL,NULL,'WLXYgWTh2MyaEhQZwI.png',NULL,NULL,'rbi-thailand',NULL,NULL,NULL,1,79,1,'2019-11-28 09:48:14','2020-01-05 08:29:10'),(81,NULL,'SL TURBO China',NULL,NULL,'Ti2OIrUamFE7hbNFdQ.png',NULL,NULL,'sl-turbo-china',NULL,NULL,NULL,1,80,1,'2019-11-28 09:48:57','2020-01-05 08:29:20'),(82,NULL,'VIDARIR China',NULL,NULL,'QLawTZ8t2rRi6AewtA.png',NULL,NULL,'vidarir-china',NULL,NULL,NULL,1,81,1,'2019-11-28 09:49:24','2020-01-05 08:29:28'),(83,NULL,'YAS China',NULL,NULL,'c8VTtW5AUih7PQFxgS.png',NULL,NULL,'yas-china',NULL,NULL,NULL,1,82,1,'2019-11-28 09:49:41','2020-01-05 08:28:37'),(84,NULL,'VAPRO Malaysia',NULL,NULL,'4v3fgcoQrEHJ7PqBlj.png',NULL,NULL,'vapro-malaysia',NULL,NULL,NULL,1,83,1,'2019-11-28 09:49:59','2020-01-05 08:27:45'),(85,NULL,'V&V China',NULL,NULL,'2xp9bJlM5m81GWQ9fF.png',NULL,NULL,'vv-china',NULL,NULL,NULL,1,84,1,'2019-11-28 09:50:39','2020-01-05 08:27:28'),(86,NULL,'QXP China',NULL,NULL,'q9FKEiBFcctO2WEspu.png',NULL,NULL,'qxp-china',NULL,NULL,NULL,1,85,1,'2019-11-28 09:50:56','2020-01-05 08:27:22'),(87,NULL,'QINYUAN China',NULL,NULL,'mDaZRneSHq496kz4Ss.png',NULL,NULL,'qinyuan-china',NULL,NULL,NULL,1,86,1,'2019-11-28 09:51:13','2020-01-05 08:29:39'),(88,NULL,'SAP стартер и генератор и ГУР',NULL,NULL,'cBpunA9zTIGLz8ozTK.png',NULL,NULL,'sap-starter-i-generator-i-gur',NULL,NULL,NULL,1,87,1,'2019-11-28 09:51:55','2020-01-05 08:29:49'),(89,NULL,'SEHUN Korea',NULL,NULL,'lLuhmYOmNx84OrYgio.png',NULL,NULL,'sehun-korea',NULL,NULL,NULL,1,88,1,'2019-11-28 09:52:16','2020-01-05 08:29:59'),(90,NULL,'SEIKEN Japan',NULL,NULL,'FKb7Qi3ybzdv3nHQaP.png',NULL,NULL,'seiken-japan',NULL,NULL,NULL,1,89,1,'2019-11-28 09:52:40','2020-01-05 08:30:10'),(91,NULL,'SH Taiwan',NULL,NULL,'Ge76IHnyuaYxAUxCPJ.png',NULL,NULL,'sh-taiwan',NULL,NULL,NULL,1,90,1,'2019-11-28 09:53:34','2020-01-05 08:30:25'),(92,NULL,'SDING YUH Taiwan',NULL,NULL,'ANwOZiRnMjAbIGBRbo.png',NULL,NULL,'sding-yuh-taiwan',NULL,NULL,NULL,1,91,1,'2019-11-28 09:53:53','2020-01-05 08:30:34'),(93,NULL,'SANTIAN China',NULL,NULL,'UwJyDsDNsm88xwCdmu.png',NULL,NULL,'santian-china',NULL,NULL,NULL,1,92,1,'2019-11-28 09:54:14','2020-01-05 08:30:41'),(94,NULL,'TEIKIN Indonesia',NULL,NULL,'fgR8dylUUQySGE86Vb.png',NULL,NULL,'teikin-indonesia',NULL,NULL,NULL,1,93,1,'2019-11-28 09:54:37','2020-01-05 08:30:51'),(95,NULL,'TONG HONG Taiwan',NULL,NULL,'Vicrfcyfe08TXDexRO.png',NULL,NULL,'tong-hong-taiwan',NULL,NULL,NULL,1,94,1,'2019-11-28 09:54:58','2020-01-05 08:31:00'),(96,NULL,'TRW U.S.A',NULL,NULL,'DvhSWjnYMx35OvkRNp.png',NULL,NULL,'trw-usa',NULL,NULL,NULL,1,95,1,'2019-11-28 09:55:14','2020-01-05 08:31:07'),(97,NULL,'TOCEMA China',NULL,NULL,'dJ2iohzXZdpyBk3Yco.png',NULL,NULL,'tocema-china',NULL,NULL,NULL,1,96,1,'2019-11-28 09:55:31','2020-01-05 08:28:29'),(98,NULL,'TORCH China',NULL,NULL,'OmT2rQNXwX1QhjqWPd.png',NULL,NULL,'torch-china',NULL,NULL,NULL,1,97,1,'2019-11-28 09:55:55','2020-01-05 08:31:19'),(99,NULL,'TIK Taiwan',NULL,NULL,'JDkq9gTu9blhY9lAay.png',NULL,NULL,'tik-taiwan',NULL,NULL,NULL,1,98,1,'2019-11-28 09:56:18','2020-01-05 08:31:27'),(100,NULL,'TAMA Japan',NULL,NULL,'BmNPhnJLdjjhwCtQdA.png',NULL,NULL,'tama-japan',NULL,NULL,NULL,1,99,1,'2019-11-28 09:56:37','2020-01-05 08:31:34'),(101,NULL,'TAIHO Japan',NULL,NULL,'IZd4eXohcj3xtaA0qX.png',NULL,NULL,'taiho-japan',NULL,NULL,NULL,1,100,1,'2019-11-28 09:56:56','2020-01-05 08:19:33'),(102,NULL,'SMK China',NULL,NULL,'kEfQ0nxJ8eS8av1WvI.png',NULL,NULL,'smk-china',NULL,NULL,NULL,1,101,1,'2019-11-28 09:58:16','2020-01-05 08:26:27'),(103,NULL,'VESPARK Taiwan',NULL,NULL,'mtzUSln4NTI5h24ojk.png',NULL,NULL,'vespark-taiwan',NULL,NULL,NULL,1,102,1,'2019-11-28 09:58:44','2020-01-05 08:31:43'),(104,NULL,'PROTECH Malaysia',NULL,NULL,'wvr7aedMu1aB4Genjm.png',NULL,NULL,'protech-malaysia',NULL,NULL,NULL,1,103,1,'2019-11-28 14:45:01','2020-01-05 08:31:59'),(105,NULL,'TONG YANG Taiwan',NULL,NULL,'t3DlOigY0NDEwZ3AOq.jpg',NULL,NULL,'tong-yang-taiwan',NULL,NULL,NULL,1,103,1,'2020-01-05 03:52:40','2020-01-05 08:32:08'),(106,NULL,'TONGSHI China',NULL,NULL,'weJXHOfCbWmAyME4jg.jpg',NULL,NULL,'tongshi-china',NULL,NULL,NULL,1,103,1,'2020-01-05 03:52:59','2020-01-05 08:32:15'),(107,NULL,'TOYO Japan',NULL,NULL,'Tf5XSLAwf2s5XBFVUF.jpg',NULL,NULL,'toyo-japan',NULL,NULL,NULL,1,103,1,'2020-01-05 03:53:26','2020-01-05 08:28:22'),(108,NULL,'SWJ Malaysia',NULL,NULL,'gyOwsBPVjQBo2YBbPA.jpg',NULL,NULL,'swj-malaysia',NULL,NULL,NULL,1,103,1,'2020-01-05 03:53:38','2020-01-05 08:32:22'),(109,NULL,'NICHIRIN Taiwan',NULL,NULL,'tsuAdcuvAGeOQJyZpK.jpg',NULL,NULL,'nichirin-taiwan',NULL,NULL,NULL,1,103,1,'2020-01-05 03:54:16','2020-01-05 08:32:29'),(110,NULL,'PL ELECTRIC China',NULL,NULL,'S1uaswhz78EJOIdBcr.jpg',NULL,NULL,'pl-electric-china',NULL,NULL,NULL,1,103,1,'2020-01-05 03:55:35','2020-01-05 08:26:45');
/*!40000 ALTER TABLE `brands` ENABLE KEYS */;
UNLOCK TABLES;
DROP TABLE IF EXISTS `change_emails`;
/*!40101 SET @saved_cs_client     = @@character_set_client */;
/*!40101 SET character_set_client = utf8 */;
CREATE TABLE `change_emails` (
  `user_id` bigint(20) unsigned NOT NULL,
  `email` varchar(255) CHARACTER SET utf8 NOT NULL,
  `verification` varchar(64) COLLATE utf8mb4_unicode_ci NOT NULL,
  PRIMARY KEY (`user_id`),
  CONSTRAINT `change_emails_user_id_foreign` FOREIGN KEY (`user_id`) REFERENCES `users` (`id`) ON DELETE CASCADE
) ENGINE=InnoDB DEFAULT CHARSET=utf8mb4 COLLATE=utf8mb4_unicode_ci;
/*!40101 SET character_set_client = @saved_cs_client */;

LOCK TABLES `change_emails` WRITE;
/*!40000 ALTER TABLE `change_emails` DISABLE KEYS */;
/*!40000 ALTER TABLE `change_emails` ENABLE KEYS */;
UNLOCK TABLES;
DROP TABLE IF EXISTS `count_sales`;
/*!40101 SET @saved_cs_client     = @@character_set_client */;
/*!40101 SET character_set_client = utf8 */;
CREATE TABLE `count_sales` (
  `id` bigint(20) unsigned NOT NULL AUTO_INCREMENT,
  `part_id` bigint(20) unsigned NOT NULL,
  `count` int(10) unsigned NOT NULL,
  `sale` tinyint(4) NOT NULL,
  PRIMARY KEY (`id`),
  KEY `count_sales_part_id_foreign` (`part_id`),
  CONSTRAINT `count_sales_part_id_foreign` FOREIGN KEY (`part_id`) REFERENCES `count_sales` (`id`) ON DELETE CASCADE
) ENGINE=InnoDB DEFAULT CHARSET=utf8mb4 COLLATE=utf8mb4_unicode_ci;
/*!40101 SET character_set_client = @saved_cs_client */;

LOCK TABLES `count_sales` WRITE;
/*!40000 ALTER TABLE `count_sales` DISABLE KEYS */;
/*!40000 ALTER TABLE `count_sales` ENABLE KEYS */;
UNLOCK TABLES;
DROP TABLE IF EXISTS `criteria`;
/*!40101 SET @saved_cs_client     = @@character_set_client */;
/*!40101 SET character_set_client = utf8 */;
CREATE TABLE `criteria` (
  `id` bigint(20) unsigned NOT NULL AUTO_INCREMENT,
  `filter_id` int(10) unsigned NOT NULL,
  `title` varchar(255) COLLATE utf8mb4_unicode_ci DEFAULT NULL,
  `sort` int(10) unsigned NOT NULL DEFAULT '0',
  `created_at` timestamp NULL DEFAULT NULL,
  `updated_at` timestamp NULL DEFAULT NULL,
  PRIMARY KEY (`id`),
  KEY `criteria_filter_id_foreign` (`filter_id`),
  CONSTRAINT `criteria_filter_id_foreign` FOREIGN KEY (`filter_id`) REFERENCES `filters` (`id`) ON DELETE CASCADE
) ENGINE=InnoDB AUTO_INCREMENT=98 DEFAULT CHARSET=utf8mb4 COLLATE=utf8mb4_unicode_ci;
/*!40101 SET character_set_client = @saved_cs_client */;

LOCK TABLES `criteria` WRITE;
/*!40000 ALTER TABLE `criteria` DISABLE KEYS */;
INSERT INTO `criteria` VALUES (1,1,'коренные',0,'2019-10-08 16:42:13','2019-12-13 09:56:51'),(2,1,'распредвала',0,'2019-10-08 16:42:17','2019-12-13 09:57:03'),(3,1,'шатунные',0,'2019-10-08 16:42:22','2019-12-13 09:57:14'),(4,4,'ГРМ',1,'2019-10-08 16:42:34','2019-12-13 09:59:06'),(5,4,'ГРМ (комплект)',2,'2019-10-08 16:42:38','2019-12-13 09:59:06'),(6,7,'Criterion',2,'2019-12-04 12:38:49','2019-12-04 12:38:49'),(7,8,'test3',2,'2019-12-04 12:39:14','2019-12-04 12:39:14'),(8,4,'масляного насоса',2,'2019-12-13 09:59:17','2019-12-13 09:59:17'),(9,6,'цепи ГРМ',2,'2019-12-13 10:02:36','2019-12-13 10:02:36'),(10,6,'цепи масляного насоса',2,'2019-12-13 10:02:50','2019-12-13 12:10:23'),(11,6,'ремня ПК в сборе',2,'2019-12-13 10:03:01','2019-12-14 05:34:02'),(12,9,'натяжителя ремня ГРМ',2,'2019-12-14 05:39:13','2019-12-14 05:39:13'),(13,9,'обводной ремня ГРМ',2,'2019-12-14 05:39:25','2019-12-14 05:39:25'),(14,9,'натяжителя ремня ПК',2,'2019-12-14 05:39:37','2019-12-14 05:39:37'),(15,10,'Насос масляный',2,'2019-12-14 05:56:50','2019-12-14 05:56:50'),(16,10,'Ротор масляного насоса',2,'2019-12-14 05:57:03','2019-12-14 05:57:03'),(17,11,'поликлиновый',2,'2019-12-14 06:01:22','2019-12-14 06:01:22'),(18,11,'клиновой',2,'2019-12-14 06:01:37','2019-12-14 06:01:37'),(19,11,'ГРМ',2,'2019-12-14 06:01:46','2019-12-14 06:01:46'),(20,12,'обычный',2,'2019-12-14 06:09:37','2019-12-14 06:09:37'),(21,12,'усиленная канавка',2,'2019-12-14 06:10:07','2019-12-14 06:10:07'),(22,12,'охлаждаемый',2,'2019-12-14 06:12:30','2019-12-14 06:12:30'),(23,13,'задняя',2,'2019-12-14 06:21:53','2019-12-14 06:21:53'),(24,13,'переднего',2,'2019-12-14 06:22:09','2019-12-14 06:22:09'),(25,13,'переднего левый',2,'2019-12-14 06:22:22','2019-12-14 06:22:22'),(26,13,'переднего правый',2,'2019-12-14 06:22:35','2019-12-14 06:22:35'),(27,14,'реставрация',2,'2019-12-14 06:24:16','2019-12-14 06:24:16'),(28,14,'новый',2,'2019-12-14 06:24:25','2019-12-14 06:24:25'),(29,15,'ремня ГРМ',2,'2019-12-14 06:27:54','2019-12-14 06:27:54'),(30,15,'ремня ПК',2,'2019-12-14 06:28:09','2019-12-14 06:28:09'),(31,15,'цепи',2,'2019-12-14 06:28:27','2019-12-14 06:28:27'),(32,15,'в сборе',2,'2019-12-14 06:28:33','2019-12-14 06:28:33'),(34,16,'в сборе',2,'2019-12-14 06:32:16','2019-12-14 06:32:16'),(35,16,'пустая',2,'2019-12-14 06:32:22','2019-12-14 06:32:22'),(36,17,'реставрация',2,'2019-12-14 06:35:01','2019-12-14 06:35:01'),(37,17,'новый',2,'2019-12-14 06:35:08','2019-12-14 06:35:08'),(38,18,'включения стоп-сигнала',2,'2019-12-14 06:37:08','2019-12-14 06:37:08'),(39,18,'давления масла',2,'2019-12-14 06:37:29','2019-12-14 06:37:29'),(40,18,'детонаций',2,'2019-12-14 06:37:42','2019-12-14 06:37:42'),(41,18,'скорости',2,'2019-12-14 06:37:58','2019-12-14 06:37:58'),(42,18,'спидометра',2,'2019-12-14 06:38:20','2019-12-14 06:38:20'),(43,18,'темп. охлаждающей жидкости',2,'2019-12-14 06:38:34','2019-12-14 06:38:34'),(44,18,'холостого хода',2,'2019-12-14 06:38:52','2019-12-14 06:38:52'),(45,18,'кислородный (лямбда-зонд)',2,'2019-12-14 06:39:05','2019-12-14 06:39:05'),(46,18,'включения вентилятора',2,'2019-12-14 06:39:16','2019-12-14 06:39:16'),(47,18,'положения распредвала',2,'2019-12-14 06:40:20','2019-12-14 06:40:20'),(48,19,'передние',2,'2019-12-14 06:42:26','2019-12-14 06:42:26'),(49,19,'задние',2,'2019-12-14 06:42:35','2019-12-14 06:42:35'),(50,20,'Впускной',2,'2019-12-14 07:55:49','2019-12-14 07:55:49'),(51,20,'Выпускной',2,'2019-12-14 07:55:55','2019-12-14 07:55:55'),(52,21,'передний',2,'2019-12-14 07:56:34','2019-12-14 07:56:34'),(53,21,'задний',2,'2019-12-14 07:56:39','2019-12-14 07:56:39'),(54,22,'карданного вала',2,'2019-12-14 07:57:59','2019-12-14 07:57:59'),(55,22,'рулевого вала',2,'2019-12-14 07:58:39','2019-12-14 07:58:39'),(56,22,'рулевой колонки',2,'2019-12-14 07:58:49','2019-12-14 07:58:49'),(57,23,'верхняя',2,'2019-12-14 08:01:38','2019-12-14 08:01:38'),(58,23,'нижняя',2,'2019-12-14 08:01:44','2019-12-14 08:01:44'),(59,24,'ГБЦ',2,'2019-12-14 08:08:26','2019-12-14 08:08:26'),(60,24,'клапанной крышки',2,'2019-12-14 08:08:37','2019-12-14 08:08:37'),(61,24,'впускного коллектора',2,'2019-12-14 08:08:47','2019-12-14 08:08:47'),(62,24,'выпускного коллектора',2,'2019-12-14 08:09:00','2019-12-14 08:09:00'),(63,24,'глушителя',2,'2019-12-14 08:09:09','2019-12-14 08:09:09'),(64,24,'масляного поддона',2,'2019-12-14 08:09:16','2019-12-14 08:09:16'),(65,25,'амортизатора',2,'2019-12-14 08:10:12','2019-12-14 08:10:12'),(66,25,'рулевой рейки',2,'2019-12-14 08:10:22','2019-12-14 08:10:22'),(67,25,'шруса',2,'2019-12-14 08:10:27','2019-12-14 08:10:27'),(68,26,'передний',2,'2019-12-14 08:12:20','2019-12-14 08:12:20'),(69,26,'задний',2,'2019-12-14 08:12:26','2019-12-14 08:12:26'),(70,27,'коленчатого вала',2,'2019-12-14 08:15:43','2019-12-14 08:16:09'),(71,27,'балансировочного вала',2,'2019-12-14 08:18:31','2019-12-14 08:18:31'),(72,27,'масляного насоса',2,'2019-12-14 08:18:41','2019-12-14 08:18:41'),(73,27,'муфты',2,'2019-12-14 08:18:51','2019-12-14 08:18:51'),(74,27,'первичного вала',2,'2019-12-14 08:19:03','2019-12-14 08:19:03'),(75,27,'привода',2,'2019-12-14 08:19:22','2019-12-14 08:19:22'),(76,27,'раздаточной коробки',2,'2019-12-14 08:22:06','2019-12-14 08:22:06'),(77,27,'распредвала',2,'2019-12-14 08:23:08','2019-12-14 08:23:08'),(78,27,'редуктора',2,'2019-12-14 08:23:17','2019-12-14 08:23:17'),(79,27,'хвостовика',2,'2019-12-14 08:23:26','2019-12-14 08:23:26'),(80,27,'переднего моста',2,'2019-12-14 08:23:36','2019-12-14 08:23:36'),(81,27,'помпы',2,'2019-12-14 08:23:44','2019-12-14 08:23:44'),(82,27,'свечного колодца',2,'2019-12-14 08:23:54','2019-12-14 08:23:54'),(83,27,'гидроусилителя руля',2,'2019-12-14 08:24:04','2019-12-14 08:24:04'),(84,27,'дифференциала',2,'2019-12-14 08:24:11','2019-12-14 08:24:11'),(85,27,'полуоси',2,'2019-12-14 08:24:16','2019-12-14 08:24:16'),(86,28,'реставрация',2,'2019-12-14 08:29:20','2019-12-14 08:29:20'),(87,28,'новый',2,'2019-12-14 08:29:27','2019-12-14 08:29:27'),(88,29,'с подшипником',2,'2019-12-14 08:30:02','2019-12-14 08:30:02'),(89,29,'без подшипника',2,'2019-12-14 08:30:24','2019-12-14 08:30:24'),(90,30,'ДВС',2,'2019-12-14 08:31:45','2019-12-14 08:31:45'),(91,30,'АККП',2,'2019-12-14 08:31:51','2019-12-14 08:31:51'),(92,31,'VVTi',2,'2019-12-14 08:32:42','2019-12-14 08:32:42'),(93,31,'коленчатого вала',2,'2019-12-14 08:32:57','2019-12-14 08:32:57'),(94,31,'насоса системы смазки',2,'2019-12-14 08:33:38','2019-12-14 08:33:38'),(95,31,'распредвала',2,'2019-12-14 08:33:44','2019-12-14 08:33:44'),(96,32,'внутренний',2,'2019-12-14 08:34:37','2019-12-14 08:34:37'),(97,32,'наружный',2,'2019-12-14 08:34:44','2019-12-14 08:34:44');
/*!40000 ALTER TABLE `criteria` ENABLE KEYS */;
UNLOCK TABLES;
DROP TABLE IF EXISTS `criterion_part`;
/*!40101 SET @saved_cs_client     = @@character_set_client */;
/*!40101 SET character_set_client = utf8 */;
CREATE TABLE `criterion_part` (
  `id` bigint(20) unsigned NOT NULL AUTO_INCREMENT,
  `criterion_id` bigint(20) unsigned NOT NULL,
  `part_id` bigint(20) unsigned NOT NULL,
  PRIMARY KEY (`id`),
  KEY `criterion_part_criterion_id_foreign` (`criterion_id`),
  KEY `criterion_part_part_id_foreign` (`part_id`),
  CONSTRAINT `criterion_part_criterion_id_foreign` FOREIGN KEY (`criterion_id`) REFERENCES `criteria` (`id`) ON DELETE CASCADE,
  CONSTRAINT `criterion_part_part_id_foreign` FOREIGN KEY (`part_id`) REFERENCES `parts` (`id`) ON DELETE CASCADE
) ENGINE=InnoDB AUTO_INCREMENT=16 DEFAULT CHARSET=utf8mb4 COLLATE=utf8mb4_unicode_ci;
/*!40101 SET character_set_client = @saved_cs_client */;

LOCK TABLES `criterion_part` WRITE;
/*!40000 ALTER TABLE `criterion_part` DISABLE KEYS */;
/*!40000 ALTER TABLE `criterion_part` ENABLE KEYS */;
UNLOCK TABLES;
DROP TABLE IF EXISTS `delivery_cities`;
/*!40101 SET @saved_cs_client     = @@character_set_client */;
/*!40101 SET character_set_client = utf8 */;
CREATE TABLE `delivery_cities` (
  `id` int(10) unsigned NOT NULL AUTO_INCREMENT,
  `title` varchar(255) COLLATE utf8mb4_unicode_ci NOT NULL,
  `region_id` int(10) unsigned NOT NULL,
  `price` int(10) unsigned NOT NULL DEFAULT '0',
  PRIMARY KEY (`id`),
  KEY `delivery_cities_region_id_foreign` (`region_id`),
  CONSTRAINT `delivery_cities_region_id_foreign` FOREIGN KEY (`region_id`) REFERENCES `delivery_regions` (`id`) ON DELETE CASCADE
) ENGINE=InnoDB AUTO_INCREMENT=8 DEFAULT CHARSET=utf8mb4 COLLATE=utf8mb4_unicode_ci;
/*!40101 SET character_set_client = @saved_cs_client */;

LOCK TABLES `delivery_cities` WRITE;
/*!40000 ALTER TABLE `delivery_cities` DISABLE KEYS */;
INSERT INTO `delivery_cities` VALUES (3,'City 1',4,1000),(4,'City 2',4,2000),(5,'City 3',5,3000),(6,'City 4',5,5000),(7,'efrge',6,25252);
/*!40000 ALTER TABLE `delivery_cities` ENABLE KEYS */;
UNLOCK TABLES;
DROP TABLE IF EXISTS `delivery_regions`;
/*!40101 SET @saved_cs_client     = @@character_set_client */;
/*!40101 SET character_set_client = utf8 */;
CREATE TABLE `delivery_regions` (
  `id` int(10) unsigned NOT NULL AUTO_INCREMENT,
  `title` varchar(255) COLLATE utf8mb4_unicode_ci NOT NULL,
  PRIMARY KEY (`id`)
) ENGINE=InnoDB AUTO_INCREMENT=7 DEFAULT CHARSET=utf8mb4 COLLATE=utf8mb4_unicode_ci;
/*!40101 SET character_set_client = @saved_cs_client */;

LOCK TABLES `delivery_regions` WRITE;
/*!40000 ALTER TABLE `delivery_regions` DISABLE KEYS */;
INSERT INTO `delivery_regions` VALUES (4,'Region1'),(5,'Region 2'),(6,'vrgvbrgbg');
/*!40000 ALTER TABLE `delivery_regions` ENABLE KEYS */;
UNLOCK TABLES;
DROP TABLE IF EXISTS `engine_criteria`;
/*!40101 SET @saved_cs_client     = @@character_set_client */;
/*!40101 SET character_set_client = utf8 */;
CREATE TABLE `engine_criteria` (
  `id` bigint(20) unsigned NOT NULL AUTO_INCREMENT,
  `engine_filter_id` int(10) unsigned NOT NULL,
  `title` varchar(255) COLLATE utf8mb4_unicode_ci DEFAULT NULL,
  `sort` int(10) unsigned NOT NULL DEFAULT '0',
  `created_at` timestamp NULL DEFAULT NULL,
  `updated_at` timestamp NULL DEFAULT NULL,
  PRIMARY KEY (`id`),
  KEY `engine_criteria_engine_filter_id_foreign` (`engine_filter_id`),
  CONSTRAINT `engine_criteria_engine_filter_id_foreign` FOREIGN KEY (`engine_filter_id`) REFERENCES `engine_filters` (`id`) ON DELETE CASCADE
) ENGINE=InnoDB AUTO_INCREMENT=3 DEFAULT CHARSET=utf8mb4 COLLATE=utf8mb4_unicode_ci;
/*!40101 SET character_set_client = @saved_cs_client */;

LOCK TABLES `engine_criteria` WRITE;
/*!40000 ALTER TABLE `engine_criteria` DISABLE KEYS */;
INSERT INTO `engine_criteria` VALUES (1,1,'Дизельный',0,'2019-10-11 11:10:14','2019-10-11 11:10:14'),(2,1,'Бензиновый',0,'2019-10-11 11:10:36','2019-10-11 11:10:36');
/*!40000 ALTER TABLE `engine_criteria` ENABLE KEYS */;
UNLOCK TABLES;
DROP TABLE IF EXISTS `engine_criterion_part`;
/*!40101 SET @saved_cs_client     = @@character_set_client */;
/*!40101 SET character_set_client = utf8 */;
CREATE TABLE `engine_criterion_part` (
  `id` bigint(20) unsigned NOT NULL AUTO_INCREMENT,
  `engine_criterion_id` bigint(20) unsigned NOT NULL,
  `part_id` bigint(20) unsigned NOT NULL,
  PRIMARY KEY (`id`),
  KEY `engine_criterion_part_engine_criterion_id_foreign` (`engine_criterion_id`),
  KEY `engine_criterion_part_part_id_foreign` (`part_id`),
  CONSTRAINT `engine_criterion_part_engine_criterion_id_foreign` FOREIGN KEY (`engine_criterion_id`) REFERENCES `engine_criteria` (`id`) ON DELETE CASCADE,
  CONSTRAINT `engine_criterion_part_part_id_foreign` FOREIGN KEY (`part_id`) REFERENCES `parts` (`id`) ON DELETE CASCADE
) ENGINE=InnoDB DEFAULT CHARSET=utf8mb4 COLLATE=utf8mb4_unicode_ci;
/*!40101 SET character_set_client = @saved_cs_client */;

LOCK TABLES `engine_criterion_part` WRITE;
/*!40000 ALTER TABLE `engine_criterion_part` DISABLE KEYS */;
/*!40000 ALTER TABLE `engine_criterion_part` ENABLE KEYS */;
UNLOCK TABLES;
DROP TABLE IF EXISTS `engine_filters`;
/*!40101 SET @saved_cs_client     = @@character_set_client */;
/*!40101 SET character_set_client = utf8 */;
CREATE TABLE `engine_filters` (
  `id` int(10) unsigned NOT NULL AUTO_INCREMENT,
  `title` varchar(255) COLLATE utf8mb4_unicode_ci DEFAULT NULL,
  `sort` int(10) unsigned NOT NULL DEFAULT '0',
  `created_at` timestamp NULL DEFAULT NULL,
  `updated_at` timestamp NULL DEFAULT NULL,
  PRIMARY KEY (`id`)
) ENGINE=InnoDB AUTO_INCREMENT=2 DEFAULT CHARSET=utf8mb4 COLLATE=utf8mb4_unicode_ci;
/*!40101 SET character_set_client = @saved_cs_client */;

LOCK TABLES `engine_filters` WRITE;
/*!40000 ALTER TABLE `engine_filters` DISABLE KEYS */;
INSERT INTO `engine_filters` VALUES (1,'Тип',0,'2019-10-11 11:08:24','2019-10-11 11:08:29');
/*!40000 ALTER TABLE `engine_filters` ENABLE KEYS */;
UNLOCK TABLES;
DROP TABLE IF EXISTS `engine_mark`;
/*!40101 SET @saved_cs_client     = @@character_set_client */;
/*!40101 SET character_set_client = utf8 */;
CREATE TABLE `engine_mark` (
  `id` bigint(20) unsigned NOT NULL AUTO_INCREMENT,
  `engine_id` bigint(20) unsigned NOT NULL,
  `mark_id` int(10) unsigned NOT NULL,
  PRIMARY KEY (`id`),
  KEY `engine_mark_engine_id_foreign` (`engine_id`),
  KEY `engine_mark_mark_id_foreign` (`mark_id`),
  CONSTRAINT `engine_mark_engine_id_foreign` FOREIGN KEY (`engine_id`) REFERENCES `engines` (`id`) ON DELETE CASCADE,
  CONSTRAINT `engine_mark_mark_id_foreign` FOREIGN KEY (`mark_id`) REFERENCES `marks` (`id`) ON DELETE CASCADE
) ENGINE=InnoDB AUTO_INCREMENT=594 DEFAULT CHARSET=utf8mb4 COLLATE=utf8mb4_unicode_ci;
/*!40101 SET character_set_client = @saved_cs_client */;

LOCK TABLES `engine_mark` WRITE;
/*!40000 ALTER TABLE `engine_mark` DISABLE KEYS */;
INSERT INTO `engine_mark` VALUES (1,1,23),(2,2,23),(3,3,23),(4,4,23),(5,5,23),(6,6,23),(7,7,23),(8,8,23),(9,9,23),(10,10,23),(11,11,23),(12,12,23),(13,13,23),(14,14,23),(15,15,23),(16,16,23),(17,17,23),(18,18,16),(19,19,23),(20,20,23),(21,21,23),(22,22,23),(23,23,23),(24,24,23),(25,25,23),(26,26,23),(27,27,23),(28,28,23),(29,29,23),(30,30,23),(31,31,23),(32,32,23),(33,33,23),(34,34,16),(35,35,23),(36,36,16),(37,37,23),(38,38,23),(39,39,23),(40,40,23),(41,41,23),(42,42,23),(43,43,23),(44,44,23),(45,45,16),(46,46,16),(47,47,23),(48,48,17),(49,49,23),(50,50,17),(51,51,23),(52,52,23),(53,53,23),(54,54,23),(55,55,23),(56,56,16),(57,57,23),(58,58,14),(59,59,16),(60,60,23),(61,61,23),(62,62,17),(63,63,23),(64,64,23),(65,65,23),(66,66,16),(67,67,16),(68,68,23),(69,69,17),(70,70,23),(71,71,23),(72,72,23),(73,73,16),(74,74,16),(75,75,23),(76,76,16),(77,77,23),(78,78,16),(79,79,23),(80,80,16),(81,81,17),(82,82,23),(83,83,14),(84,84,23),(85,85,16),(86,86,16),(87,87,16),(88,88,23),(89,89,23),(90,90,23),(91,91,23),(92,92,16),(93,93,16),(94,94,16),(95,95,16),(96,96,16),(97,97,7),(98,98,23),(99,99,16),(100,100,16),(101,101,16),(102,102,23),(103,103,17),(104,104,23),(105,105,16),(106,106,16),(107,107,23),(108,108,7),(109,109,23),(110,110,16),(111,111,16),(112,112,16),(113,113,17),(114,114,17),(115,115,16),(116,116,16),(117,117,16),(118,118,23),(119,119,17),(120,120,16),(121,121,23),(122,122,16),(123,123,23),(124,124,7),(125,125,16),(126,126,16),(127,127,16),(128,128,23),(129,129,16),(130,130,23),(131,131,23),(132,132,23),(133,133,17),(134,134,17),(135,135,23),(136,136,17),(137,137,23),(138,138,17),(139,139,23),(140,140,23),(141,141,23),(142,142,23),(143,143,17),(144,144,7),(145,145,23),(146,146,14),(147,147,16),(148,148,21),(149,149,17),(150,150,23),(151,151,23),(152,152,23),(153,153,23),(154,154,23),(155,155,21),(156,156,16),(157,157,17),(158,158,23),(159,159,14),(160,160,7),(161,161,21),(162,162,16),(163,163,14),(164,164,17),(165,165,17),(166,166,23),(167,167,16),(168,168,17),(169,169,17),(170,170,21),(171,171,16),(172,172,16),(173,173,17),(174,174,17),(175,175,17),(176,176,21),(177,177,23),(178,178,16),(179,179,17),(180,180,21),(181,181,17),(182,182,23),(183,183,21),(184,184,16),(185,185,23),(186,186,17),(187,187,21),(188,188,17),(189,189,21),(190,190,14),(191,191,7),(192,192,23),(193,193,17),(194,194,23),(195,195,17),(196,196,17),(197,197,16),(198,198,14),(199,199,23),(200,200,21),(201,201,21),(202,202,23),(203,203,17),(204,204,21),(205,205,21),(206,206,23),(207,207,21),(208,208,16),(209,209,7),(210,210,17),(211,211,21),(212,212,21),(213,213,14),(214,214,7),(215,215,17),(216,216,17),(217,217,17),(218,218,14),(219,219,16),(220,220,16),(221,221,7),(222,222,16),(223,223,17),(224,224,14),(225,225,17),(226,226,21),(227,227,14),(228,228,14),(229,229,14),(230,230,23),(231,231,21),(232,232,14),(233,233,23),(234,234,23),(235,235,16),(236,236,21),(237,237,17),(238,238,17),(239,239,7),(240,240,14),(241,241,7),(242,242,17),(243,243,17),(244,244,7),(245,245,17),(246,246,8),(247,247,7),(248,248,14),(249,249,17),(250,250,7),(251,251,7),(252,252,17),(253,253,17),(254,254,17),(255,255,17),(256,256,16),(257,257,17),(258,258,16),(259,259,14),(260,260,17),(261,261,14),(262,262,17),(263,263,23),(264,264,17),(265,265,17),(266,266,7),(267,267,7),(268,268,23),(269,269,14),(270,270,16),(271,271,17),(272,272,7),(273,273,17),(274,274,17),(275,275,17),(276,276,23),(277,277,23),(278,278,7),(279,279,8),(280,280,17),(281,281,7),(282,282,7),(283,283,23),(284,284,7),(285,285,17),(286,286,17),(287,287,17),(288,288,17),(289,289,16),(290,290,17),(291,291,17),(292,292,7),(293,293,14),(294,294,14),(295,295,7),(296,296,21),(297,297,8),(298,298,17),(299,299,23),(300,300,17),(301,301,8),(302,302,14),(303,303,7),(304,304,17),(305,305,17),(306,306,7),(307,307,14),(308,308,17),(309,309,7),(310,310,14),(311,311,8),(312,312,8),(313,313,7),(314,314,16),(315,315,7),(316,316,7),(317,317,14),(318,318,14),(319,319,17),(320,320,8),(321,321,16),(322,322,8),(323,323,16),(324,324,16),(325,325,22),(326,326,8),(327,327,22),(328,328,23),(329,329,8),(330,330,8),(331,331,14),(332,332,17),(333,333,17),(334,334,23),(335,335,14),(336,336,17),(337,337,14),(338,338,21),(339,339,21),(340,340,17),(341,341,17),(342,342,17),(343,343,14),(344,344,17),(345,345,8),(346,346,8),(347,347,22),(348,348,21),(349,349,8),(350,350,5),(351,351,22),(352,352,5),(353,353,17),(354,354,14),(355,355,17),(356,356,8),(357,357,7),(358,358,7),(359,359,17),(360,360,7),(361,361,17),(362,362,8),(363,363,16),(364,364,16),(365,365,17),(366,366,17),(367,367,17),(368,368,8),(369,369,14),(370,370,14),(371,371,8),(372,372,8),(373,373,17),(374,374,14),(375,375,19),(376,376,22),(377,377,8),(378,378,14),(379,379,8),(380,380,8),(381,381,15),(382,382,15),(383,383,8),(384,384,22),(385,385,8),(386,386,8),(387,387,8),(388,388,21),(389,389,15),(390,390,19),(391,391,14),(392,392,21),(393,393,8),(394,394,23),(395,395,8),(396,396,8),(397,397,22),(398,398,23),(399,399,8),(400,400,8),(401,401,8),(402,402,7),(403,403,10),(404,404,8),(405,405,8),(406,406,8),(407,407,21),(408,408,21),(409,409,21),(410,410,8),(411,411,8),(412,412,17),(413,413,7),(414,414,10),(415,415,22),(416,416,15),(417,417,22),(418,418,8),(419,419,8),(420,420,14),(421,421,5),(422,422,23),(423,423,5),(424,424,15),(425,425,8),(426,426,8),(427,427,14),(428,428,14),(429,429,23),(430,430,5),(431,431,8),(432,432,15),(433,433,21),(434,434,8),(435,435,16),(436,436,8),(437,437,21),(438,438,8),(439,439,8),(440,440,17),(441,441,21),(442,442,17),(443,443,17),(444,444,16),(445,445,16),(446,446,10),(447,447,23),(448,448,8),(449,449,8),(450,450,8),(451,451,8),(452,452,22),(453,453,17),(454,454,21),(455,455,2),(456,456,19),(457,457,17),(458,458,8),(459,459,2),(460,460,21),(461,461,22),(462,462,10),(463,463,8),(464,464,21),(465,465,16),(466,466,8),(467,467,8),(468,468,5),(469,469,14),(470,470,21),(471,471,7),(472,472,3),(473,473,10),(474,474,17),(475,475,5),(476,476,8),(477,477,2),(478,478,25),(479,479,2),(480,480,16),(481,481,10),(482,482,18),(483,483,18),(484,484,5),(485,485,5),(486,486,25),(487,487,17),(488,488,16),(489,489,8),(490,490,8),(491,491,7),(492,492,25),(493,493,18),(494,494,5),(495,495,18),(496,496,21),(497,497,25),(498,498,25),(499,499,25),(500,500,7),(501,501,2),(502,502,25),(503,503,23),(504,504,18),(505,505,8),(506,506,8),(507,507,18),(508,508,10),(509,509,5),(510,510,18),(511,511,5),(512,512,3),(513,513,3),(514,514,5),(515,515,2),(516,516,2),(517,517,2),(518,518,2),(519,519,25),(520,520,16),(521,521,5),(522,522,8),(523,523,8),(524,524,8),(525,525,5),(526,526,6),(527,527,5),(528,528,7),(529,529,17),(530,530,5),(531,531,18),(532,532,18),(533,533,22),(534,534,22),(535,535,7),(536,536,17),(537,537,18),(538,538,18),(539,539,18),(540,540,16),(541,541,23),(542,542,23),(543,543,23),(544,544,8),(545,545,8),(546,546,8),(547,547,8),(548,548,8),(549,549,21),(550,550,19),(551,551,5),(552,552,5),(553,553,5),(554,554,5),(555,555,5),(556,556,5),(557,557,23),(558,558,7),(559,559,3),(560,560,3),(561,561,8),(562,562,8),(563,563,8),(564,564,25),(565,565,2),(566,566,2),(567,567,2),(568,568,2),(569,569,2),(570,570,2),(571,571,2),(572,572,2),(573,573,2),(574,574,2),(575,575,2),(576,576,2),(577,577,2),(578,578,2),(579,579,2),(580,580,2),(581,581,2),(582,582,2),(583,583,2),(584,584,2),(585,585,3),(586,586,3),(587,587,3),(588,588,3),(589,589,3),(590,590,3),(591,591,3),(592,592,3),(593,593,6);
/*!40000 ALTER TABLE `engine_mark` ENABLE KEYS */;
UNLOCK TABLES;
DROP TABLE IF EXISTS `engine_part`;
/*!40101 SET @saved_cs_client     = @@character_set_client */;
/*!40101 SET character_set_client = utf8 */;
CREATE TABLE `engine_part` (
  `id` bigint(20) unsigned NOT NULL AUTO_INCREMENT,
  `engine_id` bigint(20) unsigned NOT NULL,
  `part_id` bigint(20) unsigned NOT NULL,
  PRIMARY KEY (`id`),
  KEY `engine_part_engine_id_foreign` (`engine_id`),
  KEY `engine_part_part_id_foreign` (`part_id`),
  CONSTRAINT `engine_part_engine_id_foreign` FOREIGN KEY (`engine_id`) REFERENCES `engines` (`id`) ON DELETE CASCADE,
  CONSTRAINT `engine_part_part_id_foreign` FOREIGN KEY (`part_id`) REFERENCES `parts` (`id`) ON DELETE CASCADE
) ENGINE=InnoDB AUTO_INCREMENT=185 DEFAULT CHARSET=utf8mb4 COLLATE=utf8mb4_unicode_ci;
/*!40101 SET character_set_client = @saved_cs_client */;

LOCK TABLES `engine_part` WRITE;
/*!40000 ALTER TABLE `engine_part` DISABLE KEYS */;
/*!40000 ALTER TABLE `engine_part` ENABLE KEYS */;
UNLOCK TABLES;
DROP TABLE IF EXISTS `engines`;
/*!40101 SET @saved_cs_client     = @@character_set_client */;
/*!40101 SET character_set_client = utf8 */;
CREATE TABLE `engines` (
  `id` bigint(20) unsigned NOT NULL AUTO_INCREMENT,
  `number` bigint(20) unsigned NOT NULL,
  `name` varchar(255) COLLATE utf8mb4_unicode_ci DEFAULT NULL,
  `year` smallint(5) unsigned DEFAULT NULL,
  `year_to` smallint(5) unsigned DEFAULT NULL,
  PRIMARY KEY (`id`)
) ENGINE=InnoDB AUTO_INCREMENT=594 DEFAULT CHARSET=utf8mb4 COLLATE=utf8mb4_unicode_ci;
/*!40101 SET character_set_client = @saved_cs_client */;

LOCK TABLES `engines` WRITE;
/*!40000 ALTER TABLE `engines` DISABLE KEYS */;
INSERT INTO `engines` VALUES (1,0,'2AZ-FE 2.4 16v 02-06',2002,2006),(2,1,'2AZ-FE 2.4 16v 07-',2007,NULL),(3,2,'1MZ-FE VVTi 3.0 24v 02-07',2002,2007),(4,3,'2GR-FE 3.5 24v 06-',2006,NULL),(5,4,'1AZ-FE 2.0 16v 01-',2001,NULL),(6,5,'5S-FE 2.2 16v 97-01 катушка',1997,2001),(7,6,'3MZ-FE 3.3 24v 03-10',2003,2010),(8,7,'5S-FE 2.2 16v 90-96 трамблер',1990,1996),(9,8,'3S-FE 2.0 16v 91-96 трамблер',1991,1996),(10,9,'3S-FE 2.0 16v 97-01 катушка',1997,2001),(11,10,'1MZ-FE 3.0 24v 94-01',1994,2001),(12,11,'2AZ-FSE 2.4 16v 03- D4',2003,NULL),(13,12,'2AR-FE 2.5 16v 09-',2009,NULL),(14,13,'2MZ-FE 2.5 24v 98-01',1998,2001),(15,14,'4S-FE 1.8 16v 91-96 трамблер',1991,1996),(16,15,'2UZ-FE VVTi 4.7 32v 02-06',2002,2006),(17,16,'1AZ-FSE 2.0 16v 00- D4',2000,NULL),(18,17,'6G72 3.0 24v 96-02 SOHC вдоль',1996,2002),(19,18,'2UZ-FE 4.7 32v 98-02',1998,2002),(20,19,'2TR-FE 2.7 16v 09-',2009,NULL),(21,20,'2TR-FE 2.7 16v 03-08',2003,2008),(22,21,'4A-FE 1.6 16v 92-96 трамблер',1992,1996),(23,22,'4S-FE 1.8 16v 97-01 катушка',1997,2001),(24,23,'7A-FE 1.8 16v 93-96 трамблер',1993,1996),(25,24,'1ZZ-FE 1.8 16v 97-07',1997,2007),(26,25,'1GR-FE 4.0 24v 02-08',2002,2008),(27,26,'4A-FE 1.6 16v 97-01 катушка',1997,2001),(28,27,'1UZ-FE 4.0 32v 89-02',1989,2002),(29,28,'3MZ-FE 4.0 24v 03-10 HYBRID',2003,2010),(30,29,'7A-FE 1.8 16v 97-01 катушка',1997,2001),(31,30,'3ZZ-FE 1.6 16v 00-',2000,NULL),(32,31,'5A-FE 1.5 16v 91-95',1991,1995),(33,32,'3S-GE 2.0 16v 91-96',1991,1996),(34,33,'6G72 3.0 24v 06- SOHC вдоль',2006,NULL),(35,34,'2JZ-GE VVTi 3.0 24v 96-',1996,NULL),(36,35,'4G63 2.0 16v 92-96 SOHC',1992,1996),(37,36,'1GR-FE DUAL VVTi 4.0 24v 09-',2009,NULL),(38,37,'5VZ-FE 3.4 24v 95-04',1995,2004),(39,38,'4VZ-FE 2.5 24v 93-98',1993,1998),(40,39,'3RZ-FE 2.7 16v 03- катушка',2003,NULL),(41,40,'3VZ-FE 3.0 24v 91-96',1991,1996),(42,41,'1JZ-GE VVTi 2.5 24v 96-',1996,NULL),(43,42,'4ZZ-FE 1.4 16v 00-',2000,NULL),(44,43,'3RZ-FE 2.7 16v 95-02 трамблер',1995,2002),(45,44,'6G75 3.8 24v 03-',2003,NULL),(46,45,'6G74 3.5 24v 06- SOHC вдоль',2006,NULL),(47,46,'2TZ-FE 2.4 16v 90-00',1990,2000),(48,47,'VQ20DE 2.0 24v 94-98',1994,1998),(49,48,'2AR-FXE 2.5 16v 14- HYBRID',2014,NULL),(50,49,'VQ30DE 3.0 24v 94-98',1994,1998),(51,50,'3GR-FSE 3.0 24v 04-',2004,NULL),(52,51,'2GR-FSE 3.5 24v 06-',2006,NULL),(53,52,'3GR-FE 3.0 24v 04-',2004,NULL),(54,53,'4GR-FSE 2.5 24v 06-',2006,NULL),(55,54,'2JZ-GE 3.0 24v 93-95 трамблер',1993,1995),(56,55,'4G63 2.0 16v 97- SOHC',1997,NULL),(57,56,'3UR-FE 5.7 32v 07-',2007,NULL),(58,57,'FS-DE 2.0 16v 93-02',1993,2002),(59,58,'6G72 3.0 24v 96-02 SOHC трамблер',1996,2002),(60,59,'2UZ-FE II VVTi 4.7 32v 07-',2007,NULL),(61,60,'1JZ-GE 2.5 24v 90-96 трамблер',1990,1996),(62,61,'VQ25DE 2.5 24v 94-98',1994,1998),(63,62,'1AR-FE 2.7 16v 09-',2009,NULL),(64,63,'2ZR-FE 1.8 16v 07-',2007,NULL),(65,64,'3S-GE VVTi 2.0 16v 96-01',1996,2001),(66,65,'6G72 3.0 24v 91-96 DOHC',1991,1996),(67,66,'4G93 1.8 16v 92-96 SOHC',1992,1996),(68,67,'1ZR-FE 1.6 16v 07-',2007,NULL),(69,68,'VQ30DE II 3.0 24v 99-03',1999,2003),(70,69,'1JZ-GTE 2.5 24v 90-96 трамблер',1990,1996),(71,70,'3ZR-FE 2.0 16v 08-',2008,NULL),(72,71,'1KZ-TE 3.0 8v 95-03',1995,2003),(73,72,'6G72 3.0 24v 97-04 DOHC',1997,2004),(74,73,'4M40-T 2.8 8v 96-04',1996,2004),(75,74,'3ZR-FAE 2.0 16v 08-',2008,NULL),(76,75,'4G64 2.4 16v 97- SOHC',1997,NULL),(77,76,'3S-FSE 2.0 16v 97-01 D4',1997,2001),(78,77,'6G73 2.5 24v 97-04 DOHC',1997,2004),(79,78,'2ZR-FAE 1.8 16v 08-',2008,NULL),(80,79,'6G73 2.5 24v 91-96 DOHC',1991,1996),(81,80,'VQ20DE NEO 2.0 24v 99-03',1999,2003),(82,81,'1NZ-FE 1.5 16v 97-',1997,NULL),(83,82,'FP-DE 1.8 16v 93-02',1993,2002),(84,83,'2JZ-GTE 3.0 24v 93-95 трамблер',1993,1995),(85,84,'6G74 3.5 24v 91-95 DOHC вдоль',1991,1995),(86,85,'4D56-T 2.5 8v 86-92',1986,1992),(87,86,'4D56-TDi 2.5 8v 96-04',1996,2004),(88,87,'1UR-FSE 4.6 32v 07-',2007,NULL),(89,88,'1KZ-T 3.0 8v 89-95',1989,1995),(90,89,'4A-GE 1.6 20v 92-95',1992,1995),(91,90,'3VZ-E 3.0 12v 87-92',1987,1992),(92,91,'4D56-T 2.5 8v 92-95',1992,1995),(93,92,'6G72 3.0 12v 86-95 SOHC',1986,1995),(94,93,'6G72 3.0 12v 86-99 SOHC вдоль',1986,1999),(95,94,'4G69 2.4 16v 03- MIVEC',2003,NULL),(96,95,'6A13 2.5 98-03 SOHC',2003,NULL),(97,96,'F22B 2.2 16v 94-98',1994,1998),(98,97,'1JZ-FSE VVTi 2.5 24v 01- D4',2001,NULL),(99,98,'4G63 2.0 8v 86-91 вдоль',1986,1991),(100,99,'6G73 2.5 24v 97-04 SOHC трамблер',1997,2004),(101,100,'4G64 2.4 16v 94-98 SOHC',1994,1998),(102,101,'2JZ-FSE VVTi 3.0 24v 01- D4',2001,NULL),(103,102,'VQ25DE NEO 2.5 99-01',1999,2001),(104,103,'3UZ-FE VVTi 4.3 32v 00-14',2000,2014),(105,104,'4G64 2.4 16v 98-03 GDI',1998,2003),(106,105,'4G93 1.8 16v 97- SOHC',1997,NULL),(107,106,'2UR-GSE 5.0 32v 07-',2007,NULL),(108,107,'B20B 2.0 16v 97-01',1997,2001),(109,108,'2E 1.3 12v 85-98',1985,1998),(110,109,'4G63 2.0 16v 92-96 DONC',1992,1996),(111,110,'4G92 1.6 16v 92-96 SOHC',1992,1996),(112,111,'6G74 3.5 24v 03- GDI',2003,NULL),(113,112,'VQ35DE 3.5 24v 01-07',2001,2007),(114,113,'SR20DE 2.0 16v 90-02',1990,2002),(115,114,'4G63 2.0 8v 88-92',1988,1992),(116,115,'6A12 2.0 92-96',1992,1996),(117,116,'4G63-T 2.0 16v 92-96 DOHC',1992,1996),(118,117,'2ZR-FXE 1.8 16v 09- HYBRID',2009,NULL),(119,118,'VQ35DE 3.5 24v 97-02 вдоль',1997,2002),(120,119,'4G63 2.0 16v 97- DOHC',1997,NULL),(121,120,'2GR-FKS 3.5 24v 18-',2018,NULL),(122,121,'4G63-T 2.0 16v 97- DOHC',1997,NULL),(123,122,'3C-TE 2.2 8v 92-96',1992,1996),(124,123,'F23A 2.3 16v 98-02 VTEC',1998,2002),(125,124,'4G63 2.0 16v 88-92 DOHC',1988,1992),(126,125,'4G37 1.8 8v 88-91',1988,1991),(127,126,'6G72 3.0 24v 97-04 GDI',1997,2004),(128,127,'5E-FE 1.5 16v 91-96 трамблер',1991,1996),(129,128,'6G73 2.5 24v 97-04 GDI',1994,2004),(130,129,'2C-T 2.0 8v 92-96',1992,1996),(131,130,'1NR-FE 1.3 16v 08-',2008,NULL),(132,131,'2NZ-FE 1.3 16v 99-',1999,NULL),(133,132,'VQ23DE 2.3 24v 03-08',2003,2008),(134,133,'VQ35DE 3.5 24v 03-07 FX вдоль',2003,2007),(135,134,'1KD-FTV 2.0 16v 00-',2000,NULL),(136,135,'QR25DE 2.5 16v 01-',2001,NULL),(137,136,'1NZ-FXE 1.5 16v 97- HYBRID',1997,NULL),(138,137,'QR20DE 2.0 16v 00-12',2000,2012),(139,138,'6AR-FSE 2.0 16v 14-',2014,NULL),(140,139,'2L-TII 2.4 8v 89-95',1989,1995),(141,140,'2L-TE 2.4 8v 95-02',1995,2002),(142,141,'1FZ-FE 4.5 24v 93-07',1993,2007),(143,142,'VQ35DE II 3.5 24v 08-',2008,NULL),(144,143,'F20A 2.0 16v 92-97',1992,1997),(145,144,'2KD-FTV 2.5 16v 01-',2001,NULL),(146,145,'FE 2.0 8v 88-91 SOHC',1988,1991),(147,146,'4D68-T 2.0 8v 92-96',1992,1996),(148,147,'EJ25D 2.5 16v 96-99 DOHC Phase I',1996,1999),(149,148,'VQ35DE II 3.5 24v 03- вдоль',2003,NULL),(150,149,'1G-FE VVTi 2.0 24v 96-',1996,NULL),(151,150,'3C-E 2.2 8v 92-96',1992,1996),(152,151,'1G-FE 2.0 24v 90-95 трамблер',1990,1995),(153,152,'3L 2.8 8v 91-97',1991,1997),(154,153,'5E-FE 1.5 16v 97-01 катушка',1997,2001),(155,154,'EJ251 2.5 16v 99-05 SOHC Phase II',1999,2005),(156,155,'4G93 1.8 16v 98-05 GDI IO',1998,2005),(157,156,'GA16DE 1.6 16v 93-99',1993,1999),(158,157,'4E-FE 1.3 16v 92-96 трамблер',1992,1996),(159,158,'KL-DE 2.5 24v 93-97',1993,1997),(160,159,'F22B 2.2 16v 94-98 VTEC',1994,1998),(161,160,'EJ20E 2.0 16v 89-99 SOHC Phase I',1989,1999),(162,161,'4D56 2.5 16v CRDi 05-',2005,NULL),(163,162,'KF-DE 2.0 24v 93-99',1993,1999),(164,163,'VQ25DE II 2.5 24v 08-11',2008,2011),(165,164,'GA16DS 1.6 16v 90-93',1990,1993),(166,165,'1UR-FE 4.6 32v 07-',2007,NULL),(167,166,'4G13 1.3 16v 95-07',1995,2007),(168,167,'QG18DE VVT 1.6 16v черный 99-06',1999,2006),(169,168,'VQ40DE 4.0 24v 05-',2005,NULL),(170,169,'EJ253 VVTi 2.5 16v 06- Phase II',2006,NULL),(171,170,'4G93 1.8 16v 97-03 GDI',1997,2003),(172,171,'4G15 1.5 16v 95-07',1995,2007),(173,172,'QR25DE II 2.5 16v 07-',2007,NULL),(174,173,'VQ35DE II 3.5 24v 08- FX вдоль',2008,NULL),(175,174,'MR20DE 2.0 16v 07-',2007,NULL),(176,175,'EJ20D 2.0 16v 94-99 DOHC Phase I',1994,1999),(177,176,'3NR-FE 1.2 16v 08-',2008,NULL),(178,177,'4G18 1.6 16v 95-07',1995,2007),(179,178,'QG18DE VVT 1.8 16v белый 99-06',1999,2006),(180,179,'EJ22E 2.2 16v 90-97 SOHC Phase I',1990,1997),(181,180,'SR20Di 2.0 16v 91-95',1991,1995),(182,181,'4A-GE 1.6 20v 96-02',1996,2002),(183,182,'EJ18E 1.8 16v 91-96 SOHC Phase I',1991,1996),(184,183,'4G94 2.0 16v 98-05 GDI IO',1998,2005),(185,184,'3UR-FBE 5.7 32v 07-',2007,NULL),(186,185,'QG16DE 1.6 16v VVT 99-06',1999,2006),(187,186,'EJ16E 1.6 16v 93-99 SOHC Phase I',1993,1999),(188,187,'SR18DE 1.8 16v 90-02',1990,2002),(189,188,'EJ15E 1.5 16v 93-99 SOHC Phase I',1993,1999),(190,189,'FE 2.0 16v 88- DOHC',1988,NULL),(191,190,'K20A 2.0 16v 01- i-VTEC',2001,NULL),(192,191,'1HZ 4.2 12v 90-',1990,NULL),(193,192,'SR20DET 2.0 16v 90-02',1990,2002),(194,193,'2C-TE 2.0 8v 97-02',1997,2002),(195,194,'QG15DE 1.5 16v 99-03',1999,2003),(196,195,'VG33E 3.3 12v 96-04',1996,2004),(197,196,'4B11 2.0 16v 07-',2007,NULL),(198,197,'F2 2.2 12v 88-92',1988,1992),(199,198,'5L-E 3.0 8v 97-',1997,NULL),(200,199,'EJ201 2.0 16v 00-07 SONC Phase II',2000,2007),(201,200,'EJ203 2.0 16v 00- SONC Phase II',2000,NULL),(202,201,'4E-FE 1.3 16v 97-01 катушка',1997,2001),(203,202,'RD28T 2.8 8v 87-97',1987,1997),(204,203,'EJ255 2.5 16v 04- DONC Turbo Phase II',2004,NULL),(205,204,'EJ257 2.5 16v 04- DONC Turbo Phase II',2004,NULL),(206,205,'1HD-FT 4.2 12v 95-',1995,NULL),(207,206,'EJ204 2.0 16v 03- DONC Phase II',2003,NULL),(208,207,'4M41-T 3.2 16v 99-06',1999,2006),(209,208,'K24A 2.4 16v 02-06 i-VTEC RD',2002,2006),(210,209,'SR20DE 2.0 16v 94-98 вдоль',1994,1998),(211,210,'EJ20G 2.0 16v 94-99 DONC single turbo Phase I',1994,1999),(212,211,'EJ254 2.5 99-03 DOHC Phase II',1999,2003),(213,212,'BP-DE 1.8 16v 94-98',1994,1998),(214,213,'H22A 2.2 16v 92-96 VTEC',1992,1996),(215,214,'GA15DE 1.5 16v 95-99',1995,1999),(216,215,'RD28ETi 2.8 8v 97-',1997,NULL),(217,216,'QG15DE 1.5 16v VVT 03-06',2003,2006),(218,217,'AJ 3.0 24v 01-07',2001,2007),(219,218,'4B12 2.4 16v 07-',2007,NULL),(220,219,'6A13-TT 2.5 98-03 DOHC',1998,2003),(221,220,'H23A 2.3 16v 92-96 VTEC',1992,1996),(222,221,'4B10 1.8 16v 07-',2007,NULL),(223,222,'GA15DS 1.5 16v 90-93',1990,1993),(224,223,'ZL-DE 1.5 16v 99-03',1999,2003),(225,224,'ZD30DDTi 3.0 16v 97-07 Y61',1997,2007),(226,225,'EJ161 1.6 16v 99- SOHC Phase II',1999,NULL),(227,226,'B5-ME 1.5 16v 91-99 SOHC',1991,1999),(228,227,'B3 1.3 16v 91-99 SOHC',1991,1999),(229,228,'KJ-ZEM 2.3 24v 95-98',1995,1998),(230,229,'1HD-FTE 4.2 24v 98-',1998,NULL),(231,230,'EJ181 1.8 16v 99- SOHC Phase II',1999,NULL),(232,231,'B6-DE 1.6 16v 97-03',1997,2003),(233,232,'2ZZ-GE 1.8 16v 99-06',1999,2006),(234,233,'3C-TE 2.2 8v 96-02',1996,2002),(235,234,'4D65-T 1.8 8v 88-92',1988,1992),(236,235,'EJ151 1.5 16v 99- SOHC Phase II',1999,NULL),(237,236,'VK56DE 5.6 32v 04-10',2004,2010),(238,237,'TB42E 4.2 12v 92-',1992,NULL),(239,238,'J30A1 3.0 24v 97-03',1997,2003),(240,239,'LF-DE 2.0 16v 02-',2002,NULL),(241,240,'K24A 2.4 16v 03-08 i-VTEC',2003,2008),(242,241,'VG30E 3.0 12v J30 88-94',1988,1994),(243,242,'VQ37VHR 3.7 24v 08- вдоль',2008,NULL),(244,243,'G25A 2.5 20v 92-97',1992,1997),(245,244,'HR15DE 1.6 16v 06-',2006,NULL),(246,245,'G6BA 2.7 24v 00-06 DELTA',2000,2006),(247,246,'G20A 2.0 20v 93-97',1993,1997),(248,247,'L3-DE 2.3 16v 03-',2003,NULL),(249,248,'YD25DDTi 2.5 05- вдоль',2005,NULL),(250,249,'K24A 2.4 16v 07- i-VTEC RE',2007,NULL),(251,250,'K24Z4 2.4 16v 07- i-VTEC RE',2007,NULL),(252,251,'RD28 2.8 8v 93-96',1993,1996),(253,252,'HR16DE II 1.6 16v 07-',2007,NULL),(254,253,'ZD30DDTi 3.0 16v 97-02 R20',1997,2002),(255,254,'TD27ETi 2.7 8v 95-',1995,NULL),(256,255,'4G15 1.5 12v 89-95',1989,1995),(257,256,'TD27T 2.7 8v 88-95',1988,1995),(258,257,'4G15 1.5 8v 89-95',1989,1995),(259,258,'L3-VE II 2.3 16v 03-',2003,NULL),(260,259,'QR25DE III 2.5 16v 13-',2013,NULL),(261,260,'LF-VE II 2.0 16v 02-',2002,NULL),(262,261,'YD22DDTi 2.2 16v 01-05',2001,2005),(263,262,'1CD-FTV 2.0 16v 00-06',2000,2006),(264,263,'YD25DDTi NEO Di 2.5 16v 98-01',1998,2001),(265,264,'VK45DE 4.5 32v 03-08',2003,2008),(266,265,'D16A 1.6 16v 92-96',1992,1996),(267,266,'J35A 3.5 24v 99-08',1999,2008),(268,267,'1VD-FTV 4.5 32v 07-',2007,NULL),(269,268,'Z5-DE 1.5 16v 95-98',1995,1998),(270,269,'4G13 1.3 8v 88-95',1988,1995),(271,270,'VK56VD 5.6 32v 10-',2010,NULL),(272,271,'D15B 1.5 16v 91-96',1991,1996),(273,272,'MR16DDT 1.6 16v 11-',2011,NULL),(274,273,'HR16DE I 1.6 16v 04-',2004,NULL),(275,274,'YD25DDT 2.5 16v 01- вдоль',2001,NULL),(276,275,'1ND-TV 1.4 16v 01-',2001,NULL),(277,276,'2AD 2.2 16v 05-',2005,NULL),(278,277,'D13B 1.3 16v 91-99',1991,1999),(279,278,'D4BF-T 2.5 8v 97-07',1997,2007),(280,279,'KA24E 2.4 12v 90-96 вдоль',1990,1996),(281,280,'K24Z3 2.4 16v 08-12 i-VTEC',2008,2012),(282,281,'R20A2 2.0 16v 06- i-VTEC',2006,NULL),(283,282,'4ZR-FE 1.6 16v 08-',2008,NULL),(284,283,'J30A5 3.0 24v 03-07',2003,2007),(285,284,'CG13DE 1.3 16v 92-02',1992,2002),(286,285,'CG10DE 1.0 16v 92-02',1992,2002),(287,286,'KA24DE 2.4 16v 97-01',1997,2001),(288,287,'RD28E 2.8 8v 99-01',1999,2001),(289,288,'4G93 1.8 16v 97- SOHС',1997,NULL),(290,289,'QD32ETi 3.2 8v 96-',1996,NULL),(291,290,'CR14DE 1.4 16v 02-',2002,NULL),(292,291,'J32A 3.2 24v 98-08',1998,2008),(293,292,'RF-T 2.0 16v CRDi 98-',1998,NULL),(294,293,'L8-VE II 1.8 16v 02-12',2002,2012),(295,294,'J25A 2.5 24v 98-03',1998,2003),(296,295,'EL15 1.5 16v 06-',2006,NULL),(297,296,'G4FD GDI 1.6 16v 10- GAMMA II',2010,NULL),(298,297,'KA24E 2.4 12v 88-96',1988,1996),(299,298,'8AR-FTS 2.0 16v 15-',2015,NULL),(300,299,'CR12DE 1.2 16v 02-',2002,NULL),(301,300,'G4FC 1.6 16v 10- GAMMA II',2010,NULL),(302,301,'LF-VD 2.0 16v 02-',2002,NULL),(303,302,'K24Z6 2.4 16v 12- i-VTEC RM',2012,NULL),(304,303,'VG30E 3.0 12v 90-95',1990,1995),(305,304,'TD42Ti 4.2 8v 87-97',1987,1997),(306,305,'J35Z1 3.5 24v 06-08',2006,2008),(307,306,'L3-VDT 2.3 06-12',2006,2012),(308,307,'KA24DE 2.4 16v 93-99 вдоль',1993,1999),(309,308,'R18A 1.8 16v 06- i-VTEC',2006,NULL),(310,309,'GY 2.5 24v 99-01',1999,2001),(311,310,'D4BH-T 2.5 8v 97-07',1997,2007),(312,311,'G4FA 1.4 16v 10- GAMMA II',2010,NULL),(313,312,'D17A 1.7 16v 01-05 VTEC',2001,2005),(314,313,'4A91 1.5 16v 04-',2004,NULL),(315,314,'K24W 2.4 16v 13- CR',2013,NULL),(316,315,'R20A9 2.0 16v 12- i-VTEC',2012,NULL),(317,316,'L8-DE 1.8 16v 02-12',2002,2012),(318,317,'L5-VE 2.5 16v 08-12',2008,2012),(319,318,'CD20 2.0 8v 92-95',1992,1995),(320,319,'G4CP 2.0 16v 88-98 DOHC SIRIUS',1988,1998),(321,320,'4A90 1.3 16v 04-',2004,NULL),(322,321,'G4CN 1.8 16v 92-98 DOHC SIRIUS',1992,1998),(323,322,'6B31 3.0 24v 06-',2006,NULL),(324,323,'4A92 1.6 16v 10-',2010,NULL),(325,324,'H27A 2.7 24v 00-08',2000,2008),(326,325,'G4CP 2.0 8v 88-98 SOHC SIRIUS',1988,1998),(327,326,'H25A 2.5 24v 97-05',1997,2005),(328,327,'1GD-FTV 2.8 16v 15-',2015,NULL),(329,328,'G4CN 1.8 8v 92-98 SOHC SIRIUS',1992,1998),(330,329,'G4FG 1.6 16v 10- GAMMA II',2010,NULL),(331,330,'WL-T 2.5 8v 89-',1989,NULL),(332,331,'CA20E 2.0 8v 82-91',1982,1991),(333,332,'RB25DET 2.5 24v 93-02',1993,2002),(334,333,'2GD-FTV 2.4 16v 15-',2015,NULL),(335,334,'RF 2.0 8v 89- BONGO',1989,NULL),(336,335,'CD20T 2.0 8v 96-02',1996,2002),(337,336,'RF-T 2.0 8v 89- BONGO',1989,NULL),(338,337,'EZ30D 3.0 24v 00-03 DOHC aluminium',2000,2003),(339,338,'EZ30D 3.0 24v 03-09 DOHC plastic',2003,2009),(340,339,'RB20DET 2.0 24v 93-02',1993,2002),(341,340,'CD20T 2.0 8v 91-96 вдоль',1991,1996),(342,341,'CD20E 2.0 8v 98-01',1998,2001),(343,342,'R2 2.2 8v 89- BONGO',1989,NULL),(344,343,'CD20ET 2.0 8v 97-99 вдоль',1997,1999),(345,344,'G4KD 2.0 16v 07- THETA II',2007,NULL),(346,345,'G4KE 2.4 16v 07- THETA II',2007,NULL),(347,346,'H20A 2.0 24v 91-99',1991,1999),(348,347,'EZ36D 3.3 24v 10- DOHC',2010,NULL),(349,348,'G4FC 1.6 16v 07-09 GAMMA I',2007,2009),(350,349,'F16D4 1.6 16v 09-',2009,NULL),(351,350,'J20A 2.0 16v 98-',1998,NULL),(352,351,'F18D4 1.8 16v 09-',2009,NULL),(353,352,'LD20-T II 85-94',1985,1994),(354,353,'ZY-VE 1.5 16v 02-14',2002,2014),(355,354,'LD20 II 85-94',1985,1994),(356,355,'G4NA 2.0 16v 12- NU',2012,NULL),(357,356,'L15A 1.5 8v 01- 4plug',2001,NULL),(358,357,'L13A 1.3 8v 01- 4plug',2001,NULL),(359,358,'Z24i 2.4 8v 86-89',1986,1989),(360,359,'J35Z4 3.5 24v 09-14',2009,2014),(361,360,'TB45E 4.2 12v 97-',1997,NULL),(362,361,'G4NB 1.8 16v 11- NU',2011,NULL),(363,362,'4J11 2.0 16v 13-',2013,NULL),(364,363,'4J12 2.4 16v 13-',2013,NULL),(365,364,'TB48DE 4.2 24v 01-',2001,NULL),(366,365,'TD27ETi 2.7 8v 95-99',1995,1999),(367,366,'RD28E 2.8 8v 95-99',1995,1999),(368,367,'D4CB CRDI EURO4 07-12',2007,2012),(369,368,'ZM-DE 1.6 16v 03-09',2003,2009),(370,369,'ZJ-VE 1.3 16v 03-',2003,NULL),(371,370,'G4FJ-TT GDI 1.6 16v 10- GAMMA II',2010,NULL),(372,371,'G4LC 1.4 16v 17- GAMMA II',2017,NULL),(373,372,'VQ35DE II 3.5 24v 08- вдоль',2008,NULL),(374,373,'JE 3.0 8v 89-98 SOHC',1989,1998),(375,374,'K4M 1.6 16v 06- DOHC',2006,NULL),(376,375,'J24B 2.4 16v 06-',2006,NULL),(377,376,'G4KC 2.4 16v 04- THETA I',2004,NULL),(378,377,'YF 2.0 16v 01-05 DONC',2001,2005),(379,378,'G4KA 2.0 16v 04- THETA I',2004,NULL),(380,379,'D4CB CRDI EURO3 02-06',2002,2006),(381,380,'M112 3.2 18v 97-',1997,NULL),(382,381,'M113 5.0 18v 98-',1998,NULL),(383,382,'G4KH 2.0 turbo GDI 16v 10- THETA II',2010,NULL),(384,383,'J20B 2.0 16v 10-',2010,NULL),(385,384,'L4KA 2.0 16v 04-10 THETA I',2004,2010),(386,385,'G4KL 2.0 16v 17- THETA II',2017,NULL),(387,386,'G6CT 3.0 24v 99-05 SIGMA',1999,2005),(388,387,'FB20B 2.0 16v 11- DONC',2011,NULL),(389,388,'M104 24v 89-',1989,NULL),(390,389,'F4R 2.0 16v 07- DONC',2007,NULL),(391,390,'DURATEC 35 /CA 3.7 24v 06- DOHC',2006,NULL),(392,391,'FB25B 2.5 16v 11- DONC',2011,NULL),(393,392,'G4GC 2.0 05- 16v BETA II',2005,NULL),(394,393,'A25A-FKS 2.5 16v 17-',2017,NULL),(395,394,'D4FB 1.6 16v 10- дизель',2010,NULL),(396,395,'D4FC 1.4 16v 10- дизель',2010,NULL),(397,396,'G16B 1.6 16v 98-05',1998,2005),(398,397,'2SZ-FE 1.3 16v 99-05',1999,2005),(399,398,'G4KG 2.4 16v 07- THETA II',2007,NULL),(400,399,'G6DB 3.3 (4 sensor) 24v 06-10 LAMBDA II',2006,2010),(401,400,'G6EA 2.7 24v 07-09 MU',2007,2009),(402,401,'L15A 1.5 16v 01- 8plug',2001,NULL),(403,402,'4JG2-T 3.1 8v 87-98',1987,1998),(404,403,'G4NC 2.0 GDI 16v 12- NU',2012,NULL),(405,404,'G4JS 2.4 16v 98-07 SIRIUS',1998,2007),(406,405,'G4JP 2.0 16v 98-11 SIRIUS',1998,2011),(407,406,'EJ205 2.0 16v 98-07 DOHC',1998,2007),(408,407,'EJ206 2.0 16v 98-03 DOHC TWIN TURBO',1998,2003),(409,408,'EJ208 2.0 16v 98-03 DOHC TWIN TURBO',1998,2003),(410,409,'G4KJ-TT GDI 2.4 16v 09- THETA II',2009,NULL),(411,410,'G6DC 3.5 24v (4 sensor) 10- LAMBDA II',2010,NULL),(412,411,'LD23 2.3 8v 95-',1995,NULL),(413,412,'L13A 1.3 16v 01- 8plug',2001,NULL),(414,413,'4JB1-T 2.8 8v 87-98',1987,1998),(415,414,'M16A 1.6 16v 03- VVT',2003,NULL),(416,415,'M111 2.3 16v 92-',1992,NULL),(417,416,'G16A 1.6 16v 88-94 SOHC трамблер',1988,1994),(418,417,'G4ED 1.6 16v 00-03 PHASE I ALPHA II',2000,2003),(419,418,'G6DB 3.3 (2 sensor) 24v 05-09 LAMBDA I',2005,2009),(420,419,'DURATEC 35 /CY 3.5 24v 06- DOHC',2006,NULL),(421,420,'Z24SED 2.4 16v 06-',2006,NULL),(422,421,'1KR-FE 1.0 12v 04-',2004,NULL),(423,422,'G15MF 1.5 8v 94-02 SONC',1994,2002),(424,423,'M111 1.8 16v 92-',1992,NULL),(425,424,'G4ED 1.6 16v 03-06 PHASE II ALPHA II',2003,2006),(426,425,'G4LA 1.4 16v 11- KAPPA II',2011,NULL),(427,426,'PE-VPS 2.0 16v 12-',2012,NULL),(428,427,'PY-VPS 2.5 16v 13-',2013,NULL),(429,428,'1SZ-FE 1.0 16v 99-05',1999,2005),(430,429,'F14D4 1.4 16v 07-',2007,NULL),(431,430,'D4FD 1.7 16v 10- дизель',2010,NULL),(432,431,'M111 2.0 16v 92-',1992,NULL),(433,432,'FA20F 2.0 16v 12- DOHC turbo',2012,NULL),(434,433,'G4GF 2.0 16v 96-01 BETA',1996,2001),(435,434,'4G64 2.4 16v 97-02 DONC',1997,2002),(436,435,'D4EA-T 2.0 16v 94- U',1994,NULL),(437,436,'FB16E 1.6 12- DOHC',2012,NULL),(438,437,'G3LA 1.0 12v 11- KAPPA II',2011,NULL),(439,438,'G4LA 1.25 16v 11- KAPPA II',2011,NULL),(440,439,'VQ25HR 2.5 24v 06-',2006,NULL),(441,440,'EE20 2.0 09- дизель',2009,NULL),(442,441,'ZD30DDTi 3.0 16v 99-04 COMMON RAIL Y61',1999,2004),(443,442,'SR20DET 2.0 16v 91-01',1991,2001),(444,443,'4G93 1.8 16v 97- DOHC',1997,NULL),(445,444,'4G64 2.4 8v 86-96',1986,1996),(446,445,'4JX1-T 3.0 16v 98-02 DONC',1998,2002),(447,446,'1UR-GSE 4.6 32v 07-',2007,NULL),(448,447,'G6CU 3.5 24v 01-07 SIGMA',2001,2007),(449,448,'G6AU 3.5 24v 92-07 SIGMA',1992,2007),(450,449,'G6HC 3.5 24v 00-07 SIGMA',2000,2007),(451,450,'G4GB 1.8 16v 00-10 BETA',2000,2010),(452,451,'M15A 1.5 16v 03- VVT',2003,NULL),(453,452,'HR16DE II 1.6 16v 07- DOHC',2007,NULL),(454,453,'EJ20D 2.0 16v 90-93 DOHC Phase I',1990,1993),(455,454,'AGA 2.4 30v 97-',1997,NULL),(456,455,'K4J 1.4 16v 06- DONC',2006,NULL),(457,456,'QG13DE 1.3 16v 98-12',1998,2012),(458,457,'D4CB CRDI EURO4 12-',2012,NULL),(459,458,'ACK 2.8 30v 96-',1996,NULL),(460,459,'EJ20T 2.0 16v 97-15',1997,2015),(461,460,'M13A 1.3 16v 00- VVT',2000,NULL),(462,461,'6VE1 3.5 24v 98-04 DONC',1998,2004),(463,462,'G6DA 3.8 24v (4 sensor) 09- LAMBDA II',2009,NULL),(464,463,'FB16F 1.6 16v 14- DOHC turbo',2014,NULL),(465,464,'4G92 1.6 16v 97- SOHC',1997,NULL),(466,465,'G6BV 2.5 24v 00-06 DELTA',2000,2006),(467,466,'G4EE 1.4 16v 05-11 ALPHA II',2005,2011),(468,467,'A08S3 0.8 6v S-TEC 05-15',2005,2015),(469,468,'F-P5 1.5 16v 14-',2014,NULL),(470,469,'EJ207 2.0 16v 98- DOHC TURBO',1998,NULL),(471,470,'D15 1.5 8v 84-06',1984,2006),(472,471,'M52 24v 94-01',1994,2001),(473,472,'6VD1 3.2 24v 93-97 SONC',1993,1997),(474,473,'QG18DD 1.8 16v 99-07',1999,2007),(475,474,'A15MF 1.5 16v E-TEC II 02- DONC',2002,NULL),(476,475,'G6DA 3.8 (2 sensor) 24v 06-12 LAMBDA I',2006,2012),(477,476,'APU 1.8 20v 99-',1999,NULL),(478,477,'APT 1.8 20v 96-',1996,NULL),(479,478,'AGN 1.8 20v 97-',1997,NULL),(480,479,'4D56-TDi 2.5 8v 86-92',1986,1992),(481,480,'4JK1 2.5 16v 16- DONC',2016,NULL),(482,481,'C20NE 2.0 8v 89-',1989,NULL),(483,482,'C18NE 1.8 8v 89-',1989,NULL),(484,483,'X20D1 2.0 20v 06-11',2006,2011),(485,484,'X25D1 2.5 20v 06-11',2006,2011),(486,485,'AAA 2.8 12v 91-',1991,NULL),(487,486,'TD42Ti 4.2 8v 98-',1998,NULL),(488,487,'4M42-T 3.0 16v 06-',2006,NULL),(489,488,'G4GM 1.8 16v 95-03 BETA',1995,2003),(490,489,'K5M 2.5 24v 02-05',2002,2005),(491,490,'D14Z5 1.4 16v 01-05',2001,2005),(492,491,'AAB 2.4 10v 90-',1990,NULL),(493,492,'C20NED 2.0 16v 97-02 DONC',1997,2002),(494,493,'X20SED 2.0 16v 97-02 DONC',1997,2002),(495,494,'C18NED 1.8 16v 97-02 DONC',1997,2002),(496,495,'FB20D 2.0 16v 17- DOHC',2017,NULL),(497,496,'CFNA 1.6 16v 10-',2010,NULL),(498,497,'BLF 1.6 16v 00-',2000,NULL),(499,498,'ADZ 1.8 8v 91-',1991,NULL),(500,499,'C32A 91-98',1991,1998),(501,500,'ADR 1.8 20v 96-',1996,NULL),(502,501,'AEB 1.8 20v 99-',1999,NULL),(503,502,'3S-GTE 2.0 16v 91-96',1991,1996),(504,503,'Z22SE 2.2 16v 96-',1996,NULL),(505,504,'G4EA 1.3 16v 94-99 ALPHA II',1994,1999),(506,505,'G4FK 1.5 16v 94-99 ALPHA II',1994,1999),(507,506,'X18XE 1.8 16v 94- ECOTEC',1994,NULL),(508,507,'6VD1 3.2 24v 91-98 DOHC',1991,1998),(509,508,'F8CV 0.8 6v 97-16',1997,2016),(510,509,'20NEJ 2.0 16v 95-98',1995,1998),(511,510,'Z24XE 2.4 16v 06-11',2006,2011),(512,511,'M50 24v 90-96',1990,1996),(513,512,'M43 8v 93-02',1993,2002),(514,513,'F16D3 16v E-TEC II 02- DOHC',2002,NULL),(515,514,'ABC 2.6 12v 91-',1991,NULL),(516,515,'AAH 2.8 12v 91-',1991,NULL),(517,516,'AMX 2.8 30v 00-',2000,NULL),(518,517,'AAR 2.3 10v 88-',1988,NULL),(519,518,'AXB 1.9T 8v 03-',2003,NULL),(520,519,'4N15 2.4 16v 10- turbo',2010,NULL),(521,520,'A15SMS 8v E-TEC 08-16 SONC',2008,2016),(522,521,'J3-T Tdi 2.9 16v 98-06',1998,2006),(523,522,'J3-T CRDi 2.9 16v 06-14',2006,2014),(524,523,'J3-T CRDi 2.9 16v 01-07 вдоль',2001,2007),(525,524,'L91 1.6 16v E-TEC II 02-DONC',2002,NULL),(526,525,'NGA 2.0 16v 93-00',1993,2000),(527,526,'A18DMS 1.8 16v 00-',2000,NULL),(528,527,'F18D2 1.8 16v 00-',2000,NULL),(529,528,'CD17 1.7 8v 92-95',1992,1995),(530,529,'A16XER 1.6 16v 08- ECOTEC',2008,NULL),(531,530,'Z18 1.8 16v 99-',1999,NULL),(532,531,'A18 1.8 16v 05-',2005,NULL),(533,532,'G15A 1.5 16v 97- SOHC',1997,NULL),(534,533,'G16A 1.5 16v 97- SOHC',1997,NULL),(535,534,'ZC 1.6 16v 93-',1993,NULL),(536,535,'GA14DS 1.4 16V 80-00',1980,2000),(537,536,'A14XER 1.4 16v 09- ECOTEC',2009,NULL),(538,537,'A14XEL 1.4 16v 10- ECOFLEX',2010,NULL),(539,538,'X20XEV 2.0 16v 94- ECOTEC',1994,NULL),(540,539,'4N13 1.8 16v 10-15',2010,2015),(541,540,'2ZR-FBE 1.8 16v 12-',2012,NULL),(542,541,'3ZR-FBE 2.0 16v 13-',2013,NULL),(543,542,'M20A-FKS 2.0 16v 18-',2018,NULL),(544,543,'G6DG 3.0 24v GDI (4 sensor) 12- LAMBDA II',2012,NULL),(545,544,'G6DH 3.3 24v GDI (4 sensor) 12- LAMBDA II',2012,NULL),(546,545,'G6DJ 3.8 24v GDI (4 sensor) 13- LAMBDA II',2013,NULL),(547,546,'D4FA 1.5 16v 10- дизель',2010,NULL),(548,547,'G6EN 3.0 24v CRDI S 08-',2008,NULL),(549,548,'FA24F 2.4 16v 19- DOHC turbo',2019,NULL),(550,549,'H4M /HR16DE 1.6 16v 15-',2015,NULL),(551,550,'LE5 2.4 16v 08-',2008,NULL),(552,551,'LAF 2.4 16v 11-14',2011,2014),(553,552,'LE9 2.4 16v 10-',2010,NULL),(554,553,'LF1 3.0 24v 10-',2010,NULL),(555,554,'B15D2 1.5 16v 13- DONC S-TEC III',2013,NULL),(556,555,'LMU 1.2 16v 09- DONC',2009,NULL),(557,556,'3C-TE 2.2 8v 93-99',1993,1999),(558,557,'J37A1 3.7 24v 06-13',2006,2013),(559,558,'M20 12v 83-91',1983,1991),(560,559,'M40 8v 87-93',1987,1993),(561,560,'G4KG 2.4 16v THETA II\nвдоль',2007,NULL),(562,561,'L4KAA 2.0 16v THETA I',2004,2010),(563,562,'G6CU 3.5 24v 01-07 SIGMA вдоль',2001,2007),(564,563,'2E 2.0 8v 91-97',1991,1997),(565,564,'AVU 1.6 8v 97-',1997,NULL),(566,565,'BFQ 1.6 8v 97-',1997,NULL),(567,566,'AUM 1.8 20v 97-',1997,NULL),(568,567,'AZJ 2.0 8v 97-',1997,NULL),(569,568,'APK 2.0 8v 97-',1997,NULL),(570,569,'ALT 2.0 20v 01-',2001,NULL),(571,570,'SF 1.8 8v 86-90',1986,1990),(572,571,'3A 2.0 8v 86-90',1986,1990),(573,572,'ABK 2.0 8v 91-95',1991,1995),(574,573,'ASN 3.0 30v 01-04',2001,2004),(575,574,'BDW 2.4 24v 04-08',2004,2008),(576,575,'AUK 3.2 24v 04-10',2004,2010),(577,576,'CDNB 2.0 16v 10-14',2010,2014),(578,577,'CHVA 2.8 24v 10-14',2010,2014),(579,578,'CGWD 3.0 24v 10-14',2010,2014),(580,579,'AUX 4.2 40v 98-02',1998,2002),(581,580,'BGK 4.2 40v 02-05',2002,2005),(582,581,'ARE 2.7 30v 01-05',2001,2005),(583,582,'BHK 3.6 24v 06-09',2006,2009),(584,583,'BAR 4.2 32v 06-09',2006,2009),(585,584,'M54 24v 00-05',2000,2005),(586,585,'M62 32v 95-04',1995,2004),(587,586,'N52 24v 03-07',2003,2007),(588,587,'N62 32v 03-10',2003,2010),(589,588,'N53 24v 07-10',2007,2010),(590,589,'M60 32v 94-98',1994,1998),(591,590,'N55 24v 09-14',2009,2014),(592,591,'N63 32v 09-14',2009,2014),(593,592,'CJBB 2.0 16v 00-07',2000,2007);
/*!40000 ALTER TABLE `engines` ENABLE KEYS */;
UNLOCK TABLES;
DROP TABLE IF EXISTS `favourites`;
/*!40101 SET @saved_cs_client     = @@character_set_client */;
/*!40101 SET character_set_client = utf8 */;
CREATE TABLE `favourites` (
  `id` bigint(20) unsigned NOT NULL AUTO_INCREMENT,
  `part_id` bigint(20) unsigned NOT NULL,
  `user_id` bigint(20) unsigned NOT NULL,
  PRIMARY KEY (`id`),
  KEY `favourites_part_id_foreign` (`part_id`),
  KEY `favourites_user_id_foreign` (`user_id`),
  CONSTRAINT `favourites_part_id_foreign` FOREIGN KEY (`part_id`) REFERENCES `parts` (`id`) ON DELETE CASCADE,
  CONSTRAINT `favourites_user_id_foreign` FOREIGN KEY (`user_id`) REFERENCES `users` (`id`) ON DELETE CASCADE
) ENGINE=InnoDB AUTO_INCREMENT=38 DEFAULT CHARSET=utf8mb4 COLLATE=utf8mb4_unicode_ci;
/*!40101 SET character_set_client = @saved_cs_client */;

LOCK TABLES `favourites` WRITE;
/*!40000 ALTER TABLE `favourites` DISABLE KEYS */;
/*!40000 ALTER TABLE `favourites` ENABLE KEYS */;
UNLOCK TABLES;
DROP TABLE IF EXISTS `filters`;
/*!40101 SET @saved_cs_client     = @@character_set_client */;
/*!40101 SET character_set_client = utf8 */;
CREATE TABLE `filters` (
  `id` int(10) unsigned NOT NULL AUTO_INCREMENT,
  `title` varchar(255) COLLATE utf8mb4_unicode_ci DEFAULT NULL,
  `group_id` int(10) unsigned DEFAULT NULL,
  `sort` int(10) unsigned NOT NULL DEFAULT '0',
  `active` tinyint(1) NOT NULL DEFAULT '1',
  `created_at` timestamp NULL DEFAULT NULL,
  `updated_at` timestamp NULL DEFAULT NULL,
  PRIMARY KEY (`id`),
  KEY `filters_group_id_foreign` (`group_id`),
  CONSTRAINT `filters_group_id_foreign` FOREIGN KEY (`group_id`) REFERENCES `groups` (`id`) ON DELETE CASCADE
) ENGINE=InnoDB AUTO_INCREMENT=33 DEFAULT CHARSET=utf8mb4 COLLATE=utf8mb4_unicode_ci;
/*!40101 SET character_set_client = @saved_cs_client */;

LOCK TABLES `filters` WRITE;
/*!40000 ALTER TABLE `filters` DISABLE KEYS */;
INSERT INTO `filters` VALUES (1,'Вкладыши',NULL,1,1,'2019-10-08 15:26:34','2019-12-13 09:57:49'),(4,'Цепи',NULL,3,1,'2019-10-08 16:42:28','2019-12-13 09:58:23'),(6,'Натяжители',NULL,2,1,'2019-10-08 17:16:36','2019-12-13 12:11:40'),(7,'Filter',1,3,1,'2019-12-04 12:38:41','2019-12-04 12:38:41'),(8,'Filter',2,3,1,'2019-12-04 12:39:07','2019-12-04 12:39:07'),(9,'Ролики',NULL,3,1,'2019-12-14 05:38:33','2019-12-14 05:38:33'),(10,'Насос масляный',NULL,3,1,'2019-12-14 05:49:49','2019-12-14 05:49:49'),(11,'Ремень',NULL,3,1,'2019-12-14 05:58:21','2019-12-14 05:58:21'),(12,'Поршень(комплект)',NULL,3,1,'2019-12-14 06:02:49','2019-12-14 06:02:49'),(13,'Втулка стабилизатора',NULL,3,1,'2019-12-14 06:21:14','2019-12-14 06:21:14'),(14,'Генератор',NULL,3,1,'2019-12-14 06:24:00','2019-12-14 06:24:00'),(15,'Гидронатяжитель',NULL,3,1,'2019-12-14 06:27:30','2019-12-14 06:27:30'),(16,'Головка блока',NULL,3,1,'2019-12-14 06:31:47','2019-12-14 06:31:47'),(17,'ГУР насос',NULL,3,1,'2019-12-14 06:34:43','2019-12-14 06:34:43'),(18,'Датчики',NULL,3,1,'2019-12-14 06:36:33','2019-12-14 06:36:33'),(19,'Диски тормозные',NULL,3,1,'2019-12-14 06:42:05','2019-12-14 06:42:05'),(20,'Клапан двигателя',NULL,3,1,'2019-12-14 07:55:16','2019-12-14 07:55:16'),(21,'Колодки тормозные',NULL,3,1,'2019-12-14 07:56:17','2019-12-14 07:56:17'),(22,'Крестовина',NULL,3,1,'2019-12-14 07:57:38','2019-12-14 07:57:38'),(23,'Патрубок системы охлаждения',NULL,3,1,'2019-12-14 08:01:17','2019-12-14 08:01:17'),(24,'Прокладка',NULL,3,1,'2019-12-14 08:03:14','2019-12-14 08:08:06'),(25,'Пыльник',NULL,3,1,'2019-12-14 08:09:55','2019-12-14 08:09:55'),(26,'Ремкомплект суппорта',NULL,3,1,'2019-12-14 08:12:05','2019-12-14 08:12:05'),(27,'Сальник',NULL,3,1,'2019-12-14 08:15:15','2019-12-14 08:15:15'),(28,'Стартер',NULL,3,1,'2019-12-14 08:29:04','2019-12-14 08:29:04'),(29,'Ступица колеса',NULL,3,1,'2019-12-14 08:29:44','2019-12-14 08:29:44'),(30,'Фильтр масляный',NULL,3,1,'2019-12-14 08:31:28','2019-12-14 08:31:28'),(31,'Шестерня',NULL,3,1,'2019-12-14 08:32:22','2019-12-14 08:32:22'),(32,'Шрус',NULL,3,1,'2019-12-14 08:34:21','2019-12-14 08:34:21');
/*!40000 ALTER TABLE `filters` ENABLE KEYS */;
UNLOCK TABLES;
DROP TABLE IF EXISTS `galleries`;
/*!40101 SET @saved_cs_client     = @@character_set_client */;
/*!40101 SET character_set_client = utf8 */;
CREATE TABLE `galleries` (
  `id` bigint(20) unsigned NOT NULL AUTO_INCREMENT,
  `gallery` varchar(255) COLLATE utf8mb4_unicode_ci NOT NULL,
  `key` int(10) unsigned DEFAULT NULL,
  `image` varchar(64) COLLATE utf8mb4_unicode_ci NOT NULL,
  `alt` varchar(255) COLLATE utf8mb4_unicode_ci DEFAULT NULL,
  `title` varchar(255) COLLATE utf8mb4_unicode_ci DEFAULT NULL,
  `sort` int(10) unsigned NOT NULL DEFAULT '0',
  PRIMARY KEY (`id`)
) ENGINE=InnoDB AUTO_INCREMENT=35 DEFAULT CHARSET=utf8mb4 COLLATE=utf8mb4_unicode_ci;
/*!40101 SET character_set_client = @saved_cs_client */;

LOCK TABLES `galleries` WRITE;
/*!40000 ALTER TABLE `galleries` DISABLE KEYS */;
INSERT INTO `galleries` VALUES (30,'parts',4,'PPTJkjEw8AAikLuXz5.png',NULL,NULL,0),(31,'parts',11,'rOOpQABFWNaaTFp3mD.png',NULL,NULL,0),(32,'parts',11,'537gokKCapLWBmActH.png',NULL,NULL,0),(33,'parts',3965,'iSt9Os9LddOSm7mkdW.png',NULL,NULL,0),(34,'parts',3965,'PO4KZSj7mdu8Fhi2ql.png',NULL,NULL,0);
/*!40000 ALTER TABLE `galleries` ENABLE KEYS */;
UNLOCK TABLES;
DROP TABLE IF EXISTS `generations`;
/*!40101 SET @saved_cs_client     = @@character_set_client */;
/*!40101 SET character_set_client = utf8 */;
CREATE TABLE `generations` (
  `id` bigint(20) unsigned NOT NULL AUTO_INCREMENT,
  `cid` varchar(255) CHARACTER SET utf8 DEFAULT NULL,
  `model_id` int(10) unsigned NOT NULL,
  `name` varchar(255) COLLATE utf8mb4_unicode_ci DEFAULT NULL,
  `engine` mediumint(8) unsigned DEFAULT NULL,
  `year` smallint(5) unsigned DEFAULT NULL,
  `year_to` smallint(5) unsigned DEFAULT NULL,
  `active` tinyint(1) NOT NULL DEFAULT '1',
  PRIMARY KEY (`id`),
  UNIQUE KEY `generations_cid_unique` (`cid`),
  KEY `generations_model_id_foreign` (`model_id`),
  CONSTRAINT `generations_model_id_foreign` FOREIGN KEY (`model_id`) REFERENCES `models` (`id`) ON DELETE CASCADE
) ENGINE=InnoDB AUTO_INCREMENT=525 DEFAULT CHARSET=utf8mb4 COLLATE=utf8mb4_unicode_ci;
/*!40101 SET character_set_client = @saved_cs_client */;

LOCK TABLES `generations` WRITE;
/*!40000 ALTER TABLE `generations` DISABLE KEYS */;
INSERT INTO `generations` VALUES (2,NULL,2,'B3',NULL,1986,1991,1),(3,NULL,2,'B4',NULL,1991,1996,1),(4,NULL,3,'C3',NULL,1988,1991,1),(5,NULL,3,'C4',NULL,1991,1994,1),(6,NULL,4,NULL,NULL,1994,2001,1),(7,NULL,5,'C4',NULL,1994,1997,1),(8,NULL,5,'C5',NULL,1997,2004,1),(9,NULL,5,'C6',NULL,2004,2010,1),(10,NULL,5,'C7',NULL,2010,2014,1),(11,NULL,6,'D2',NULL,1994,2002,1),(12,NULL,6,'D3',NULL,2002,2009,1),(13,NULL,7,NULL,NULL,2005,2009,1),(14,NULL,8,'E30',NULL,1982,1994,1),(15,NULL,8,'E36',NULL,1990,2000,1),(16,NULL,8,'E46',NULL,1998,2007,1),(17,NULL,8,'E90',NULL,2004,2014,1),(18,NULL,9,'E34',NULL,1987,1996,1),(19,NULL,9,'E39',NULL,1995,2004,1),(20,NULL,9,'E60',NULL,2003,2010,1),(21,NULL,10,'E38',NULL,1994,2001,1),(22,NULL,10,'E65',NULL,2001,2008,1),(23,NULL,11,'E53',NULL,1999,2006,1),(24,NULL,12,'E71',NULL,2008,2014,1),(25,NULL,13,'T200',NULL,2002,2007,1),(26,NULL,13,'T250',NULL,2007,2011,1),(27,NULL,13,'T300',NULL,2012,NULL,1),(28,NULL,14,NULL,NULL,2006,2018,1),(29,NULL,15,NULL,NULL,2011,NULL,1),(30,NULL,16,'J300',NULL,2008,2016,1),(31,NULL,17,NULL,NULL,2006,2012,1),(32,NULL,18,'J200',NULL,2004,2013,1),(33,NULL,19,NULL,NULL,2011,NULL,1),(34,NULL,20,'J100',NULL,1997,1999,1),(35,NULL,20,'J200',NULL,2002,2005,1),(36,NULL,21,'J309',NULL,2011,2018,1),(37,NULL,22,'M200',NULL,2005,2010,1),(38,NULL,22,'M300',NULL,2009,2015,1),(39,NULL,23,NULL,NULL,2013,NULL,1),(40,NULL,24,NULL,NULL,2013,2016,1),(41,NULL,25,'J200',NULL,2002,2009,1),(42,NULL,26,'V100',NULL,1997,2002,1),(43,NULL,27,'M100',NULL,1998,NULL,1),(44,NULL,28,'I (N100)',NULL,1996,2008,1),(45,NULL,28,'II (N150)',NULL,2008,2016,1),(46,NULL,29,NULL,NULL,2000,2006,1),(47,NULL,30,'II',NULL,1996,2000,1),(48,NULL,30,'III',NULL,2000,2007,1),(49,NULL,31,'CD',NULL,1994,1997,1),(50,NULL,31,'CG CH',NULL,1998,2003,1),(51,NULL,31,'CL',NULL,2003,2007,1),(52,NULL,31,'CR',NULL,2012,2017,1),(53,NULL,31,'CU',NULL,2008,2012,1),(54,NULL,32,'RDX TB1 TB2',NULL,2006,2012,1),(55,NULL,33,'EG',NULL,1992,1995,1),(56,NULL,33,'EJ',NULL,1996,2000,1),(57,NULL,33,'FB',NULL,2012,2015,1),(58,NULL,33,'FD',NULL,2006,2011,1),(59,NULL,33,'VII ES EP EU',NULL,2000,2006,1),(60,NULL,34,'RD1',NULL,1995,2001,1),(61,NULL,34,'RD4',NULL,2002,2006,1),(62,NULL,34,'RE5',NULL,2007,2011,1),(63,NULL,34,'RM',NULL,2012,2016,1),(64,NULL,34,'RW',NULL,2017,NULL,1),(65,NULL,35,'YH',NULL,2002,2011,1),(66,NULL,36,'GD',NULL,2001,2008,1),(67,NULL,36,'GE',NULL,2009,2014,1),(68,NULL,37,'GH',NULL,1999,2006,1),(69,NULL,38,'UA1',NULL,1995,1998,1),(70,NULL,39,'R1',NULL,1994,1999,1),(71,NULL,39,'R6',NULL,1999,2003,1),(72,NULL,39,'RB1 RB2',NULL,2003,2008,1),(73,NULL,39,'RC1 RC2',NULL,2013,NULL,1),(74,NULL,40,'EL1',NULL,1996,2002,1),(75,NULL,41,'YF1',NULL,2003,2008,1),(76,NULL,41,'YF4',NULL,2009,2015,1),(77,NULL,42,'BB',NULL,1996,NULL,1),(78,NULL,42,'BB1',NULL,1991,1996,1),(79,NULL,43,'UA1',NULL,1995,1998,1),(80,NULL,44,'R1',NULL,1994,1999,1),(81,NULL,44,'R6',NULL,1999,2003,1),(82,NULL,44,'RB1',NULL,2003,2008,1),(83,NULL,45,'RF1',NULL,1996,2001,1),(84,NULL,45,'RF3',NULL,2001,2005,1),(85,NULL,45,'RG1',NULL,2005,2009,1),(86,NULL,45,'RK1',NULL,2009,2015,1),(87,NULL,46,'RN1',NULL,2000,2006,1),(88,NULL,47,'HC',NULL,2017,NULL,1),(89,NULL,47,'RB',NULL,2011,2017,1),(90,NULL,48,'HD',NULL,2007,2010,1),(91,NULL,49,'GS',NULL,2015,NULL,1),(92,NULL,50,'AD',NULL,2016,NULL,1),(93,NULL,50,'HD',NULL,2007,2010,1),(94,NULL,50,'MD/UD',NULL,2011,2015,1),(95,NULL,51,'II JK-01',NULL,1998,2003,1),(96,NULL,52,'DH',NULL,2013,NULL,1),(97,NULL,53,'TB',NULL,2002,2011,1),(98,NULL,54,'TQ',NULL,2007,NULL,1),(99,NULL,55,'HG',NULL,2012,2017,1),(100,NULL,55,'TG',NULL,2006,2010,1),(101,NULL,56,'TQ',NULL,2007,NULL,1),(102,NULL,57,'GD',NULL,2011,2017,1),(103,NULL,58,'VF',NULL,2011,NULL,1),(104,NULL,59,'LM',NULL,2009,2015,1),(105,NULL,60,'FC',NULL,2001,2010,1),(106,NULL,61,NULL,NULL,2004,NULL,1),(107,NULL,61,NULL,NULL,1996,2004,1),(108,NULL,62,'CM',NULL,2006,2012,1),(109,NULL,62,'DM NC',NULL,2013,2018,1),(110,NULL,62,'TM',NULL,2019,NULL,1),(111,NULL,62,'SM',NULL,2000,2006,1),(112,NULL,63,'HCR',NULL,2017,NULL,1),(113,NULL,63,'RB',NULL,2010,2017,1),(114,NULL,64,'EF',NULL,1998,2005,1),(115,NULL,64,'LF',NULL,2015,NULL,1),(116,NULL,64,'NF',NULL,2005,2009,1),(117,NULL,64,'Y3',NULL,1996,1998,1),(118,NULL,64,'YF',NULL,2010,2014,1),(119,NULL,65,'A1',NULL,1997,2007,1),(120,NULL,66,'HP',NULL,2001,2007,1),(121,NULL,67,NULL,NULL,1999,2007,1),(122,NULL,68,'JM',NULL,2005,2010,1),(123,NULL,68,'LM',NULL,2010,2015,1),(124,NULL,68,'TL',NULL,2016,NULL,1),(125,NULL,69,'FS',NULL,2011,2014,1),(126,NULL,70,'J50',NULL,2007,2013,1),(127,NULL,71,'S50',NULL,2002,2008,1),(128,NULL,72,'S51',NULL,2008,2013,1),(129,NULL,73,'V35',NULL,2003,2006,1),(130,NULL,74,'A33',NULL,1999,2003,1),(131,NULL,75,'JA60',NULL,2004,2010,1),(132,NULL,76,'Z62',NULL,2013,NULL,1),(133,NULL,77,NULL,NULL,1991,2002,1),(134,NULL,78,'RT50 RT85',NULL,2012,NULL,1),(135,NULL,79,'VG',NULL,2010,2016,1),(136,NULL,79,'YG',NULL,2017,NULL,1),(137,NULL,80,'RP',NULL,2013,NULL,1),(138,NULL,80,'RS',NULL,1999,2006,1),(139,NULL,80,'UN',NULL,2006,2013,1),(140,NULL,81,'GQ',NULL,2002,2005,1),(141,NULL,81,'VQ',NULL,2006,2014,1),(142,NULL,81,'YP',NULL,2015,NULL,1),(143,NULL,82,'ED',NULL,2006,2012,1),(144,NULL,82,'JD',NULL,2012,2018,1),(145,NULL,83,'LD',NULL,2003,2008,1),(146,NULL,83,'TD',NULL,2008,2013,1),(147,NULL,83,'YD',NULL,2013,2018,1),(148,NULL,84,NULL,NULL,2008,NULL,1),(149,NULL,85,'JA',NULL,2017,NULL,1),(150,NULL,85,'TA',NULL,2011,2017,1),(151,NULL,86,'JF',NULL,2015,NULL,1),(152,NULL,86,'TF',NULL,2010,2015,1),(153,NULL,87,'JA',NULL,2017,NULL,1),(154,NULL,87,'TA',NULL,2011,2017,1),(155,NULL,88,'UB',NULL,2012,2017,1),(156,NULL,88,'YB',NULL,2017,NULL,1),(157,NULL,89,'BL',NULL,2002,2009,1),(158,NULL,89,'UM',NULL,2015,NULL,1),(159,NULL,89,'XM',NULL,2010,2014,1),(160,NULL,90,'AM',NULL,2009,2013,1),(161,NULL,90,'PS',NULL,2014,NULL,1),(162,NULL,91,'JE/KM',NULL,2004,2010,1),(163,NULL,91,'QL',NULL,2015,NULL,1),(164,NULL,91,'SL',NULL,2010,2015,1),(166,NULL,93,'J150',NULL,2009,NULL,1),(167,NULL,94,'J100',NULL,1998,2007,1),(168,NULL,94,'J120',NULL,2002,2009,1),(169,NULL,95,'J200',NULL,2007,NULL,1),(170,NULL,96,'XV10',NULL,1991,1996,1),(171,NULL,96,'XV20',NULL,1996,2001,1),(172,NULL,96,'XV30',NULL,2002,2006,1),(173,NULL,96,'XV40',NULL,2006,2012,1),(174,NULL,96,'XV60',NULL,2012,2018,1),(175,NULL,97,'210 (2WD)',NULL,2015,NULL,1),(176,NULL,97,'L10',NULL,2011,NULL,1),(177,NULL,97,'S140',NULL,1991,1997,1),(178,NULL,97,'S160',NULL,1997,2005,1),(179,NULL,97,'S190',NULL,2005,2011,1),(180,NULL,98,'XE10',NULL,1998,2005,1),(181,NULL,98,'XE20',NULL,2005,2015,1),(182,NULL,98,'XE30',NULL,2016,NULL,1),(183,NULL,99,'XF30',NULL,2000,2006,1),(184,NULL,99,'XF40',NULL,2006,2017,1),(185,NULL,99,'XF50',NULL,2017,NULL,1),(186,NULL,100,'A210',NULL,2014,NULL,1),(187,NULL,101,'AL10',NULL,2008,2015,1),(188,NULL,101,'AL20',NULL,2015,NULL,1),(189,NULL,101,'XU10',NULL,1998,2003,1),(190,NULL,101,'XU30',NULL,2003,2008,1),(191,NULL,102,'BK',NULL,2003,2009,1),(192,NULL,102,'BL',NULL,2009,2013,1),(193,NULL,102,'BM BN',NULL,2013,2019,1),(194,NULL,103,'BG',NULL,1989,1994,1),(195,NULL,103,'BH',NULL,1994,1998,1),(196,NULL,103,'BJ',NULL,1998,2003,1),(197,NULL,104,'BH',NULL,1994,1998,1),(198,NULL,105,'GG1',NULL,2002,2008,1),(199,NULL,105,'GH1',NULL,2007,2012,1),(200,NULL,105,'GJ1/GL',NULL,2012,NULL,1),(201,NULL,106,'GD GV',NULL,1989,1992,1),(202,NULL,106,'GE',NULL,1991,1997,1),(203,NULL,106,'GF GW',NULL,1997,2005,1),(204,NULL,107,NULL,NULL,1983,1999,1),(205,NULL,108,'GF GW',NULL,1997,2005,1),(206,NULL,109,'GE',NULL,1991,1997,1),(207,NULL,110,'KE',NULL,2012,2017,1),(208,NULL,110,'KF',NULL,2017,NULL,1),(209,NULL,111,'ER',NULL,2006,2012,1),(210,NULL,112,'TB',NULL,2007,2016,1),(211,NULL,112,'TC',NULL,2017,NULL,1),(212,NULL,113,'DW',NULL,1996,2002,1),(213,NULL,113,'DY',NULL,2002,2007,1),(214,NULL,114,'BH',NULL,1994,1998,1),(215,NULL,115,'LV5W',NULL,1990,1999,1),(216,NULL,115,'LW3W',NULL,2006,2016,1),(217,NULL,115,'LW3W',NULL,1999,2006,1),(218,NULL,116,'CP8W',NULL,1999,2004,1),(219,NULL,117,NULL,NULL,2000,2007,1),(220,NULL,118,'6',NULL,1992,1999,1),(221,NULL,118,'9',NULL,1993,2002,1),(222,NULL,119,'W163',NULL,1998,2005,1),(223,NULL,119,'W164',NULL,2005,2011,1),(224,NULL,120,'901',NULL,1995,NULL,1),(225,NULL,120,'906',NULL,2006,NULL,1),(226,NULL,121,'W638',NULL,1996,2003,1),(227,NULL,121,'W639',NULL,2003,2014,1),(228,NULL,122,NULL,NULL,1984,1996,1),(229,NULL,123,NULL,NULL,1991,1998,1),(230,NULL,124,NULL,NULL,1988,1993,1),(231,NULL,125,NULL,NULL,1993,2000,1),(232,NULL,126,NULL,NULL,2000,2007,1),(233,NULL,127,NULL,NULL,2007,2014,1),(234,NULL,128,NULL,NULL,1996,2002,1),(235,NULL,129,NULL,NULL,2003,2009,1),(236,NULL,130,NULL,NULL,1998,2005,1),(237,NULL,131,NULL,NULL,2005,2013,1),(238,NULL,132,NULL,NULL,1997,NULL,1),(239,NULL,133,NULL,NULL,2002,NULL,1),(240,NULL,134,'CU2W',NULL,2001,2005,1),(241,NULL,135,'GA4W',NULL,2010,NULL,1),(242,NULL,136,'D2',NULL,1995,2004,1),(243,NULL,137,'PA',NULL,1996,2008,1),(244,NULL,138,'L300',NULL,1986,1994,1),(245,NULL,138,'L400',NULL,1994,2007,1),(246,NULL,139,'F31A',NULL,1995,2005,1),(247,NULL,140,'2G',NULL,1995,1999,1),(248,NULL,141,'DJ1',NULL,2004,2012,1),(249,NULL,141,'E33',NULL,1988,1992,1),(250,NULL,141,'E52',NULL,1993,1996,1),(251,NULL,141,'EA1',NULL,1996,2005,1),(252,NULL,142,'NA4W',NULL,2004,2009,1),(253,NULL,143,'KB4T',NULL,2005,2016,1),(254,NULL,144,'C61A',NULL,1988,1991,1),(255,NULL,144,'CB',NULL,1992,1996,1),(256,NULL,144,'CK CM',NULL,1997,2001,1),(257,NULL,144,'CS',NULL,2003,2010,1),(258,NULL,144,'CY',NULL,2007,2016,1),(259,NULL,145,'EA1',NULL,1996,2005,1),(260,NULL,146,'PA',NULL,1996,2008,1),(261,NULL,147,'CU0W',NULL,2003,2006,1),(262,NULL,147,'CW0W',NULL,2005,2012,1),(263,NULL,147,'GF0W',NULL,2012,2018,1),(264,NULL,148,'IO H66W',NULL,1998,2000,1),(265,NULL,148,'IO H76W',NULL,2000,2007,1),(266,NULL,148,'L040',NULL,1982,1991,1),(267,NULL,149,'PB PC',NULL,2008,2016,1),(268,NULL,149,'QE',NULL,2015,NULL,1),(269,NULL,148,'V20',NULL,1991,1999,1),(270,NULL,148,'V60',NULL,1999,2006,1),(271,NULL,148,'V80',NULL,2006,NULL,1),(272,NULL,150,'N11W',NULL,1991,1997,1),(273,NULL,150,'N61W',NULL,1997,2002,1),(274,NULL,151,'1991-1996',NULL,NULL,NULL,1),(275,NULL,152,'L400',NULL,1994,2007,1),(276,NULL,153,'N11W',NULL,1991,1997,1),(277,NULL,154,NULL,NULL,1998,2005,1),(278,NULL,155,'UF/N34W',NULL,1991,1997,1),(279,NULL,155,'UG/N84W',NULL,1998,2004,1),(280,NULL,156,'G',NULL,2011,NULL,1),(281,NULL,156,'N15',NULL,1995,2000,1),(282,NULL,156,'N16',NULL,2000,2006,1),(283,NULL,157,'V10',NULL,1998,2006,1),(284,NULL,158,'L31',NULL,2001,2006,1),(285,NULL,158,'L32A',NULL,2007,2013,1),(286,NULL,158,'L33',NULL,2012,2018,1),(287,NULL,159,'WA60',NULL,2004,2016,1),(288,NULL,160,'U14',NULL,1996,2001,1),(289,NULL,161,'Y33',NULL,1995,1999,1),(290,NULL,162,'A32',NULL,1994,1999,1),(291,NULL,162,'A33',NULL,1999,2003,1),(292,NULL,163,'Z10',NULL,1998,2002,1),(293,NULL,164,'E50',NULL,1997,2002,1),(294,NULL,164,'E51',NULL,2002,2010,1),(295,NULL,165,'F15',NULL,2011,NULL,1),(296,NULL,166,'W30',NULL,1992,1998,1),(297,NULL,167,'M12',NULL,1998,2004,1),(298,NULL,168,'K11',NULL,1993,2002,1),(299,NULL,169,'A32',NULL,1994,1999,1),(300,NULL,169,'A33',NULL,1999,2003,1),(301,NULL,169,'A34',NULL,2003,2008,1),(302,NULL,169,'A35',NULL,2008,2014,1),(303,NULL,169,'J30',NULL,1988,1994,1),(304,NULL,170,'K11',NULL,1993,2002,1),(305,NULL,170,'K12',NULL,2002,2007,1),(306,NULL,171,'R20',NULL,1988,2006,1),(307,NULL,172,'Z50',NULL,2003,2007,1),(308,NULL,172,'Z51',NULL,2009,2014,1),(309,NULL,172,'Z52',NULL,2015,NULL,1),(310,NULL,173,'D22',NULL,1997,2004,1),(311,NULL,173,'D40',NULL,2005,NULL,1),(312,NULL,174,'E11',NULL,2004,2013,1),(313,NULL,174,'E12',NULL,2012,NULL,1),(314,NULL,175,'D22',NULL,2008,2015,1),(315,NULL,176,'R50',NULL,1996,2004,1),(316,NULL,176,'R51',NULL,2005,2012,1),(317,NULL,176,'R52',NULL,2013,NULL,1),(318,NULL,177,'Y60',NULL,1987,1997,1),(319,NULL,177,'Y61',NULL,1997,2013,1),(320,NULL,177,'Y62',NULL,2010,NULL,1),(321,NULL,178,'M11',NULL,1988,1998,1),(322,NULL,179,'U30',NULL,1998,2003,1),(323,NULL,180,'P10',NULL,1990,1996,1),(324,NULL,180,'P11',NULL,1995,2002,1),(325,NULL,180,'P12',NULL,2001,2007,1),(326,NULL,181,'N14',NULL,1990,1995,1),(327,NULL,182,'J10',NULL,2006,2013,1),(328,NULL,182,'J11',NULL,2013,NULL,1),(329,NULL,183,NULL,NULL,1993,1999,1),(330,NULL,184,'R50',NULL,1996,2004,1),(331,NULL,185,NULL,NULL,1997,2001,1),(332,NULL,186,'B16',NULL,2006,2012,1),(333,NULL,186,'B17',NULL,2013,NULL,1),(334,NULL,187,'C23',NULL,1991,2000,1),(335,NULL,188,'R33',NULL,1993,1998,1),(336,NULL,188,'R34',NULL,1998,2002,1),(337,NULL,189,'N14',NULL,1990,1995,1),(338,NULL,189,'N17',NULL,2012,2016,1),(339,NULL,190,'J31',NULL,2003,2008,1),(340,NULL,190,'J32',NULL,2008,2013,1),(341,NULL,190,'L33',NULL,2013,NULL,1),(342,NULL,191,'II (R20)',NULL,NULL,NULL,1),(343,NULL,191,'WD21',NULL,1986,1995,1),(344,NULL,192,'C11',NULL,2004,2012,1),(345,NULL,192,'C12',NULL,2011,NULL,1),(346,NULL,193,'C22',NULL,1985,1994,1),(347,NULL,194,'N50',NULL,2005,2015,1),(348,NULL,194,'WD22',NULL,1999,2004,1),(349,NULL,195,'T30',NULL,2000,2007,1),(350,NULL,195,'T31',NULL,2007,2013,1),(351,NULL,195,'T32',NULL,2013,NULL,1),(352,NULL,196,'F',NULL,1994,1998,1),(353,NULL,196,'G',NULL,1998,2010,1),(354,NULL,197,'A',NULL,1992,1998,1),(355,NULL,198,'B',NULL,1994,2003,1),(356,NULL,199,'B',NULL,1995,2003,1),(357,NULL,199,'C',NULL,2002,2008,1),(358,NULL,200,'A',NULL,2002,2008,1),(359,NULL,201,NULL,NULL,2016,NULL,1),(360,NULL,202,NULL,NULL,2010,2015,1),(361,NULL,202,NULL,NULL,2015,2018,1),(362,NULL,203,'I',NULL,1997,2007,1),(363,NULL,204,NULL,NULL,2013,2017,1),(364,NULL,205,'II',NULL,2002,2009,1),(365,NULL,206,NULL,NULL,2009,2014,1),(366,NULL,207,NULL,NULL,2014,2018,1),(367,NULL,208,NULL,NULL,2000,2007,1),(368,NULL,209,'I',NULL,1996,2004,1),(369,NULL,209,'II',NULL,2004,2009,1),(370,NULL,210,'3T4',NULL,2008,2013,1),(371,NULL,210,NULL,NULL,2014,NULL,1),(372,NULL,210,'3U4',NULL,2001,2008,1),(373,NULL,211,'5L7',NULL,2009,2014,1),(374,NULL,212,NULL,NULL,2019,NULL,1),(375,NULL,213,'SF',NULL,1997,2002,1),(376,NULL,213,'SG',NULL,2002,2007,1),(377,NULL,213,'SH',NULL,2008,2012,1),(378,NULL,213,'SJ',NULL,2013,2018,1),(379,NULL,214,'GD',NULL,2000,2007,1),(380,NULL,214,'GE GV GH GR',NULL,2007,2014,1),(381,NULL,214,'GJ GP',NULL,2011,2016,1),(382,NULL,214,'GM GC GF',NULL,1992,2000,1),(383,NULL,215,'BC BF BJ',NULL,1989,1993,1),(384,NULL,215,'BD BG BK',NULL,1993,1999,1),(385,NULL,215,'BE BH BT',NULL,1998,2004,1),(386,NULL,215,'BL BP',NULL,2003,2009,1),(387,NULL,215,'BM BR',NULL,2009,2014,1),(388,NULL,215,'BN BS',NULL,2014,NULL,1),(389,NULL,216,NULL,NULL,2003,2009,1),(390,NULL,216,NULL,NULL,2009,2014,1),(391,NULL,216,NULL,NULL,2014,NULL,1),(392,NULL,216,NULL,NULL,1993,1999,1),(393,NULL,216,NULL,NULL,1999,2004,1),(394,NULL,217,'B9',NULL,2006,2014,1),(395,NULL,218,NULL,NULL,2011,NULL,1),(396,NULL,219,NULL,NULL,2001,2007,1),(397,NULL,220,'ZC72S ZC82S ZC32S',NULL,2010,2017,1),(398,NULL,221,NULL,NULL,2006,2014,1),(399,NULL,222,'ET/TA',NULL,1988,1998,1),(400,NULL,222,'JT',NULL,2005,2017,1),(401,NULL,223,'FT/GT',NULL,1998,2005,1),(402,NULL,224,NULL,NULL,2007,2009,1),(403,NULL,224,NULL,NULL,1998,2006,1),(404,NULL,225,'N130',NULL,1989,1995,1),(405,NULL,225,'N180',NULL,1996,2002,1),(406,NULL,225,'N210',NULL,2002,2009,1),(407,NULL,225,'N280',NULL,2009,NULL,1),(408,NULL,226,'XE10',NULL,1998,2005,1),(409,NULL,227,'S140',NULL,1991,1997,1),(410,NULL,227,'S160',NULL,1997,2005,1),(411,NULL,228,'XX10',NULL,1994,1999,1),(412,NULL,228,'XX20',NULL,1999,2004,1),(413,NULL,228,'XX30',NULL,2004,2012,1),(414,NULL,228,'XX40',NULL,2012,2018,1),(415,NULL,228,'XX50',NULL,2018,NULL,1),(416,NULL,229,'F602',NULL,2006,NULL,1),(417,NULL,230,'T220',NULL,1997,2003,1),(418,NULL,230,'T250',NULL,2003,2009,1),(419,NULL,230,'T270',NULL,2009,2018,1),(420,NULL,231,'T190',NULL,1992,1997,1),(421,NULL,231,'T210',NULL,1997,2002,1),(422,NULL,232,'ACV36',NULL,2002,2006,1),(423,NULL,232,'XV10',NULL,1991,1996,1),(424,NULL,232,'XV20',NULL,1996,2001,1),(425,NULL,232,'XV30',NULL,2002,2006,1),(426,NULL,232,'XV40',NULL,2006,2011,1),(427,NULL,232,'XV50',NULL,2011,2017,1),(428,NULL,232,'XV70',NULL,2018,NULL,1),(429,NULL,233,'E (T190)',NULL,1992,1997,1),(430,NULL,233,'ED (ST200)',NULL,1993,1998,1),(431,NULL,233,'T210',NULL,1996,2001,1),(432,NULL,234,'T200',NULL,1993,1999,1),(433,NULL,235,'X100',NULL,1996,2001,1),(434,NULL,235,'X90',NULL,1992,1996,1),(435,NULL,236,'E100',NULL,1991,2002,1),(436,NULL,236,'E120',NULL,2000,2007,1),(437,NULL,236,'E150',NULL,2006,2013,1),(438,NULL,236,'E170',NULL,2013,NULL,1),(439,NULL,237,'XR10 XR20',NULL,1990,1999,1),(440,NULL,237,'XR30 XR40',NULL,2000,2005,1),(441,NULL,238,'ST200',NULL,1993,1998,1),(442,NULL,239,'SJ15W',NULL,2006,2017,1),(443,NULL,240,'AN160',NULL,2015,NULL,1),(444,NULL,240,'AN50 AN60',NULL,2004,2015,1),(445,NULL,241,'XU10',NULL,1998,2003,1),(446,NULL,242,'H100',NULL,1989,2004,1),(447,NULL,242,'H200',NULL,2004,NULL,1),(448,NULL,243,'XU20',NULL,2000,2007,1),(449,NULL,243,'XU40',NULL,2007,2013,1),(450,NULL,243,'XU50',NULL,2013,NULL,1),(451,NULL,244,'AN10 AN20 AN30',NULL,2004,2015,1),(452,NULL,244,'AN120 AN150',NULL,2015,NULL,1),(453,NULL,244,'N140 N150 N160 N170',NULL,1997,2005,1),(454,NULL,245,'N130',NULL,1989,1995,1),(455,NULL,245,'N180',NULL,1996,2002,1),(456,NULL,246,NULL,NULL,2001,2009,1),(457,NULL,246,NULL,NULL,1995,2001,1),(458,NULL,247,'J100',NULL,1998,2007,1),(459,NULL,247,'J120',NULL,2002,2009,1),(460,NULL,247,'J150',NULL,2009,NULL,1),(461,NULL,247,'J200',NULL,2007,NULL,1),(462,NULL,247,'J70',NULL,1990,1996,1),(463,NULL,247,'J80',NULL,1995,1997,1),(464,NULL,247,'J90',NULL,1996,2002,1),(465,NULL,248,'R40 R50',NULL,1996,2007,1),(466,NULL,249,'X100',NULL,1996,2000,1),(467,NULL,249,'X110',NULL,2000,2007,1),(468,NULL,249,'X90',NULL,1992,1996,1),(469,NULL,250,'E130',NULL,2003,2008,1),(470,NULL,250,'E140',NULL,2009,2014,1),(471,NULL,251,'XN10',NULL,1998,2003,1),(472,NULL,252,NULL,NULL,2001,2009,1),(473,NULL,252,NULL,NULL,1995,2001,1),(474,NULL,253,'XR10 XR20',NULL,1990,1999,1),(475,NULL,253,'XR30 XR40',NULL,2000,2005,1),(476,NULL,253,'XR50',NULL,2006,NULL,1),(477,NULL,254,'XW10',NULL,1997,2003,1),(478,NULL,254,'XW20',NULL,2003,2009,1),(479,NULL,254,'XW30',NULL,2009,2015,1),(480,NULL,254,'XW40',NULL,2015,NULL,1),(481,NULL,255,'Z10',NULL,1997,2003,1),(482,NULL,256,'XA10',NULL,1997,2000,1),(483,NULL,256,'XA20',NULL,2000,2005,1),(484,NULL,256,'XA30',NULL,2005,2012,1),(485,NULL,256,'XA40',NULL,2012,2018,1),(486,NULL,256,'XA50',NULL,2018,NULL,1),(487,NULL,257,NULL,NULL,2000,2007,1),(488,NULL,257,NULL,NULL,2008,NULL,1),(489,NULL,258,'XL10',NULL,1997,2002,1),(490,NULL,258,'XL20',NULL,2003,2009,1),(491,NULL,258,'XL30',NULL,2010,NULL,1),(492,NULL,259,'E110N',NULL,1997,2001,1),(493,NULL,260,NULL,NULL,2005,2015,1),(494,NULL,260,NULL,NULL,1996,2004,1),(495,NULL,261,'R40 R50',NULL,1996,2007,1),(496,NULL,262,NULL,NULL,2000,2006,1),(497,NULL,262,NULL,NULL,2007,NULL,1),(498,NULL,263,'XP110',NULL,2007,2016,1),(499,NULL,264,'GV10',NULL,2008,2016,1),(500,NULL,265,'V40',NULL,1994,1998,1),(501,NULL,266,'V50',NULL,1998,2003,1),(502,NULL,267,'XV10',NULL,1991,1996,1),(503,NULL,267,'XV20',NULL,1996,2001,1),(504,NULL,268,'XP10',NULL,1999,2005,1),(505,NULL,268,'XP130/XP150',NULL,2011,NULL,1),(506,NULL,268,'XP90',NULL,2005,2013,1),(508,NULL,270,NULL,NULL,1998,2005,1),(509,NULL,271,'2KA',NULL,2004,2010,1),(510,NULL,272,'III',NULL,1991,1997,1),(511,NULL,272,'IV',NULL,1997,2004,1),(512,NULL,272,'V',NULL,2003,2009,1),(513,NULL,273,'4',NULL,1998,2005,1),(514,NULL,274,'B3',NULL,1988,1993,1),(515,NULL,274,'B4',NULL,1993,1997,1),(516,NULL,274,'B5',NULL,1996,2005,1),(517,NULL,274,'B6',NULL,2005,2010,1),(518,NULL,275,NULL,NULL,2009,2017,1),(519,NULL,275,NULL,NULL,1997,2009,1),(520,NULL,276,'7M8/7M9/7M6',NULL,1995,2010,1),(521,NULL,277,NULL,NULL,2002,2007,1),(522,NULL,278,'T4',NULL,1990,2003,1),(523,NULL,278,'T5',NULL,2003,NULL,1),(524,NULL,279,NULL,NULL,1992,1998,1);
/*!40000 ALTER TABLE `generations` ENABLE KEYS */;
UNLOCK TABLES;
DROP TABLE IF EXISTS `groups`;
/*!40101 SET @saved_cs_client     = @@character_set_client */;
/*!40101 SET character_set_client = utf8 */;
CREATE TABLE `groups` (
  `id` int(10) unsigned NOT NULL AUTO_INCREMENT,
  `name` varchar(255) COLLATE utf8mb4_unicode_ci DEFAULT NULL,
  `url` varchar(255) COLLATE utf8mb4_unicode_ci NOT NULL,
  `sort` int(10) unsigned NOT NULL DEFAULT '0',
  `created_at` timestamp NULL DEFAULT NULL,
  `updated_at` timestamp NULL DEFAULT NULL,
  PRIMARY KEY (`id`)
) ENGINE=InnoDB AUTO_INCREMENT=7 DEFAULT CHARSET=utf8mb4 COLLATE=utf8mb4_unicode_ci;
/*!40101 SET character_set_client = @saved_cs_client */;

LOCK TABLES `groups` WRITE;
/*!40000 ALTER TABLE `groups` DISABLE KEYS */;
INSERT INTO `groups` VALUES (1,'Ходовая Часть','khodovaya-chast',5,NULL,'2019-12-06 12:08:18'),(2,'Кузовная Часть','kuzovnaya-chast',6,NULL,'2019-12-06 12:08:18'),(3,'Электрическая Часть','elektricheskaya-chast',2,NULL,'2019-12-06 12:08:18'),(4,'Двигательная Часть','dvigatelnaya-chast',1,NULL,'2019-12-06 12:08:18'),(5,'Навесная Часть','navesnaya-chast',3,NULL,'2019-12-06 12:08:18'),(6,'Автохимия','avtokhimiya',4,NULL,'2019-12-06 12:08:18');
/*!40000 ALTER TABLE `groups` ENABLE KEYS */;
UNLOCK TABLES;
DROP TABLE IF EXISTS `home_slider`;
/*!40101 SET @saved_cs_client     = @@character_set_client */;
/*!40101 SET character_set_client = utf8 */;
CREATE TABLE `home_slider` (
  `id` int(10) unsigned NOT NULL AUTO_INCREMENT,
  `image` varchar(64) COLLATE utf8mb4_unicode_ci NOT NULL,
  `title` varchar(255) COLLATE utf8mb4_unicode_ci DEFAULT NULL,
  `description` text COLLATE utf8mb4_unicode_ci,
  `sort` int(10) unsigned NOT NULL DEFAULT '0',
  `active` tinyint(1) NOT NULL DEFAULT '1',
  `created_at` timestamp NULL DEFAULT NULL,
  `updated_at` timestamp NULL DEFAULT NULL,
  PRIMARY KEY (`id`)
) ENGINE=InnoDB AUTO_INCREMENT=2 DEFAULT CHARSET=utf8mb4 COLLATE=utf8mb4_unicode_ci;
/*!40101 SET character_set_client = @saved_cs_client */;

LOCK TABLES `home_slider` WRITE;
/*!40000 ALTER TABLE `home_slider` DISABLE KEYS */;
INSERT INTO `home_slider` VALUES (1,'9s2dEtftXKoVRSWygR.png','Автозапчасти вовремя','47 млн. предложений автозапчастей по актуальным ценам, которые привезем в наш офис или доставим курьером.',0,1,'2019-09-30 14:04:23','2019-09-30 14:04:23');
/*!40000 ALTER TABLE `home_slider` ENABLE KEYS */;
UNLOCK TABLES;
DROP TABLE IF EXISTS `marks`;
/*!40101 SET @saved_cs_client     = @@character_set_client */;
/*!40101 SET character_set_client = utf8 */;
CREATE TABLE `marks` (
  `id` int(10) unsigned NOT NULL AUTO_INCREMENT,
  `cid` int(10) DEFAULT NULL,
  `name` varchar(255) COLLATE utf8mb4_unicode_ci DEFAULT NULL,
  `image` varchar(64) COLLATE utf8mb4_unicode_ci DEFAULT NULL,
  `image_alt` varchar(255) COLLATE utf8mb4_unicode_ci DEFAULT NULL,
  `image_title` varchar(255) COLLATE utf8mb4_unicode_ci DEFAULT NULL,
  `show_image` tinyint(1) NOT NULL DEFAULT '1',
  `url` varchar(255) COLLATE utf8mb4_unicode_ci NOT NULL,
  `in_home` tinyint(1) NOT NULL DEFAULT '0',
  `active` tinyint(1) NOT NULL DEFAULT '1',
  `sort` int(10) unsigned NOT NULL DEFAULT '0',
  PRIMARY KEY (`id`),
  UNIQUE KEY `marks_cid_unique` (`cid`)
) ENGINE=InnoDB AUTO_INCREMENT=27 DEFAULT CHARSET=utf8mb4 COLLATE=utf8mb4_unicode_ci;
/*!40101 SET character_set_client = @saved_cs_client */;

LOCK TABLES `marks` WRITE;
/*!40000 ALTER TABLE `marks` DISABLE KEYS */;
INSERT INTO `marks` VALUES (2,NULL,'AUDI',NULL,NULL,NULL,1,'audi',1,1,0),(3,NULL,'BMW',NULL,NULL,NULL,1,'bmw',1,1,0),(4,NULL,'CHEVROLET',NULL,NULL,NULL,1,'chevrolet',1,1,0),(5,NULL,'DEAWOO',NULL,NULL,NULL,1,'deawoo',1,1,0),(6,NULL,'FORD',NULL,NULL,NULL,1,'ford',1,1,0),(7,NULL,'HONDA',NULL,NULL,NULL,1,'honda',1,1,0),(8,NULL,'HYUNDAI',NULL,NULL,NULL,1,'hyundai',1,1,0),(9,NULL,'INFINITI',NULL,NULL,NULL,1,'infiniti',1,1,0),(10,NULL,'ISUZU',NULL,NULL,NULL,1,'isuzu',1,1,0),(11,NULL,'KIA',NULL,NULL,NULL,1,'kia',1,1,0),(13,NULL,'LEXUS',NULL,NULL,NULL,1,'lexus',1,1,0),(14,NULL,'MAZDA',NULL,NULL,NULL,1,'mazda',1,1,0),(15,NULL,'MERCEDES BENZ',NULL,NULL,NULL,1,'mercedes-benz',1,1,0),(16,NULL,'MITSUBISHI',NULL,NULL,NULL,1,'mitsubishi',1,1,0),(17,NULL,'NISSAN',NULL,NULL,NULL,1,'nissan',1,1,0),(18,NULL,'OPEL',NULL,NULL,NULL,1,'opel',1,1,0),(19,NULL,'RENAULT',NULL,NULL,NULL,1,'renault',1,1,0),(20,NULL,'SKODA',NULL,NULL,NULL,1,'skoda',1,1,0),(21,NULL,'SUBARU',NULL,NULL,NULL,1,'subaru',1,1,0),(22,NULL,'SUZUKI',NULL,NULL,NULL,1,'suzuki',1,1,0),(23,NULL,'TOYOTA',NULL,NULL,NULL,1,'toyota',1,1,0),(25,NULL,'VOLKSWAGEN',NULL,NULL,NULL,1,'volkswagen',1,1,0);
/*!40000 ALTER TABLE `marks` ENABLE KEYS */;
UNLOCK TABLES;
DROP TABLE IF EXISTS `migrations`;
/*!40101 SET @saved_cs_client     = @@character_set_client */;
/*!40101 SET character_set_client = utf8 */;
CREATE TABLE `migrations` (
  `id` int(10) unsigned NOT NULL AUTO_INCREMENT,
  `migration` varchar(255) COLLATE utf8mb4_unicode_ci NOT NULL,
  `batch` int(11) NOT NULL,
  PRIMARY KEY (`id`)
) ENGINE=InnoDB AUTO_INCREMENT=55 DEFAULT CHARSET=utf8mb4 COLLATE=utf8mb4_unicode_ci;
/*!40101 SET character_set_client = @saved_cs_client */;

LOCK TABLES `migrations` WRITE;
/*!40000 ALTER TABLE `migrations` DISABLE KEYS */;
INSERT INTO `migrations` VALUES (1,'2019_07_10_171502_create_admins_table',1),(2,'2019_07_12_204343_create_password_resets_table',1),(3,'2019_07_12_232636_create_pages_table',1),(4,'2019_07_23_000000_create_zakhayko_banners_table',1),(5,'2019_08_14_161704_create_marks_table',1),(6,'2019_08_14_161725_create_models_table',1),(7,'2019_08_14_161756_create_generations_table',1),(8,'2019_08_14_221246_create_countries_table',1),(9,'2019_08_14_221310_create_regions_table',1),(10,'2019_08_19_142314_create_parts_table',1),(11,'2019_08_19_165244_create_brands_table',1),(12,'2019_09_02_210329_create_part_catalogs_table',1),(13,'2019_09_06_194022_create_part_cars_table',1),(14,'2019_09_30_183624_create_home_slider_table',1),(15,'2019_10_02_183143_create_galleries_table',1),(16,'2019_10_06_173451_create_terms_table',1),(17,'2019_10_07_150146_create_news_table',1),(18,'2019_10_08_161153_create_groups_table',1),(19,'2019_10_08_165558_add_group_id_to_part_catalogs_table',1),(20,'2019_10_08_191627_create_filters_table',1),(21,'2019_10_08_193606_create_criteria_table',1),(22,'2019_10_09_144929_create_criterion_part_table',1),(23,'2019_10_11_144259_create_engine_filters_table',1),(24,'2019_10_11_144400_create_engine_criteria_table',1),(25,'2019_10_11_151219_create_users_table',1),(26,'2019_10_22_170311_create_partner_groups_table',2),(27,'2019_10_22_170857_add_partner_group_id_to_users_table',2),(28,'2019_10_22_221136_create_favourites_table',3),(29,'2019_10_22_221849_create_basket_table',4),(30,'2019_10_24_170751_create_engine_criterion_part_table',5),(31,'2019_10_27_202229_create_change_emails_table',6),(32,'2019_11_01_192027_create_delivery_regions_table',7),(33,'2019_11_01_192039_create_delivery_cities_table',7),(34,'2019_11_03_153023_create_orders_table',8),(35,'2019_11_03_153143_create_order_part_table',8),(36,'2019_11_06_154011_create_recommended_parts_table',9),(37,'2019_11_06_154327_create_attached_parts_table',10),(38,'2019_11_08_172715_create_count_sales_table',11),(39,'2019_11_16_185627_create_applications_table',12),(40,'2019_11_17_190442_create_engines_table',13),(41,'2019_11_17_201409_create_engine_part_table',13),(42,'2019_11_18_181003_create_engine_mark_table',13),(43,'2019_11_21_214731_create_restricted_brands_table',14),(44,'2019_11_22_212027_create_pickup_points_table',15),(46,'2019_11_29_145036_create_modifications_table',16),(47,'2019_11_29_222911_create_modification_part_table',17),(49,'2019_11_30_220525_create_price_applications_table',18),(53,'2019_12_06_154801_create_analogs_table',19),(54,'2019_12_28_212137_add_ref_to_users_table',20);
/*!40000 ALTER TABLE `migrations` ENABLE KEYS */;
UNLOCK TABLES;
DROP TABLE IF EXISTS `models`;
/*!40101 SET @saved_cs_client     = @@character_set_client */;
/*!40101 SET character_set_client = utf8 */;
CREATE TABLE `models` (
  `id` int(10) unsigned NOT NULL AUTO_INCREMENT,
  `mark_id` int(10) unsigned NOT NULL,
  `name` varchar(255) CHARACTER SET utf8 DEFAULT NULL,
  `active` tinyint(1) NOT NULL DEFAULT '1',
  PRIMARY KEY (`id`),
  UNIQUE KEY `models_name_mark_id_unique` (`name`,`mark_id`),
  KEY `models_mark_id_foreign` (`mark_id`),
  CONSTRAINT `models_mark_id_foreign` FOREIGN KEY (`mark_id`) REFERENCES `marks` (`id`) ON DELETE CASCADE
) ENGINE=InnoDB AUTO_INCREMENT=280 DEFAULT CHARSET=utf8mb4 COLLATE=utf8mb4_unicode_ci;
/*!40101 SET character_set_client = @saved_cs_client */;

LOCK TABLES `models` WRITE;
/*!40000 ALTER TABLE `models` DISABLE KEYS */;
INSERT INTO `models` VALUES (2,2,'80',1),(3,2,'100',1),(4,2,'A4',1),(5,2,'A6',1),(6,2,'A8',1),(7,2,'Q7',1),(8,3,'3\'',1),(9,3,'5\'',1),(10,3,'7\'',1),(11,3,'X5',1),(12,3,'X6',1),(13,4,'AVEO',1),(14,4,'CAPTIVA',1),(15,4,'COBALT',1),(16,4,'CRUZE',1),(17,4,'EPICA',1),(18,4,'LACETTI',1),(19,4,'MALIBU',1),(20,4,'NUBIRA',1),(21,4,'ORLANDO',1),(22,4,'SPARK',1),(23,4,'TRACKER',1),(24,5,'GENTRA',1),(25,5,'LACETTI',1),(26,5,'LEGANZA',1),(27,5,'MATIZ',1),(28,5,'NEXIA',1),(29,6,'ESCAPE',1),(30,6,'MONDEO',1),(31,7,'ACCORD',1),(32,7,'ACURA',1),(33,7,'CIVIC',1),(34,7,'CR-V',1),(35,7,'ELEMENT',1),(36,7,'FIT',1),(37,7,'HR-V',1),(38,7,'INSPIRE',1),(39,7,'ODYSSEY',1),(40,7,'ORTHIA',1),(41,7,'PILOT',1),(42,7,'PRELUDE',1),(43,7,'SABER',1),(44,7,'SHUTTLE',1),(45,7,'STEPWGN',1),(46,7,'STREAM',1),(47,8,'ACCENT',1),(48,8,'AVANTE',1),(49,8,'CRETA',1),(50,8,'ELANTRA',1),(51,8,'GALLOPER',1),(52,8,'GENESIS',1),(53,8,'GETZ',1),(54,8,'GRAND STAREX',1),(55,8,'GRANDEUR',1),(56,8,'H-1',1),(57,8,'I30',1),(58,8,'I40',1),(59,8,'IX35',1),(60,8,'MATRIX',1),(61,8,'PORTER',1),(62,8,'SANTA FE',1),(63,8,'SOLARIS',1),(64,8,'SONATA',1),(65,8,'STAREX',1),(66,8,'TERRACAN',1),(67,8,'TRAJET',1),(68,8,'TUCSON',1),(69,8,'VELOSTER',1),(70,9,'EX/QX50',1),(71,9,'FX',1),(72,9,'FX/QX70',1),(73,9,'G35',1),(74,9,'I30',1),(75,9,'QX56',1),(76,9,'QX80',1),(77,10,'BIGHORN/TROOPER',1),(78,10,'D-MAX',1),(79,11,'CADENZA',1),(80,11,'CARENS',1),(81,11,'CARNIVAL',1),(82,11,'CEED',1),(83,11,'CERATO',1),(84,11,'MOHAVE',1),(85,11,'MORNING',1),(86,11,'OPTIMA',1),(87,11,'PICANTO',1),(88,11,'RIO',1),(89,11,'SORENTO',1),(90,11,'SOUL',1),(91,11,'SPORTAGE',1),(93,13,'460',1),(94,13,'470',1),(95,13,'570',1),(96,13,'ES',1),(97,13,'GS',1),(98,13,'IS',1),(99,13,'LS',1),(100,13,'NX',1),(101,13,'RX',1),(102,14,'3',1),(103,14,'323',1),(104,14,'323F',1),(105,14,'6',1),(106,14,'626',1),(107,14,'BONGO',1),(108,14,'CAPELLA',1),(109,14,'CRONUS',1),(110,14,'CX5',1),(111,14,'CX7',1),(112,14,'CX9',1),(113,14,'DEMIO',1),(114,14,'LANTIS',1),(115,14,'MPV',1),(116,14,'PREMACY',1),(117,14,'TRIBUTE',1),(118,14,'XEDOS',1),(119,15,'ML',1),(120,15,'SPRINTER',1),(121,15,'V-CLASS',1),(122,15,'W124',1),(123,15,'W140',1),(124,15,'W201',1),(125,15,'W202',1),(126,15,'W203',1),(127,15,'W204',1),(128,15,'W210',1),(129,15,'W211',1),(130,15,'W220',1),(131,15,'W221',1),(132,15,'W461',1),(133,15,'W463',1),(134,16,'AIRTREK',1),(135,16,'ASX',1),(136,16,'CARISMA',1),(137,16,'CHALLENGER',1),(138,16,'DELICA',1),(139,16,'DIAMANTE',1),(140,16,'ECLIPSE',1),(141,16,'GALANT',1),(142,16,'GRANDIS',1),(143,16,'L200',1),(144,16,'LANCER',1),(145,16,'LEGNUM',1),(146,16,'MONTERA SPORT',1),(147,16,'OUTLANDER',1),(148,16,'PAJERO',1),(149,16,'PAJERO SPORT',1),(150,16,'RVR',1),(151,16,'SIGMA',1),(152,16,'SPACE GEAR',1),(153,16,'SPACE RUNNER',1),(154,16,'SPACE STAR',1),(155,16,'SPACE WAGON',1),(156,17,'ALMERA',1),(157,17,'ALMERA TINO',1),(158,17,'ALTIMA',1),(159,17,'ARMADA',1),(160,17,'BLUEBIRD',1),(161,17,'CEDRIC',1),(162,17,'CEFIRO',1),(163,17,'CUBE',1),(164,17,'ELGRAND',1),(165,17,'JUKE',1),(166,17,'LARGO',1),(167,17,'LIBERTY',1),(168,17,'MARCH',1),(169,17,'MAXIMA',1),(170,17,'MICRA',1),(171,17,'MISTRAL',1),(172,17,'MURANO',1),(173,17,'NAVARA',1),(174,17,'NOTE',1),(175,17,'NP300',1),(176,17,'PATHFINDER',1),(177,17,'PATROL',1),(178,17,'PRAIRIE',1),(179,17,'PRESAGE',1),(180,17,'PRIMERA',1),(181,17,'PULSAR',1),(182,17,'QASHQAI',1),(183,17,'QUEST',1),(184,17,'QX4',1),(185,17,'R\'NESSA',1),(186,17,'SENTRA',1),(187,17,'SERENA',1),(188,17,'SKYLINE',1),(189,17,'SUNNY',1),(190,17,'TEANA',1),(191,17,'TERRANO',1),(192,17,'TIIDA',1),(193,17,'VANETTE',1),(194,17,'XTERRA',1),(195,17,'X-TRAIL',1),(196,18,'ASTRA',1),(197,18,'FRONTERA',1),(198,18,'OMEGA',1),(199,18,'VECTRA',1),(200,18,'ZAFIRA',1),(201,19,'CAPTUR',1),(202,19,'DUSTER',1),(203,19,'KANGOO',1),(204,19,'LOGAN',1),(205,19,'MEGANE',1),(206,19,'SANDERO',1),(207,19,'SANDERO STEPWAY',1),(208,20,'FABIA',1),(209,20,'OCTAVIA',1),(210,20,'SUPERB',1),(211,20,'YETI',1),(212,21,'ASCENT',1),(213,21,'FORESTER',1),(214,21,'IMPREZZA',1),(215,21,'LEGACY',1),(216,21,'OUTBACK',1),(217,21,'TRIBECA',1),(218,21,'XV',1),(219,22,'LIANA',1),(220,22,'SWIFT',1),(221,22,'SX4',1),(222,22,'VITARA/ESCUDO',1),(223,22,'VITARA GRAND',1),(224,22,'XL-7',1),(225,23,'4RUNNER',1),(226,23,'ALTEZZA',1),(227,23,'ARISTO',1),(228,23,'AVALON',1),(229,23,'AVANZA',1),(230,23,'AVENSIS',1),(231,23,'CALDINA',1),(232,23,'CAMRY',1),(233,23,'CARINA',1),(234,23,'CELICA',1),(235,23,'CHASER',1),(236,23,'COROLLA',1),(237,23,'ESTIMA',1),(238,23,'EXIV',1),(239,23,'FJ CRUISER',1),(240,23,'FORTUNER',1),(241,23,'HARRIER',1),(242,23,'HIACE',1),(243,23,'HIGHLANDER',1),(244,23,'HILUX',1),(245,23,'HILUX SURF',1),(246,23,'IPSUM',1),(247,23,'LAND CRUISER',1),(248,23,'LITE ACE',1),(249,23,'MARK II',1),(250,23,'MATRIX',1),(251,23,'NADIA',1),(252,23,'PICNIC',1),(253,23,'PREVIA',1),(254,23,'PRIUS',1),(255,23,'RAUM',1),(256,23,'RAV-4',1),(257,23,'SEQUOIA',1),(258,23,'SIENNA',1),(259,23,'SPACIO',1),(260,23,'TACOMA',1),(261,23,'TOWNACE',1),(262,23,'TUNDRA',1),(263,23,'URBAN CRUISER',1),(264,23,'VENZA',1),(265,23,'VISTA',1),(266,23,'VISTA ARDEO',1),(267,23,'WINDOM',1),(268,23,'YARIS',1),(270,25,'BORA',1),(271,25,'CADDY',1),(272,25,'GOLF',1),(273,25,'JETTA',1),(274,25,'PASSAT',1),(275,25,'POLO',1),(276,25,'SHARAN',1),(277,25,'TOUAREG',1),(278,25,'TRANSPORTER',1),(279,25,'VENTO',1);
/*!40000 ALTER TABLE `models` ENABLE KEYS */;
UNLOCK TABLES;
DROP TABLE IF EXISTS `modification_part`;
/*!40101 SET @saved_cs_client     = @@character_set_client */;
/*!40101 SET character_set_client = utf8 */;
CREATE TABLE `modification_part` (
  `id` bigint(20) unsigned NOT NULL AUTO_INCREMENT,
  `modification_id` bigint(20) unsigned NOT NULL,
  `part_id` bigint(20) unsigned NOT NULL,
  PRIMARY KEY (`id`),
  KEY `modification_part_modification_id_foreign` (`modification_id`),
  KEY `modification_part_part_id_foreign` (`part_id`),
  CONSTRAINT `modification_part_modification_id_foreign` FOREIGN KEY (`modification_id`) REFERENCES `modifications` (`id`) ON DELETE CASCADE,
  CONSTRAINT `modification_part_part_id_foreign` FOREIGN KEY (`part_id`) REFERENCES `parts` (`id`) ON DELETE CASCADE
) ENGINE=InnoDB DEFAULT CHARSET=utf8mb4 COLLATE=utf8mb4_unicode_ci;
/*!40101 SET character_set_client = @saved_cs_client */;

LOCK TABLES `modification_part` WRITE;
/*!40000 ALTER TABLE `modification_part` DISABLE KEYS */;
/*!40000 ALTER TABLE `modification_part` ENABLE KEYS */;
UNLOCK TABLES;
DROP TABLE IF EXISTS `modifications`;
/*!40101 SET @saved_cs_client     = @@character_set_client */;
/*!40101 SET character_set_client = utf8 */;
CREATE TABLE `modifications` (
  `id` bigint(20) unsigned NOT NULL AUTO_INCREMENT,
  `cid` int(10) unsigned NOT NULL,
  `generation_id` bigint(20) unsigned NOT NULL,
  PRIMARY KEY (`id`),
  UNIQUE KEY `modifications_cid_unique` (`cid`),
  KEY `modifications_generation_id_foreign` (`generation_id`),
  CONSTRAINT `modifications_generation_id_foreign` FOREIGN KEY (`generation_id`) REFERENCES `generations` (`id`) ON DELETE CASCADE
) ENGINE=InnoDB AUTO_INCREMENT=525 DEFAULT CHARSET=utf8mb4 COLLATE=utf8mb4_unicode_ci;
/*!40101 SET character_set_client = @saved_cs_client */;

LOCK TABLES `modifications` WRITE;
/*!40000 ALTER TABLE `modifications` DISABLE KEYS */;
INSERT INTO `modifications` VALUES (2,1022686,2),(3,1022687,3),(4,1022688,4),(5,1022685,5),(6,1022641,6),(7,1022684,7),(8,1022642,8),(9,1022690,9),(10,1022694,10),(11,1022689,11),(12,1022691,12),(13,1022701,13),(14,1022673,14),(15,1022609,15),(16,1022674,16),(17,1022675,17),(18,1022640,18),(19,1022671,19),(20,1022692,20),(21,1022672,21),(22,1022693,22),(23,1022676,23),(24,1022678,24),(25,1022706,25),(26,1020906,26),(27,1020907,27),(28,1020908,28),(29,1020915,29),(30,1020909,30),(31,1020910,31),(32,1022725,32),(33,1020911,33),(34,1022707,34),(35,1022724,35),(36,1020912,36),(37,1022662,37),(38,1020913,38),(39,1020914,39),(40,1020900,40),(41,1020902,41),(42,1022730,42),(43,1022639,43),(44,1020904,44),(45,1020905,45),(46,1022703,46),(47,1022708,47),(48,1022699,48),(49,1020771,49),(50,1020772,50),(51,1020773,51),(52,1020775,52),(53,1020774,53),(54,1022705,54),(55,1020781,55),(56,1020782,56),(57,1020784,57),(58,1020783,58),(59,1022739,59),(60,1020776,60),(61,1020777,61),(62,1020778,62),(63,1020779,63),(64,1020780,64),(65,1022534,65),(66,1020791,66),(67,1020792,67),(68,1020793,68),(69,1020867,69),(70,1020866,70),(71,1020864,71),(72,1020865,72),(73,1022726,73),(74,1020794,74),(75,1020789,75),(76,1020790,76),(77,1022728,77),(78,1020863,78),(79,1020868,79),(80,1020860,80),(81,1020861,81),(82,1020862,82),(83,1020785,83),(84,1020786,84),(85,1020787,85),(86,1020788,86),(87,1022535,87),(88,1020734,88),(89,1020733,89),(90,1020850,90),(91,1020759,91),(92,1020738,92),(93,1020735,93),(94,1020736,94),(95,1022719,95),(96,1020744,96),(97,1020851,97),(98,1022600,98),(99,1020762,99),(100,1022723,100),(101,1020854,101),(102,1020852,102),(103,1020853,103),(104,1022586,104),(105,1020761,105),(106,1020758,106),(107,1020757,107),(108,1020749,108),(109,1020750,109),(110,1020751,110),(111,1020748,111),(112,1020753,112),(113,1020752,113),(114,1020740,114),(115,1020743,115),(116,1020741,116),(117,1020739,117),(118,1020742,118),(119,1020760,119),(120,1020754,120),(121,1020755,121),(122,1020745,122),(123,1020746,123),(124,1020747,124),(125,1020756,125),(126,1022597,126),(127,1022593,127),(128,1022594,128),(129,1022595,129),(130,1022540,130),(131,1022592,131),(132,1022738,132),(133,1022740,133),(134,1022741,134),(135,1020704,135),(136,1020705,136),(137,1020708,137),(138,1020706,138),(139,1020707,139),(140,1020709,140),(141,1020710,141),(142,1020711,142),(143,1020712,143),(144,1020713,144),(145,1020714,145),(146,1020715,146),(147,1020716,147),(148,1020719,148),(149,1022598,149),(150,1022599,150),(151,1020718,151),(152,1020717,152),(153,1020721,153),(154,1020720,154),(155,1020722,155),(156,1020723,156),(157,1020724,157),(158,1020726,158),(159,1020725,159),(160,1020727,160),(161,1020728,161),(162,1020731,162),(163,1020730,163),(164,1020729,164),(166,1022507,166),(167,1022548,167),(168,1022549,168),(169,1022547,169),(170,1020660,170),(171,1020661,171),(172,1020662,172),(173,1020663,173),(174,1020664,174),(175,1022700,175),(176,1020624,176),(177,1020621,177),(178,1020622,178),(179,1020623,179),(180,1020618,180),(181,1020619,181),(182,1020620,182),(183,1020673,183),(184,1020674,184),(185,1020675,185),(186,1022495,186),(187,1020680,187),(188,1020681,188),(189,1020678,189),(190,1020679,190),(191,1020795,191),(192,1020796,192),(193,1020797,193),(194,1020801,194),(195,1020802,195),(196,1020804,196),(197,1022555,197),(198,1020798,198),(199,1020799,199),(200,1020800,200),(201,1020805,201),(202,1020806,202),(203,1020807,203),(204,1022562,204),(205,1022490,205),(206,1022563,206),(207,1022557,207),(208,1022558,208),(209,1022559,209),(210,1022560,210),(211,1022561,211),(212,1020808,212),(213,1020809,213),(214,1020803,214),(215,1020810,215),(216,1020812,216),(217,1020811,217),(218,1022587,218),(219,1022556,219),(220,1020813,220),(221,1020814,221),(222,1022650,222),(223,1022657,223),(224,1022647,224),(225,1022658,225),(226,1022648,226),(227,1022660,227),(228,1022651,228),(229,1022653,229),(230,1022655,230),(231,1022649,231),(232,1022659,232),(233,1022669,233),(234,1022645,234),(235,1022661,235),(236,1022654,236),(237,1022656,237),(238,1022646,238),(239,1022652,239),(240,1020930,240),(241,1022579,241),(242,1020878,242),(243,1020928,243),(244,1020879,244),(245,1020880,245),(246,1020917,246),(247,1020918,247),(248,1020884,248),(249,1020881,249),(250,1020882,250),(251,1020883,251),(252,1022729,252),(253,1022580,253),(254,1022571,254),(255,1022570,255),(256,1022576,256),(257,1022569,257),(258,1022486,258),(259,1022575,259),(260,1020927,260),(261,1020890,261),(262,1020891,262),(263,1020892,263),(264,1020893,264),(265,1020894,265),(266,1020924,266),(267,1020926,267),(268,1020925,268),(269,1020922,269),(270,1020923,270),(271,1020919,271),(272,1022572,272),(273,1020929,273),(274,1022577,274),(275,1022573,275),(276,1022574,276),(277,1022578,277),(278,1020920,278),(279,1020921,279),(280,1022511,280),(281,1020815,281),(282,1020816,282),(283,1022512,283),(284,1020817,284),(285,1020818,285),(286,1020819,286),(287,1022515,287),(288,1022528,288),(289,1022667,289),(290,1022489,290),(291,1022485,291),(292,1022529,292),(293,1022516,293),(294,1022514,294),(295,1022517,295),(296,1020840,296),(297,1022526,297),(298,1022532,298),(299,1020869,299),(300,1020870,300),(301,1020871,301),(302,1020872,302),(303,1020839,303),(304,1022523,304),(305,1022524,305),(306,1022525,306),(307,1020820,307),(308,1020821,308),(309,1020822,309),(310,1022538,310),(311,1022527,311),(312,1022536,312),(313,1022664,313),(314,1022537,314),(315,1020823,315),(316,1020824,316),(317,1020825,317),(318,1020826,318),(319,1020827,319),(320,1020828,320),(321,1022531,321),(322,1022519,322),(323,1020873,323),(324,1020874,324),(325,1020875,325),(326,1022521,326),(327,1022488,327),(328,1022513,328),(329,1022665,329),(330,1022487,330),(331,1022539,331),(332,1022668,332),(333,1022522,333),(334,1022518,334),(335,1020829,335),(336,1020830,336),(337,1022520,337),(338,1022663,338),(339,1020831,339),(340,1020832,340),(341,1020833,341),(342,1022541,342),(343,1022666,343),(344,1020834,344),(345,1020835,345),(346,1022530,346),(347,1022670,347),(348,1022585,348),(349,1020836,349),(350,1020837,350),(351,1020838,351),(352,1022734,352),(353,1022732,353),(354,1022720,354),(355,1022735,355),(356,1022736,356),(357,1022731,357),(358,1022733,358),(359,1022588,359),(360,1020895,360),(361,1020896,361),(362,1022589,362),(363,1020897,363),(364,1022590,364),(365,1020898,365),(366,1022591,366),(367,1022713,367),(368,1022714,368),(369,1022716,369),(370,1022717,370),(371,1022742,371),(372,1022710,372),(373,1022718,373),(374,1022715,374),(375,1020763,375),(376,1020764,376),(377,1020765,377),(378,1020766,378),(379,1020769,379),(380,1022583,380),(381,1022582,381),(382,1020767,382),(383,1020859,383),(384,1020855,384),(385,1022581,385),(386,1020857,386),(387,1020858,387),(388,1020856,388),(389,1022552,389),(390,1022553,390),(391,1022554,391),(392,1022550,392),(393,1022551,393),(394,1020770,394),(395,1022584,395),(396,1020877,396),(397,1022568,397),(398,1022565,398),(399,1022567,399),(400,1020876,400),(401,1022566,401),(402,1022634,402),(403,1022564,403),(404,1020614,404),(405,1020615,405),(406,1020616,406),(407,1020617,407),(408,1022492,408),(409,1022508,409),(410,1022509,410),(411,1020634,411),(412,1020635,412),(413,1020636,413),(414,1020637,414),(415,1020638,415),(416,1022695,416),(417,1020627,417),(418,1020628,418),(419,1020629,419),(420,1020684,420),(421,1020685,421),(422,1022605,422),(423,1020639,423),(424,1020640,424),(425,1020641,425),(426,1020642,426),(427,1020643,427),(428,1020644,428),(429,1020625,429),(430,1020931,430),(431,1020626,431),(432,1020841,432),(433,1020687,433),(434,1020686,434),(435,1020630,435),(436,1020631,436),(437,1020632,437),(438,1020633,438),(439,1020842,439),(440,1020843,440),(441,1022542,441),(442,1022502,442),(443,1022721,443),(444,1020844,444),(445,1020700,445),(446,1020645,446),(447,1020646,447),(448,1020647,448),(449,1020648,449),(450,1020649,450),(451,1020691,451),(452,1020698,452),(453,1020694,453),(454,1022500,454),(455,1022501,455),(456,1022484,456),(457,1022498,457),(458,1020683,458),(459,1020653,459),(460,1020654,460),(461,1020652,461),(462,1020651,462),(463,1020682,463),(464,1020650,464),(465,1022603,465),(466,1020689,466),(467,1020690,467),(468,1020688,468),(469,1020669,469),(470,1020670,470),(471,1022506,471),(472,1022483,472),(473,1022499,473),(474,1022543,474),(475,1022545,475),(476,1020845,476),(477,1020665,477),(478,1020666,478),(479,1020667,479),(480,1020668,480),(481,1022505,481),(482,1020655,482),(483,1020656,483),(484,1020657,484),(485,1020658,485),(486,1020659,486),(487,1022503,487),(488,1022504,488),(489,1020701,489),(490,1020702,490),(491,1020703,491),(492,1022510,492),(493,1020848,493),(494,1020849,494),(495,1022604,495),(496,1020846,496),(497,1020847,497),(498,1022497,498),(499,1022496,499),(500,1022601,500),(501,1022602,501),(502,1022493,502),(503,1022494,503),(504,1020671,504),(505,1020676,505),(506,1020672,506),(508,1022644,508),(509,1022681,509),(510,1022637,510),(511,1022643,511),(512,1022679,512),(513,1022680,513),(514,1022635,514),(515,1022636,515),(516,1022638,516),(517,1022697,517),(518,1022696,518),(519,1022698,519),(520,1022704,520),(521,1022702,521),(522,1022712,522),(523,1022709,523),(524,1022711,524);
/*!40000 ALTER TABLE `modifications` ENABLE KEYS */;
UNLOCK TABLES;
DROP TABLE IF EXISTS `news`;
/*!40101 SET @saved_cs_client     = @@character_set_client */;
/*!40101 SET character_set_client = utf8 */;
CREATE TABLE `news` (
  `id` int(10) unsigned NOT NULL AUTO_INCREMENT,
  `title` varchar(255) COLLATE utf8mb4_unicode_ci DEFAULT NULL,
  `url` varchar(255) COLLATE utf8mb4_unicode_ci NOT NULL,
  `image` varchar(64) COLLATE utf8mb4_unicode_ci DEFAULT NULL,
  `image_alt` varchar(255) COLLATE utf8mb4_unicode_ci DEFAULT NULL,
  `image_title` varchar(255) COLLATE utf8mb4_unicode_ci DEFAULT NULL,
  `short` text COLLATE utf8mb4_unicode_ci,
  `content` text COLLATE utf8mb4_unicode_ci,
  `seo_title` varchar(255) COLLATE utf8mb4_unicode_ci DEFAULT NULL,
  `seo_description` text COLLATE utf8mb4_unicode_ci,
  `seo_keywords` varchar(255) COLLATE utf8mb4_unicode_ci DEFAULT NULL,
  `active` tinyint(1) NOT NULL DEFAULT '1',
  `created_at` timestamp NULL DEFAULT NULL,
  `updated_at` timestamp NULL DEFAULT NULL,
  PRIMARY KEY (`id`)
) ENGINE=InnoDB AUTO_INCREMENT=4 DEFAULT CHARSET=utf8mb4 COLLATE=utf8mb4_unicode_ci;
/*!40101 SET character_set_client = @saved_cs_client */;

LOCK TABLES `news` WRITE;
/*!40000 ALTER TABLE `news` DISABLE KEYS */;
INSERT INTO `news` VALUES (1,'Чинить автомобили по ОСАГО предложили старыми деталями','chinit-avtomobili-po-osago-predlozhili-starymi-detalyami-2','pIU8yiOEqb4xrSOOPU.png',NULL,NULL,'В России могут разрешить использование старых деталей при ремонте автомобиля в рамках ОСАГО наравне с новыми. При этом согласие владельца машины на это не потребуется.','<p>Lorem ipsum dolor sit amet, consectetur adipiscing elit. Sed sed libero vitae arcu pulvinar laoreet. Sed pellentesque velit tincidunt, tincidunt lorem id, mollis odio. Mauris auctor nunc eget eleifend pretium. Morbi bibendum tempor eros ac pretium. Donec et turpis pellentesque, molestie ligula sed, finibus ligula. Nullam dolor ipsum, faucibus id tincidunt sed, sollicitudin ultrices nisi. Nunc tempus fringilla libero eu convallis. Duis pretium maximus facilisis. Lorem ipsum dolor sit amet, consectetur adipiscing elit. Praesent iaculis aliquet libero, tempor dignissim ex facilisis in.</p>\r\n\r\n<p>Mauris pulvinar bibendum eros id eleifend. Donec lobortis augue enim, a varius nulla posuere ac. Sed est mi, luctus sed ipsum nec, pellentesque luctus ligula. Aliquam erat volutpat. Nam in ultrices diam. Fusce venenatis mi eget rhoncus porttitor. Aenean convallis elementum neque, ut feugiat justo luctus ut. Donec metus odio, finibus quis facilisis vitae, dignissim eget erat. Vestibulum odio nibh, laoreet non ipsum ac, blandit vulputate lacus. Donec fringilla tempus finibus.</p>\r\n\r\n<p>Cras vehicula mattis erat, in condimentum elit efficitur non. Vivamus et molestie nibh. Quisque et risus in lacus maximus tempor. Morbi non dignissim diam. Ut pellentesque ornare ligula eu laoreet. Curabitur congue ante et ipsum euismod ornare. Fusce venenatis mollis sollicitudin. Vestibulum erat dolor, fringilla ac semper luctus, euismod at nulla.</p>\r\n\r\n<p>Nullam posuere varius orci a dapibus. Cras porttitor ex ac libero pharetra, ullamcorper accumsan diam dapibus. Praesent in interdum arcu, aliquet bibendum sapien. Etiam tristique purus quis velit hendrerit, egestas volutpat nunc scelerisque. Duis ac lobortis augue. Morbi a interdum nisi. Cras venenatis rhoncus maximus. Nulla eu enim vel magna lacinia faucibus ut sed metus. Cras placerat venenatis aliquet. Nulla facilisis metus non nisi venenatis, ut fringilla nibh egestas. Duis sit amet metus quis neque scelerisque sodales vitae nec leo. Aliquam porta metus in metus ornare blandit. In congue sit amet nisi non tempor. Vestibulum malesuada justo ut mauris mattis faucibus at nec lacus. Aenean facilisis eros sed odio maximus, et rutrum felis placerat.</p>','3','5','4',1,'2019-10-07 11:50:25','2019-10-07 11:59:48'),(2,'Чинить автомобили по ОСАГО предложили старыми деталями','chinit-avtomobili-po-osago-predlozhili-starymi-detalyami','qt2ZJv8Xlam5CujC0U.png','alt','title','В России могут разрешить использование старых деталей при ремонте автомобиля в рамках ОСАГО наравне с новыми. При этом согласие владельца машины на это не потребуется.','<p>Lorem ipsum dolor sit amet, consectetur adipiscing elit. Sed sed libero vitae arcu pulvinar laoreet. Sed pellentesque velit tincidunt, tincidunt lorem id, mollis odio. Mauris auctor nunc eget eleifend pretium. Morbi bibendum tempor eros ac pretium. Donec et turpis pellentesque, molestie ligula sed, finibus ligula. Nullam dolor ipsum, faucibus id tincidunt sed, sollicitudin ultrices nisi. Nunc tempus fringilla libero eu convallis. Duis pretium maximus facilisis. Lorem ipsum dolor sit amet, consectetur adipiscing elit. Praesent iaculis aliquet libero, tempor dignissim ex facilisis in.</p>\r\n\r\n<p>Mauris pulvinar bibendum eros id eleifend. Donec lobortis augue enim, a varius nulla posuere ac. Sed est mi, luctus sed ipsum nec, pellentesque luctus ligula. Aliquam erat volutpat. Nam in ultrices diam. Fusce venenatis mi eget rhoncus porttitor. Aenean convallis elementum neque, ut feugiat justo luctus ut. Donec metus odio, finibus quis facilisis vitae, dignissim eget erat. Vestibulum odio nibh, laoreet non ipsum ac, blandit vulputate lacus. Donec fringilla tempus finibus.</p>\r\n\r\n<p>Cras vehicula mattis erat, in condimentum elit efficitur non. Vivamus et molestie nibh. Quisque et risus in lacus maximus tempor. Morbi non dignissim diam. Ut pellentesque ornare ligula eu laoreet. Curabitur congue ante et ipsum euismod ornare. Fusce venenatis mollis sollicitudin. Vestibulum erat dolor, fringilla ac semper luctus, euismod at nulla.</p>\r\n\r\n<p>Nullam posuere varius orci a dapibus. Cras porttitor ex ac libero pharetra, ullamcorper accumsan diam dapibus. Praesent in interdum arcu, aliquet bibendum sapien. Etiam tristique purus quis velit hendrerit, egestas volutpat nunc scelerisque. Duis ac lobortis augue. Morbi a interdum nisi. Cras venenatis rhoncus maximus. Nulla eu enim vel magna lacinia faucibus ut sed metus. Cras placerat venenatis aliquet. Nulla facilisis metus non nisi venenatis, ut fringilla nibh egestas. Duis sit amet metus quis neque scelerisque sodales vitae nec leo. Aliquam porta metus in metus ornare blandit. In congue sit amet nisi non tempor. Vestibulum malesuada justo ut mauris mattis faucibus at nec lacus. Aenean facilisis eros sed odio maximus, et rutrum felis placerat.</p>',NULL,NULL,NULL,1,'2019-10-07 11:50:45','2019-10-06 20:00:00'),(3,'Чинить автомобили по ОСАГО предложили старыми деталями','chinit-avtomobili-po-osago-predlozhili-starymi-detalyami-3','30dCiMMJVxnqvzSa3c.png',NULL,NULL,'В России могут разрешить использование старых деталей при ремонте автомобиля в рамках ОСАГО наравне с новыми. При этом согласие владельца машины на это не потребуется.','<p>Lorem ipsum dolor sit amet, consectetur adipiscing elit. Sed sed libero vitae arcu pulvinar laoreet. Sed pellentesque velit tincidunt, tincidunt lorem id, mollis odio. Mauris auctor nunc eget eleifend pretium. Morbi bibendum tempor eros ac pretium. Donec et turpis pellentesque, molestie ligula sed, finibus ligula. Nullam dolor ipsum, faucibus id tincidunt sed, sollicitudin ultrices nisi. Nunc tempus fringilla libero eu convallis. Duis pretium maximus facilisis. Lorem ipsum dolor sit amet, consectetur adipiscing elit. Praesent iaculis aliquet libero, tempor dignissim ex facilisis in.</p>\r\n\r\n<p>Mauris pulvinar bibendum eros id eleifend. Donec lobortis augue enim, a varius nulla posuere ac. Sed est mi, luctus sed ipsum nec, pellentesque luctus ligula. Aliquam erat volutpat. Nam in ultrices diam. Fusce venenatis mi eget rhoncus porttitor. Aenean convallis elementum neque, ut feugiat justo luctus ut. Donec metus odio, finibus quis facilisis vitae, dignissim eget erat. Vestibulum odio nibh, laoreet non ipsum ac, blandit vulputate lacus. Donec fringilla tempus finibus.</p>\r\n\r\n<p>Cras vehicula mattis erat, in condimentum elit efficitur non. Vivamus et molestie nibh. Quisque et risus in lacus maximus tempor. Morbi non dignissim diam. Ut pellentesque ornare ligula eu laoreet. Curabitur congue ante et ipsum euismod ornare. Fusce venenatis mollis sollicitudin. Vestibulum erat dolor, fringilla ac semper luctus, euismod at nulla.</p>\r\n\r\n<p>Nullam posuere varius orci a dapibus. Cras porttitor ex ac libero pharetra, ullamcorper accumsan diam dapibus. Praesent in interdum arcu, aliquet bibendum sapien. Etiam tristique purus quis velit hendrerit, egestas volutpat nunc scelerisque. Duis ac lobortis augue. Morbi a interdum nisi. Cras venenatis rhoncus maximus. Nulla eu enim vel magna lacinia faucibus ut sed metus. Cras placerat venenatis aliquet. Nulla facilisis metus non nisi venenatis, ut fringilla nibh egestas. Duis sit amet metus quis neque scelerisque sodales vitae nec leo. Aliquam porta metus in metus ornare blandit. In congue sit amet nisi non tempor. Vestibulum malesuada justo ut mauris mattis faucibus at nec lacus. Aenean facilisis eros sed odio maximus, et rutrum felis placerat.</p>',NULL,NULL,NULL,1,'2019-10-07 11:53:55','2019-10-07 12:49:11');
/*!40000 ALTER TABLE `news` ENABLE KEYS */;
UNLOCK TABLES;
DROP TABLE IF EXISTS `order_part`;
/*!40101 SET @saved_cs_client     = @@character_set_client */;
/*!40101 SET character_set_client = utf8 */;
CREATE TABLE `order_part` (
  `id` bigint(20) unsigned NOT NULL AUTO_INCREMENT,
  `order_id` bigint(20) unsigned NOT NULL,
  `part_id` bigint(20) unsigned NOT NULL,
  `count` int(10) unsigned NOT NULL,
  `price` double(18,2) unsigned NOT NULL,
  `real_price` int(10) unsigned DEFAULT NULL,
  `name` varchar(255) COLLATE utf8mb4_unicode_ci DEFAULT NULL,
  `code` varchar(255) COLLATE utf8mb4_unicode_ci DEFAULT NULL,
  `sum` double(18,2) unsigned NOT NULL,
  PRIMARY KEY (`id`),
  KEY `order_part_order_id_foreign` (`order_id`),
  CONSTRAINT `order_part_order_id_foreign` FOREIGN KEY (`order_id`) REFERENCES `orders` (`id`) ON DELETE CASCADE
) ENGINE=InnoDB AUTO_INCREMENT=61 DEFAULT CHARSET=utf8mb4 COLLATE=utf8mb4_unicode_ci;
/*!40101 SET character_set_client = @saved_cs_client */;

LOCK TABLES `order_part` WRITE;
/*!40000 ALTER TABLE `order_part` DISABLE KEYS */;
INSERT INTO `order_part` VALUES (1,1,14,3,1.00,NULL,'Крестовино TO SXV20 97-01 KRESXV97','156',3.00),(2,1,8,100,1000.00,1200,'Test','2',80000.00),(3,2,8,100,1000.00,1200,'Test','2',80000.00),(4,3,6,4,8500.00,NULL,'Test','5100',34000.00),(5,3,43,1,1.00,NULL,'Натяжитель цепи ГРМ TO COROLLA 1ZZ 3ZZ 01-','748',1.00),(6,4,10,18,1300.00,NULL,'Test','94122',23400.00),(7,5,10,30,1300.00,NULL,'Test','94122',39000.00),(8,6,10,31,1300.00,NULL,'Test','94122',40300.00),(9,7,10,35,1300.00,NULL,'Test','94122',45500.00),(10,7,7,1,6500.00,NULL,'Test','5',6500.00),(11,7,42,3,1.00,NULL,'Натяжитель цепи ГРМ NI PATROL Y61 ZD30 3.0 97-','747',3.00),(12,8,10,17,1300.00,NULL,'Test','94122',22100.00),(13,9,40,6,500.00,NULL,'Натяжитель цепи ГРМ NI A32 A33 VQ20 VQ25 VQ30 PATHFINDER VQ35 01-','744',3000.00),(14,9,9,7,9500.00,NULL,'Test','3',66500.00),(15,9,7,5,6500.00,NULL,'Test','5',26975.00),(16,10,14,13,1.00,NULL,'Крестовино TO SXV20 97-01 KRESXV97','156',13.00),(17,10,15,16,1.00,NULL,'Рулевая рейка оригинал HO CR-V 97-01 HOCV97  53601-S10-A01','158',16.00),(18,10,10,12,45000.00,48500,'Бампер задний 2008-2014','94122',540000.00),(19,10,75,100,4500.00,NULL,'колодки тормозные','A2N104',450000.00),(20,10,7,3,6500.00,NULL,'Test','5',19500.00),(21,11,2239,1,70.00,NULL,'\"MUSASHI TAIWAN\" MA Маслосъемные калпочки CAPELLA/626 08.90-02.94 F8/FE 16кл.','MV307 TW',70.00),(22,12,2239,1040,70.00,NULL,'\"MUSASHI TAIWAN\" MA Маслосъемные калпочки CAPELLA/626 08.90-02.94 F8/FE 16кл.','MV307 TW',72800.00),(23,12,2242,1032,70.00,NULL,'\"MUSASHI TAIWAN\" MA Маслосъемные калпочки CAPELLA/626 CRONUS FP/FS 09.91-02 наруж.  **KL/KF/K8/KJ 24 кл. V6 09.91-00 наруж. **RF 06.98-99 in/ex FE 16кл. 02.94-97  **DEMIO/323 B3/B 07.96-02  **BP 07.93-98 ZL 04.98-04 наруж.','MV309 TW',72240.00),(24,12,2243,2344,70.00,NULL,'\"MUSASHI TAIWAN\" MA Маслосъемные калпочки CAPELLA/626 FAMILIA 01.88-97 RF 2.0л. диз.   **BONGO 11.86-04 R2','MV304 TW',164080.00),(25,12,2244,1064,70.00,NULL,'\"MUSASHI TAIWAN\" MA Маслосъемные калпочки FAMILIA/323 03.94-98 Z5 1.5л. Внут.','MV317 TW',74480.00),(26,12,1120,3,116500.00,NULL,'\"SONAR\" LX IS250 06-12 CHROME (комплект пер. фара)','SK3470-LXIS206-JG',349500.00),(27,12,3086,1,114330.00,NULL,'TO CAMRY 50 оригинал ДВЕРЬ зад. лев.','67004-06190',114330.00),(28,12,1119,2,110000.00,NULL,'\"SONAR\" LX IS250 06-12 CHROME (комплект пер. фара)','SK3400-LXIS206-J',220000.00),(29,13,1120,3,116500.00,NULL,'\"SONAR\" LX IS250 06-12 CHROME (комплект пер. фара)','SK3470-LXIS206-JG',349500.00),(30,13,3086,1,114330.00,NULL,'TO CAMRY 50 оригинал ДВЕРЬ зад. лев.','67004-06190',114330.00),(31,13,1119,2,110000.00,NULL,'\"SONAR\" LX IS250 06-12 CHROME (комплект пер. фара)','SK3400-LXIS206-J',220000.00),(32,13,1121,3,105000.00,NULL,'\"SONAR\" LX RX330/350 04-09 CHROME (комплект пер. фара)','SK3400-LXR04-E',315000.00),(33,13,1409,2,93500.00,NULL,'TO LX RX330 04-06 фара комплект пер. (CHROME HOUSING&CLEAR PRJ. AMPER REFL. LED)  \"EAGLE EYES\"','TY966-B9WXW',187000.00),(34,13,1235,2,91250.00,NULL,'TO CAMRY 12- (фара комплект пер.) )BLACK HOUSING&CLEAR PRJ. LIGHT BAR) \"EAGLE EYES\"','TY1190-B5W10-B2H',182500.00),(35,13,1234,5,89250.00,NULL,'TO CAMRY 12- (фара комплект пер.) (CHROME HOUSING&CLEAR PRJ. LIGHT BAR) \"EAGLE EYES\"','TY1190-B5WUW',446250.00),(36,13,1370,1,85380.00,NULL,'TO HILUX 15- ФАРА ПЕР. ЛЕВАЯ (ПОД КОРРЕКТОР/LED)   \"DEPO\"','212-11AML-LDEM2',85380.00),(37,13,1236,5,82150.00,NULL,'TO CAMRY 12- (фара комплект пер.) )CHROME HOUSING&CLEAR PRJ. LIGHT BAR) \"EAGLE EYES\"','TY1190-B5W10-2V',410750.00),(38,13,3108,12,82000.00,NULL,'TO CAMRY 45 10- БАМПЕР пер. LEXUS STYLE \"SMK\"','YAD-KMR-2009',984000.00),(39,13,1382,2,77260.00,NULL,'TO L/CRUISER 200 16-  пер лев. Фара \"CASP\"','12-4190-LD-L',154520.00),(40,13,978,1,75285.00,NULL,'\"\"Цепь ГРМ комплект MA L3 2.0 CX-7/MAZDA3/MAZDA6 07-11 с VVTI и шестеренка \"SDING YUH\"','TK-MA160-B',75285.00),(41,13,1158,1,73410.00,NULL,'LX ES350 12- ФАРА  ПЕР. ПРАВАЯ (ПОД КОРРЕКТОР/LED/HID)   \"DEPO\"','224-1113RMLDHM2',73410.00),(42,13,1249,4,69500.00,NULL,'TO CAMRY 45 10- (комплект пер. фара) WHITE \"SMK\"','YAA-KMR-0231CW',278000.00),(43,13,971,3,65750.00,NULL,'\"\"Цепь ГРМ комплект LX 1UR 4.6/5.0 GS,GX,IS,LS \"SDING YUH\"','TK-TY236',197250.00),(44,13,1027,2,63835.00,NULL,'\"\"Цепь ГРМ комплект NI YD22DDTI 00-08 \"SDING YUH\"','TK-NS162',127670.00),(45,13,1095,20,58895.00,NULL,'Цепь ГРМ комплект TO 1GR 4.0 01-08.2009 комплект \"OSK\"','T055K',1177900.00),(46,13,975,2,57800.00,NULL,'\"\"Цепь ГРМ комплект MA DURATEC 35 /CA 3.7 24v 06- DOHC','TK-MA171',115600.00),(47,13,1015,3,57560.00,NULL,'\"\"Цепь ГРМ комплект NI VK56DE 5.6 04- \"SDING YUH\"','TK-NS170',172680.00),(48,13,970,6,56305.00,NULL,'\"\"Цепь ГРМ комплект INF FX35 VQ35 03- \"SDING YUH\"','TK-IN004',337830.00),(49,13,1237,3,55000.00,NULL,'TO CAMRY 12- AUDI STYLE \"SMK\" фара пер.','TY1190-B6WH0-B2H',165000.00),(50,13,1410,1,55000.00,NULL,'TO LX RX350 10-12 (CHROME HOUSING&CLEAR PRJ. AMPER REFL. LED) комплект пер. \"EAGLE EYES\"','TY1232-B0W1A',55000.00),(51,13,1126,3,55000.00,NULL,'\"SONAR\" TO HIGHLANDER USA CHROME 12- (комплект пер. фара)','SK3400-TYHL12-Y',165000.00),(52,13,1432,5,53200.00,NULL,'TO RAV-4 13-  ФАРА  ПЕР. ЛЕВАЯ    \"DEPO\"','212-11W1L-LDEM2',266000.00),(53,13,1155,12,32450.00,NULL,'LX ES350 07-09 фара пер. лев. HALOGEN  \"EAGLE EYES\"','TY982-A001L',389400.00),(54,14,2239,5,70.00,NULL,'\"MUSASHI TAIWAN\" MA Маслосъемные калпочки CAPELLA/626 08.90-02.94 F8/FE 16кл.','MV307 TW',350.00),(55,14,2242,4,70.00,NULL,'\"MUSASHI TAIWAN\" MA Маслосъемные калпочки CAPELLA/626 CRONUS FP/FS 09.91-02 наруж.  **KL/KF/K8/KJ 24 кл. V6 09.91-00 наруж. **RF 06.98-99 in/ex FE 16кл. 02.94-97  **DEMIO/323 B3/B 07.96-02  **BP 07.93-98 ZL 04.98-04 наруж.','MV309 TW',280.00),(56,14,2243,3,70.00,NULL,'\"MUSASHI TAIWAN\" MA Маслосъемные калпочки CAPELLA/626 FAMILIA 01.88-97 RF 2.0л. диз.   **BONGO 11.86-04 R2','MV304 TW',210.00),(57,14,2244,3,70.00,NULL,'\"MUSASHI TAIWAN\" MA Маслосъемные калпочки FAMILIA/323 03.94-98 Z5 1.5л. Внут.','MV317 TW',210.00),(58,14,1234,1,89250.00,NULL,'TO CAMRY 12- (фара комплект пер.) (CHROME HOUSING&CLEAR PRJ. LIGHT BAR) \"EAGLE EYES\"','TY1190-B5WUW',89250.00),(59,15,2239,5,70.00,NULL,'\"MUSASHI TAIWAN\" MA Маслосъемные калпочки CAPELLA/626 08.90-02.94 F8/FE 16кл.','MV307 TW',350.00),(60,15,2242,6,70.00,NULL,'\"MUSASHI TAIWAN\" MA Маслосъемные калпочки CAPELLA/626 CRONUS FP/FS 09.91-02 наруж.  **KL/KF/K8/KJ 24 кл. V6 09.91-00 наруж. **RF 06.98-99 in/ex FE 16кл. 02.94-97  **DEMIO/323 B3/B 07.96-02  **BP 07.93-98 ZL 04.98-04 наруж.','MV309 TW',420.00);
/*!40000 ALTER TABLE `order_part` ENABLE KEYS */;
UNLOCK TABLES;
DROP TABLE IF EXISTS `orders`;
/*!40101 SET @saved_cs_client     = @@character_set_client */;
/*!40101 SET character_set_client = utf8 */;
CREATE TABLE `orders` (
  `id` bigint(20) unsigned NOT NULL AUTO_INCREMENT,
  `user_id` bigint(20) unsigned NOT NULL,
  `name` varchar(255) COLLATE utf8mb4_unicode_ci DEFAULT NULL,
  `phone` varchar(255) COLLATE utf8mb4_unicode_ci DEFAULT NULL,
  `delivery` tinyint(1) NOT NULL DEFAULT '0',
  `address` varchar(255) COLLATE utf8mb4_unicode_ci DEFAULT NULL,
  `region_id` int(10) unsigned DEFAULT NULL,
  `region_name` varchar(255) COLLATE utf8mb4_unicode_ci DEFAULT NULL,
  `city_id` int(10) unsigned DEFAULT NULL,
  `city_name` varchar(255) COLLATE utf8mb4_unicode_ci DEFAULT NULL,
  `pickup_point_id` int(10) unsigned DEFAULT NULL,
  `pickup_point_address` varchar(255) COLLATE utf8mb4_unicode_ci DEFAULT NULL,
  `real_sum` double(18,2) unsigned NOT NULL,
  `sum` double(18,2) unsigned NOT NULL DEFAULT '0.00',
  `delivery_price` int(10) unsigned NOT NULL DEFAULT '0',
  `total` double(18,2) unsigned NOT NULL DEFAULT '0.00',
  `payment_method` enum('cash','bank') COLLATE utf8mb4_unicode_ci NOT NULL DEFAULT 'cash',
  `paid_request` tinyint(1) NOT NULL DEFAULT '0',
  `status` tinyint(4) NOT NULL DEFAULT '0',
  `process` tinyint(4) NOT NULL DEFAULT '0',
  `paid` tinyint(1) NOT NULL DEFAULT '0',
  `sale` tinyint(4) NOT NULL DEFAULT '0',
  `created_at` timestamp NULL DEFAULT NULL,
  `updated_at` timestamp NULL DEFAULT NULL,
  PRIMARY KEY (`id`)
) ENGINE=InnoDB AUTO_INCREMENT=16 DEFAULT CHARSET=utf8mb4 COLLATE=utf8mb4_unicode_ci;
/*!40101 SET character_set_client = @saved_cs_client */;

LOCK TABLES `orders` WRITE;
/*!40000 ALTER TABLE `orders` DISABLE KEYS */;
INSERT INTO `orders` VALUES (1,1,'Айк','8182843009',1,'11634 VICTORY BLVD UNIT 1 NORTH',4,'Region1',3,'City 1',NULL,NULL,80003.00,80001.50,1000,81001.50,'cash',0,2,3,1,50,'2019-11-14 13:02:30','2019-11-24 15:37:28'),(2,1,'Айк','+374553256655',0,NULL,NULL,NULL,NULL,NULL,NULL,NULL,80000.00,80000.00,0,80000.00,'cash',0,2,3,1,50,'2019-11-15 19:07:50','2019-11-16 12:36:13'),(3,1,'Hayk Zakaryan','+374553256655',1,'54th house',4,'Region1',3,'City 1',NULL,NULL,34001.00,17000.50,1000,18000.50,'cash',0,-1,0,0,0,'2019-11-22 11:15:21','2019-11-24 15:37:39'),(4,1,'Hayk Zakaryan','+374553256655',1,'54th house',4,'Region1',3,'City 1',NULL,NULL,23400.00,11700.00,1000,12700.00,'cash',0,0,0,0,0,'2019-11-22 11:18:25','2019-11-22 11:18:25'),(5,1,'Hayk Zakaryan','+374553256655',1,'54th house',4,'Region1',3,'City 1',NULL,NULL,39000.00,19500.00,1000,20500.00,'cash',0,2,3,1,0,'2019-11-22 11:20:02','2019-11-24 14:56:30'),(6,1,'Hayk Zakaryan','+374553256655',1,'54th house',4,'Region1',4,'City 2',NULL,NULL,40300.00,20150.00,2000,22150.00,'cash',0,2,3,1,0,'2019-11-22 12:27:24','2019-11-22 12:31:07'),(7,1,'Айк','+374553256655',0,NULL,NULL,NULL,NULL,NULL,3,'54th house',52003.00,26001.50,0,26001.50,'bank',1,2,3,1,0,'2019-11-23 11:02:37','2019-11-23 14:28:02'),(8,2,'Test','+444444444',0,NULL,NULL,NULL,NULL,NULL,3,'54th house',22100.00,22100.00,0,22100.00,'bank',0,1,0,0,0,'2019-11-24 15:25:24','2019-11-26 15:18:37'),(9,1,'Айк','+374553256655',1,'yukuki',5,'Region 2',6,'City 4',NULL,NULL,96475.00,61725.00,5000,66725.00,'bank',0,2,3,1,0,'2019-11-25 08:48:21','2019-11-25 08:51:43'),(10,1,'Айк','8182843009',1,'11634 VICTORY BLVD UNIT 1 NORTH',4,'Region1',3,'City 1',NULL,NULL,999999.99,999999.99,1000,999999.99,'bank',1,1,2,1,0,'2019-11-27 09:11:04','2019-11-27 09:12:14'),(11,1,'Айк','+374553256655',0,NULL,NULL,NULL,NULL,NULL,4,'Алматы Казахстан, с. Мадениет уч. 383',70.00,69.30,0,69.30,'cash',0,0,0,0,0,'2019-12-07 09:21:51','2019-12-07 09:21:51'),(12,1,'Айк','8182843009',1,'11634 VICTORY BLVD UNIT 1 NORTH',5,'Region 2',5,'City 3',NULL,NULL,999999.99,999999.99,3000,999999.99,'bank',0,0,0,0,0,'2019-12-28 09:56:15','2019-12-28 09:56:15'),(13,1,'Айк','8182843009',1,'11634 VICTORY BLVD UNIT 1 NORTH',4,'Region1',3,'City 1',NULL,NULL,7045255.00,6974802.45,1000,6975802.45,'cash',0,0,0,0,0,'2019-12-28 10:03:08','2019-12-28 10:03:08'),(14,1,'Айк','+374553256655',0,NULL,NULL,NULL,NULL,NULL,4,'Алматы Казахстан, с. Мадениет уч. 383',90300.00,89397.00,0,89397.00,'cash',0,0,0,0,0,'2019-12-28 10:16:22','2019-12-28 10:16:22'),(15,1,'Айк','+374553256655',0,NULL,NULL,NULL,NULL,NULL,4,'Алматы Казахстан, с. Мадениет уч. 383',770.00,762.30,0,762.30,'bank',1,1,0,0,0,'2019-12-28 11:27:25','2019-12-29 15:26:21');
/*!40000 ALTER TABLE `orders` ENABLE KEYS */;
UNLOCK TABLES;
DROP TABLE IF EXISTS `pages`;
/*!40101 SET @saved_cs_client     = @@character_set_client */;
/*!40101 SET character_set_client = utf8 */;
CREATE TABLE `pages` (
  `id` int(10) unsigned NOT NULL AUTO_INCREMENT,
  `url` varchar(255) COLLATE utf8mb4_unicode_ci DEFAULT NULL,
  `title` varchar(255) COLLATE utf8mb4_unicode_ci DEFAULT NULL,
  `static` varchar(64) COLLATE utf8mb4_unicode_ci DEFAULT NULL,
  `image` varchar(64) COLLATE utf8mb4_unicode_ci DEFAULT NULL,
  `image_alt` varchar(255) COLLATE utf8mb4_unicode_ci DEFAULT NULL,
  `image_title` varchar(255) COLLATE utf8mb4_unicode_ci DEFAULT NULL,
  `show_image` tinyint(1) NOT NULL DEFAULT '1',
  `content` text COLLATE utf8mb4_unicode_ci,
  `on_menu` tinyint(1) NOT NULL DEFAULT '1',
  `on_footer` tinyint(1) NOT NULL DEFAULT '0',
  `active` tinyint(1) NOT NULL DEFAULT '1',
  `sort` int(10) unsigned NOT NULL DEFAULT '0',
  `seo_title` varchar(255) COLLATE utf8mb4_unicode_ci DEFAULT NULL,
  `seo_description` text COLLATE utf8mb4_unicode_ci,
  `seo_keywords` varchar(255) COLLATE utf8mb4_unicode_ci DEFAULT NULL,
  `created_at` timestamp NULL DEFAULT NULL,
  `updated_at` timestamp NULL DEFAULT NULL,
  PRIMARY KEY (`id`)
) ENGINE=InnoDB AUTO_INCREMENT=15 DEFAULT CHARSET=utf8mb4 COLLATE=utf8mb4_unicode_ci;
/*!40101 SET character_set_client = @saved_cs_client */;

LOCK TABLES `pages` WRITE;
/*!40000 ALTER TABLE `pages` DISABLE KEYS */;
INSERT INTO `pages` VALUES (1,'home','Главная','home',NULL,NULL,NULL,0,NULL,1,0,1,1,'Bauten.org',NULL,NULL,'2019-10-04 16:49:11','2019-11-07 11:13:23'),(2,'store','Интернет магазин','catalogs',NULL,NULL,NULL,1,NULL,1,0,1,2,NULL,NULL,NULL,'2019-10-04 16:49:11','2019-10-07 14:39:09'),(3,'marks','Марки','marks',NULL,NULL,NULL,1,NULL,1,0,1,3,NULL,NULL,NULL,'2019-10-05 12:38:09','2019-10-07 11:00:19'),(4,'brands','Бренды','brands',NULL,NULL,NULL,1,NULL,1,0,1,4,NULL,NULL,NULL,'2019-10-05 12:38:09','2019-10-07 11:00:19'),(5,'terms','Условия','terms',NULL,NULL,NULL,1,NULL,1,1,1,5,NULL,NULL,NULL,'2019-10-05 12:38:09','2019-10-07 18:11:41'),(6,'contacts','Контакты','contacts',NULL,NULL,NULL,1,NULL,1,0,1,8,NULL,NULL,NULL,'2019-10-05 12:38:09','2019-10-07 11:00:19'),(7,'news','Новости','news',NULL,NULL,NULL,1,NULL,1,0,1,7,NULL,NULL,NULL,NULL,'2019-10-07 12:15:38'),(8,'about','О компании',NULL,'kwEXA6FGegF0R9uSbi.jpg','Alt','Title',1,'<p>Группа компаний&nbsp;<strong>&laquo;BAUTEN&raquo;</strong>&nbsp;является динамично и стабильно развивающейся компанией, которая осуществляет продажу автозапчастей и комплектующих к автомобилям оптом и в розницу на рынке&nbsp;<strong>Казахстана</strong>&nbsp;более&nbsp;<strong>10 лет</strong>. Осуществляя свою деятельность, мы стараемся вбирать в себя только самые лучшие тенденции, тем самым демонстрируя вам, нашим конечным потребителям только качественные товары и услуги по комплексному ремонту&nbsp;<strong>вашего автомобиля</strong>. Сегодня, у нас в наличие&nbsp;<strong>более 15`000 тысяч наименований автозапчастей</strong>&nbsp;на автомобили Японии, стран Европы, Азии.</p>\r\n\r\n<p>&nbsp;</p>\r\n\r\n<p>Каждый автовладелец знает на своем опыте, что порой бывает не просто найти комплектующие детали для ремонта. Автомобильные мастерские не всегда располагают складом, и цены там к тому же обычно завышены. Приходится тратить немало времени на поиск нужных деталей в магазинах и на авторынках, которые не всегда могут быть качественными. Нашей основной целью является обеспечить высококачественными запасными частями для автомобилей по&nbsp;<strong>доступным ценам.</strong></p>\r\n\r\n<p>&nbsp;</p>\r\n\r\n<p>Сотрудничая с нами, вы можете выбрать наиболее удобный вариант доставки либо самостоятельно забрать товар со склада. Мы всегда идем навстречу нашим клиентам, поэтому готовы рассмотреть ваши предложения по вариантам доставки заказа в ваш регион. Индивидуальный подход позволяет нам предлагать каждому покупателю именно тот ассортимент, который ему необходим. Благодаря высокому профессионализму сотрудников и ответственному подходу к работе, мы поставляем нашим клиентам только качественные детали и строго соблюдаем обязательства по логистике.</p>\r\n\r\n<p>&nbsp;</p>\r\n\r\n<hr />\r\n<p>Работать с нами не только&nbsp;<strong>УДОБНО</strong>, но и&nbsp;<strong>ВЫГОДНО!</strong></p>',1,0,1,6,NULL,NULL,NULL,'2019-10-07 10:56:05','2019-11-26 06:46:12'),(9,'public-offer','Публичная оферта',NULL,NULL,NULL,NULL,1,'<p>Lorem ipsum dolor sit amet, consectetur adipiscing elit. Vestibulum eget varius augue. Curabitur condimentum ligula lectus, sit amet suscipit lorem pretium in. Aenean vestibulum, neque vel venenatis fringilla, ipsum eros dignissim sapien, vitae luctus dolor ligula non nisl. Suspendisse id imperdiet neque. In nec faucibus orci. Fusce tempor suscipit commodo. Integer nec ex eros. Fusce interdum augue in fermentum sodales. Nulla eget mauris in leo accumsan ullamcorper quis pretium magna. Sed a tempus nisi. Cras sit amet sagittis enim, suscipit tincidunt sapien.</p>\r\n\r\n<p>Sed sollicitudin posuere tortor in accumsan. Morbi tincidunt turpis ut condimentum auctor. Maecenas mollis ut lacus semper hendrerit. Nunc et congue arcu. Interdum et malesuada fames ac ante ipsum primis in faucibus. In lacinia facilisis varius. Proin hendrerit tellus id elit suscipit dapibus. Fusce vulputate, ipsum eget consectetur fringilla, odio nunc sollicitudin lectus, suscipit ultricies ante leo non massa. Nunc id pulvinar est. Aliquam accumsan congue erat lobortis fringilla. Cras faucibus id sem id posuere. Praesent ullamcorper, arcu at bibendum laoreet, velit purus eleifend dui, ut efficitur ipsum sapien non sem. Duis nec quam dui. Integer in nulla bibendum, gravida metus eu, dapibus tellus.</p>\r\n\r\n<p>Vestibulum aliquet diam sed enim scelerisque sagittis. Nunc id orci et enim rhoncus gravida vel in nibh. Nunc lectus urna, volutpat sed lobortis id, hendrerit vel purus. Ut at tortor iaculis, consequat nisl sed, fringilla mi. Mauris a fringilla mauris. Nullam finibus sagittis tincidunt. Nullam vulputate interdum suscipit. Vestibulum quis ante ut magna pulvinar auctor non in neque. Proin eget eros eu sem laoreet aliquet pellentesque ac ipsum. Sed quis elit augue.</p>\r\n\r\n<p>Integer accumsan, ligula ac maximus rhoncus, leo sapien ornare ante, nec tincidunt sem metus at neque. Aenean non turpis ac tortor varius pulvinar a et metus. Donec ac tincidunt metus. Fusce ut mauris eu tortor varius tempor non id augue. Suspendisse hendrerit erat at felis dictum, eget blandit diam consequat. Nulla id justo interdum, sodales velit ut, sodales nisi. Nulla fermentum ligula et dui interdum aliquet. Cras porttitor hendrerit leo, et convallis erat. Fusce at malesuada metus. Donec ullamcorper maximus imperdiet. Donec euismod, nisl vitae euismod convallis, ipsum arcu faucibus libero, id suscipit quam lacus ut augue. Mauris nec commodo leo. Nunc feugiat felis ut elementum aliquet. Nam in massa eget velit venenatis mollis. Nulla facilisi.</p>\r\n\r\n<p>Orci varius natoque penatibus et magnis dis parturient montes, nascetur ridiculus mus. Nulla quis dignissim nulla, id aliquet metus. Aenean et eros ut neque posuere commodo. Morbi ligula dolor, interdum in ligula ac, feugiat mollis erat. Maecenas nisi justo, semper sed arcu non, auctor lobortis ipsum. Cras semper interdum quam imperdiet lobortis. Nunc imperdiet quam vitae iaculis rutrum.</p>',0,1,1,8,NULL,NULL,NULL,'2019-10-07 18:13:24','2019-10-07 18:16:27'),(10,'confidentiality','Конфиденциальность',NULL,NULL,NULL,NULL,1,'<p>Lorem ipsum dolor sit amet, consectetur adipiscing elit. Vestibulum eget varius augue. Curabitur condimentum ligula lectus, sit amet suscipit lorem pretium in. Aenean vestibulum, neque vel venenatis fringilla, ipsum eros dignissim sapien, vitae luctus dolor ligula non nisl. Suspendisse id imperdiet neque. In nec faucibus orci. Fusce tempor suscipit commodo. Integer nec ex eros. Fusce interdum augue in fermentum sodales. Nulla eget mauris in leo accumsan ullamcorper quis pretium magna. Sed a tempus nisi. Cras sit amet sagittis enim, suscipit tincidunt sapien.</p>\r\n\r\n<p>Sed sollicitudin posuere tortor in accumsan. Morbi tincidunt turpis ut condimentum auctor. Maecenas mollis ut lacus semper hendrerit. Nunc et congue arcu. Interdum et malesuada fames ac ante ipsum primis in faucibus. In lacinia facilisis varius. Proin hendrerit tellus id elit suscipit dapibus. Fusce vulputate, ipsum eget consectetur fringilla, odio nunc sollicitudin lectus, suscipit ultricies ante leo non massa. Nunc id pulvinar est. Aliquam accumsan congue erat lobortis fringilla. Cras faucibus id sem id posuere. Praesent ullamcorper, arcu at bibendum laoreet, velit purus eleifend dui, ut efficitur ipsum sapien non sem. Duis nec quam dui. Integer in nulla bibendum, gravida metus eu, dapibus tellus.</p>\r\n\r\n<p>Vestibulum aliquet diam sed enim scelerisque sagittis. Nunc id orci et enim rhoncus gravida vel in nibh. Nunc lectus urna, volutpat sed lobortis id, hendrerit vel purus. Ut at tortor iaculis, consequat nisl sed, fringilla mi. Mauris a fringilla mauris. Nullam finibus sagittis tincidunt. Nullam vulputate interdum suscipit. Vestibulum quis ante ut magna pulvinar auctor non in neque. Proin eget eros eu sem laoreet aliquet pellentesque ac ipsum. Sed quis elit augue.</p>\r\n\r\n<p>Integer accumsan, ligula ac maximus rhoncus, leo sapien ornare ante, nec tincidunt sem metus at neque. Aenean non turpis ac tortor varius pulvinar a et metus. Donec ac tincidunt metus. Fusce ut mauris eu tortor varius tempor non id augue. Suspendisse hendrerit erat at felis dictum, eget blandit diam consequat. Nulla id justo interdum, sodales velit ut, sodales nisi. Nulla fermentum ligula et dui interdum aliquet. Cras porttitor hendrerit leo, et convallis erat. Fusce at malesuada metus. Donec ullamcorper maximus imperdiet. Donec euismod, nisl vitae euismod convallis, ipsum arcu faucibus libero, id suscipit quam lacus ut augue. Mauris nec commodo leo. Nunc feugiat felis ut elementum aliquet. Nam in massa eget velit venenatis mollis. Nulla facilisi.</p>\r\n\r\n<p>Orci varius natoque penatibus et magnis dis parturient montes, nascetur ridiculus mus. Nulla quis dignissim nulla, id aliquet metus. Aenean et eros ut neque posuere commodo. Morbi ligula dolor, interdum in ligula ac, feugiat mollis erat. Maecenas nisi justo, semper sed arcu non, auctor lobortis ipsum. Cras semper interdum quam imperdiet lobortis. Nunc imperdiet quam vitae iaculis rutrum.</p>',0,1,1,8,NULL,NULL,NULL,'2019-10-07 18:16:03','2019-10-07 18:16:33'),(11,'payment-and-delivery','Оплата и доставка',NULL,NULL,NULL,NULL,1,'<p>Lorem ipsum dolor sit amet, consectetur adipiscing elit. Vestibulum eget varius augue. Curabitur condimentum ligula lectus, sit amet suscipit lorem pretium in. Aenean vestibulum, neque vel venenatis fringilla, ipsum eros dignissim sapien, vitae luctus dolor ligula non nisl. Suspendisse id imperdiet neque. In nec faucibus orci. Fusce tempor suscipit commodo. Integer nec ex eros. Fusce interdum augue in fermentum sodales. Nulla eget mauris in leo accumsan ullamcorper quis pretium magna. Sed a tempus nisi. Cras sit amet sagittis enim, suscipit tincidunt sapien.</p>\r\n\r\n<p>Sed sollicitudin posuere tortor in accumsan. Morbi tincidunt turpis ut condimentum auctor. Maecenas mollis ut lacus semper hendrerit. Nunc et congue arcu. Interdum et malesuada fames ac ante ipsum primis in faucibus. In lacinia facilisis varius. Proin hendrerit tellus id elit suscipit dapibus. Fusce vulputate, ipsum eget consectetur fringilla, odio nunc sollicitudin lectus, suscipit ultricies ante leo non massa. Nunc id pulvinar est. Aliquam accumsan congue erat lobortis fringilla. Cras faucibus id sem id posuere. Praesent ullamcorper, arcu at bibendum laoreet, velit purus eleifend dui, ut efficitur ipsum sapien non sem. Duis nec quam dui. Integer in nulla bibendum, gravida metus eu, dapibus tellus.</p>\r\n\r\n<p>Vestibulum aliquet diam sed enim scelerisque sagittis. Nunc id orci et enim rhoncus gravida vel in nibh. Nunc lectus urna, volutpat sed lobortis id, hendrerit vel purus. Ut at tortor iaculis, consequat nisl sed, fringilla mi. Mauris a fringilla mauris. Nullam finibus sagittis tincidunt. Nullam vulputate interdum suscipit. Vestibulum quis ante ut magna pulvinar auctor non in neque. Proin eget eros eu sem laoreet aliquet pellentesque ac ipsum. Sed quis elit augue.</p>\r\n\r\n<p>Integer accumsan, ligula ac maximus rhoncus, leo sapien ornare ante, nec tincidunt sem metus at neque. Aenean non turpis ac tortor varius pulvinar a et metus. Donec ac tincidunt metus. Fusce ut mauris eu tortor varius tempor non id augue. Suspendisse hendrerit erat at felis dictum, eget blandit diam consequat. Nulla id justo interdum, sodales velit ut, sodales nisi. Nulla fermentum ligula et dui interdum aliquet. Cras porttitor hendrerit leo, et convallis erat. Fusce at malesuada metus. Donec ullamcorper maximus imperdiet. Donec euismod, nisl vitae euismod convallis, ipsum arcu faucibus libero, id suscipit quam lacus ut augue. Mauris nec commodo leo. Nunc feugiat felis ut elementum aliquet. Nam in massa eget velit venenatis mollis. Nulla facilisi.</p>\r\n\r\n<p>Orci varius natoque penatibus et magnis dis parturient montes, nascetur ridiculus mus. Nulla quis dignissim nulla, id aliquet metus. Aenean et eros ut neque posuere commodo. Morbi ligula dolor, interdum in ligula ac, feugiat mollis erat. Maecenas nisi justo, semper sed arcu non, auctor lobortis ipsum. Cras semper interdum quam imperdiet lobortis. Nunc imperdiet quam vitae iaculis rutrum.</p>',0,1,1,8,NULL,NULL,NULL,'2019-10-07 18:16:52','2019-10-07 18:17:14'),(12,'for-corporative-clients','Корпоративным клиентам',NULL,NULL,NULL,NULL,1,'<p>Lorem ipsum dolor sit amet, consectetur adipiscing elit. Vestibulum eget varius augue. Curabitur condimentum ligula lectus, sit amet suscipit lorem pretium in. Aenean vestibulum, neque vel venenatis fringilla, ipsum eros dignissim sapien, vitae luctus dolor ligula non nisl. Suspendisse id imperdiet neque. In nec faucibus orci. Fusce tempor suscipit commodo. Integer nec ex eros. Fusce interdum augue in fermentum sodales. Nulla eget mauris in leo accumsan ullamcorper quis pretium magna. Sed a tempus nisi. Cras sit amet sagittis enim, suscipit tincidunt sapien.</p>\r\n\r\n<p>Sed sollicitudin posuere tortor in accumsan. Morbi tincidunt turpis ut condimentum auctor. Maecenas mollis ut lacus semper hendrerit. Nunc et congue arcu. Interdum et malesuada fames ac ante ipsum primis in faucibus. In lacinia facilisis varius. Proin hendrerit tellus id elit suscipit dapibus. Fusce vulputate, ipsum eget consectetur fringilla, odio nunc sollicitudin lectus, suscipit ultricies ante leo non massa. Nunc id pulvinar est. Aliquam accumsan congue erat lobortis fringilla. Cras faucibus id sem id posuere. Praesent ullamcorper, arcu at bibendum laoreet, velit purus eleifend dui, ut efficitur ipsum sapien non sem. Duis nec quam dui. Integer in nulla bibendum, gravida metus eu, dapibus tellus.</p>\r\n\r\n<p>Vestibulum aliquet diam sed enim scelerisque sagittis. Nunc id orci et enim rhoncus gravida vel in nibh. Nunc lectus urna, volutpat sed lobortis id, hendrerit vel purus. Ut at tortor iaculis, consequat nisl sed, fringilla mi. Mauris a fringilla mauris. Nullam finibus sagittis tincidunt. Nullam vulputate interdum suscipit. Vestibulum quis ante ut magna pulvinar auctor non in neque. Proin eget eros eu sem laoreet aliquet pellentesque ac ipsum. Sed quis elit augue.</p>\r\n\r\n<p>Integer accumsan, ligula ac maximus rhoncus, leo sapien ornare ante, nec tincidunt sem metus at neque. Aenean non turpis ac tortor varius pulvinar a et metus. Donec ac tincidunt metus. Fusce ut mauris eu tortor varius tempor non id augue. Suspendisse hendrerit erat at felis dictum, eget blandit diam consequat. Nulla id justo interdum, sodales velit ut, sodales nisi. Nulla fermentum ligula et dui interdum aliquet. Cras porttitor hendrerit leo, et convallis erat. Fusce at malesuada metus. Donec ullamcorper maximus imperdiet. Donec euismod, nisl vitae euismod convallis, ipsum arcu faucibus libero, id suscipit quam lacus ut augue. Mauris nec commodo leo. Nunc feugiat felis ut elementum aliquet. Nam in massa eget velit venenatis mollis. Nulla facilisi.</p>\r\n\r\n<p>Orci varius natoque penatibus et magnis dis parturient montes, nascetur ridiculus mus. Nulla quis dignissim nulla, id aliquet metus. Aenean et eros ut neque posuere commodo. Morbi ligula dolor, interdum in ligula ac, feugiat mollis erat. Maecenas nisi justo, semper sed arcu non, auctor lobortis ipsum. Cras semper interdum quam imperdiet lobortis. Nunc imperdiet quam vitae iaculis rutrum.</p>',0,1,1,8,NULL,NULL,NULL,'2019-10-07 18:18:00','2019-10-07 18:19:02'),(13,'loyalty-program','Программа лояльности',NULL,NULL,NULL,NULL,1,'<p>Lorem ipsum dolor sit amet, consectetur adipiscing elit. Vestibulum eget varius augue. Curabitur condimentum ligula lectus, sit amet suscipit lorem pretium in. Aenean vestibulum, neque vel venenatis fringilla, ipsum eros dignissim sapien, vitae luctus dolor ligula non nisl. Suspendisse id imperdiet neque. In nec faucibus orci. Fusce tempor suscipit commodo. Integer nec ex eros. Fusce interdum augue in fermentum sodales. Nulla eget mauris in leo accumsan ullamcorper quis pretium magna. Sed a tempus nisi. Cras sit amet sagittis enim, suscipit tincidunt sapien.</p>\r\n\r\n<p>Sed sollicitudin posuere tortor in accumsan. Morbi tincidunt turpis ut condimentum auctor. Maecenas mollis ut lacus semper hendrerit. Nunc et congue arcu. Interdum et malesuada fames ac ante ipsum primis in faucibus. In lacinia facilisis varius. Proin hendrerit tellus id elit suscipit dapibus. Fusce vulputate, ipsum eget consectetur fringilla, odio nunc sollicitudin lectus, suscipit ultricies ante leo non massa. Nunc id pulvinar est. Aliquam accumsan congue erat lobortis fringilla. Cras faucibus id sem id posuere. Praesent ullamcorper, arcu at bibendum laoreet, velit purus eleifend dui, ut efficitur ipsum sapien non sem. Duis nec quam dui. Integer in nulla bibendum, gravida metus eu, dapibus tellus.</p>\r\n\r\n<p>Vestibulum aliquet diam sed enim scelerisque sagittis. Nunc id orci et enim rhoncus gravida vel in nibh. Nunc lectus urna, volutpat sed lobortis id, hendrerit vel purus. Ut at tortor iaculis, consequat nisl sed, fringilla mi. Mauris a fringilla mauris. Nullam finibus sagittis tincidunt. Nullam vulputate interdum suscipit. Vestibulum quis ante ut magna pulvinar auctor non in neque. Proin eget eros eu sem laoreet aliquet pellentesque ac ipsum. Sed quis elit augue.</p>\r\n\r\n<p>Integer accumsan, ligula ac maximus rhoncus, leo sapien ornare ante, nec tincidunt sem metus at neque. Aenean non turpis ac tortor varius pulvinar a et metus. Donec ac tincidunt metus. Fusce ut mauris eu tortor varius tempor non id augue. Suspendisse hendrerit erat at felis dictum, eget blandit diam consequat. Nulla id justo interdum, sodales velit ut, sodales nisi. Nulla fermentum ligula et dui interdum aliquet. Cras porttitor hendrerit leo, et convallis erat. Fusce at malesuada metus. Donec ullamcorper maximus imperdiet. Donec euismod, nisl vitae euismod convallis, ipsum arcu faucibus libero, id suscipit quam lacus ut augue. Mauris nec commodo leo. Nunc feugiat felis ut elementum aliquet. Nam in massa eget velit venenatis mollis. Nulla facilisi.</p>\r\n\r\n<p>Orci varius natoque penatibus et magnis dis parturient montes, nascetur ridiculus mus. Nulla quis dignissim nulla, id aliquet metus. Aenean et eros ut neque posuere commodo. Morbi ligula dolor, interdum in ligula ac, feugiat mollis erat. Maecenas nisi justo, semper sed arcu non, auctor lobortis ipsum. Cras semper interdum quam imperdiet lobortis. Nunc imperdiet quam vitae iaculis rutrum.</p>',0,1,1,8,NULL,NULL,NULL,'2019-10-07 18:18:52','2019-10-07 18:18:52'),(14,'jobs','Вакансии',NULL,'TZdOFLrPZ5yQvm8hyb.jpg',NULL,NULL,0,'<p>Lorem ipsum dolor sit amet, consectetur adipiscing elit. Vestibulum eget varius augue. Curabitur condimentum ligula lectus, sit amet suscipit lorem pretium in. Aenean vestibulum, neque vel venenatis fringilla, ipsum eros dignissim sapien, vitae luctus dolor ligula non nisl. Suspendisse id imperdiet neque. In nec faucibus orci. Fusce tempor suscipit commodo. Integer nec ex eros. Fusce interdum augue in fermentum sodales. Nulla eget mauris in leo accumsan ullamcorper quis pretium magna. Sed a tempus nisi. Cras sit amet sagittis enim, suscipit tincidunt sapien.</p>\r\n\r\n<p>Sed sollicitudin posuere tortor in accumsan. Morbi tincidunt turpis ut condimentum auctor. Maecenas mollis ut lacus semper hendrerit. Nunc et congue arcu. Interdum et malesuada fames ac ante ipsum primis in faucibus. In lacinia facilisis varius. Proin hendrerit tellus id elit suscipit dapibus. Fusce vulputate, ipsum eget consectetur fringilla, odio nunc sollicitudin lectus, suscipit ultricies ante leo non massa. Nunc id pulvinar est. Aliquam accumsan congue erat lobortis fringilla. Cras faucibus id sem id posuere. Praesent ullamcorper, arcu at bibendum laoreet, velit purus eleifend dui, ut efficitur ipsum sapien non sem. Duis nec quam dui. Integer in nulla bibendum, gravida metus eu, dapibus tellus.</p>\r\n\r\n<p>Vestibulum aliquet diam sed enim scelerisque sagittis. Nunc id orci et enim rhoncus gravida vel in nibh. Nunc lectus urna, volutpat sed lobortis id, hendrerit vel purus. Ut at tortor iaculis, consequat nisl sed, fringilla mi. Mauris a fringilla mauris. Nullam finibus sagittis tincidunt. Nullam vulputate interdum suscipit. Vestibulum quis ante ut magna pulvinar auctor non in neque. Proin eget eros eu sem laoreet aliquet pellentesque ac ipsum. Sed quis elit augue.</p>\r\n\r\n<p>Integer accumsan, ligula ac maximus rhoncus, leo sapien ornare ante, nec tincidunt sem metus at neque. Aenean non turpis ac tortor varius pulvinar a et metus. Donec ac tincidunt metus. Fusce ut mauris eu tortor varius tempor non id augue. Suspendisse hendrerit erat at felis dictum, eget blandit diam consequat. Nulla id justo interdum, sodales velit ut, sodales nisi. Nulla fermentum ligula et dui interdum aliquet. Cras porttitor hendrerit leo, et convallis erat. Fusce at malesuada metus. Donec ullamcorper maximus imperdiet. Donec euismod, nisl vitae euismod convallis, ipsum arcu faucibus libero, id suscipit quam lacus ut augue. Mauris nec commodo leo. Nunc feugiat felis ut elementum aliquet. Nam in massa eget velit venenatis mollis. Nulla facilisi.</p>\r\n\r\n<p>Orci varius natoque penatibus et magnis dis parturient montes, nascetur ridiculus mus. Nulla quis dignissim nulla, id aliquet metus. Aenean et eros ut neque posuere commodo. Morbi ligula dolor, interdum in ligula ac, feugiat mollis erat. Maecenas nisi justo, semper sed arcu non, auctor lobortis ipsum. Cras semper interdum quam imperdiet lobortis. Nunc imperdiet quam vitae iaculis rutrum.</p>',0,1,1,8,NULL,NULL,NULL,'2019-10-07 18:19:32','2019-10-07 18:26:25');
/*!40000 ALTER TABLE `pages` ENABLE KEYS */;
UNLOCK TABLES;
DROP TABLE IF EXISTS `part_cars`;
/*!40101 SET @saved_cs_client     = @@character_set_client */;
/*!40101 SET character_set_client = utf8 */;
CREATE TABLE `part_cars` (
  `id` bigint(20) unsigned NOT NULL AUTO_INCREMENT,
  `part_id` bigint(20) unsigned NOT NULL,
  `mark_id` int(10) unsigned NOT NULL,
  `model_id` int(10) unsigned DEFAULT NULL,
  `generation_id` bigint(20) unsigned DEFAULT NULL,
  PRIMARY KEY (`id`),
  KEY `part_cars_part_id_foreign` (`part_id`),
  KEY `part_cars_mark_id_foreign` (`mark_id`),
  KEY `part_cars_model_id_foreign` (`model_id`),
  KEY `part_cars_generation_id_foreign` (`generation_id`),
  CONSTRAINT `part_cars_generation_id_foreign` FOREIGN KEY (`generation_id`) REFERENCES `generations` (`id`) ON DELETE CASCADE,
  CONSTRAINT `part_cars_mark_id_foreign` FOREIGN KEY (`mark_id`) REFERENCES `marks` (`id`) ON DELETE CASCADE,
  CONSTRAINT `part_cars_model_id_foreign` FOREIGN KEY (`model_id`) REFERENCES `models` (`id`) ON DELETE CASCADE,
  CONSTRAINT `part_cars_part_id_foreign` FOREIGN KEY (`part_id`) REFERENCES `parts` (`id`) ON DELETE CASCADE
) ENGINE=InnoDB DEFAULT CHARSET=utf8mb4 COLLATE=utf8mb4_unicode_ci;
/*!40101 SET character_set_client = @saved_cs_client */;

LOCK TABLES `part_cars` WRITE;
/*!40000 ALTER TABLE `part_cars` DISABLE KEYS */;
/*!40000 ALTER TABLE `part_cars` ENABLE KEYS */;
UNLOCK TABLES;
DROP TABLE IF EXISTS `part_catalogs`;
/*!40101 SET @saved_cs_client     = @@character_set_client */;
/*!40101 SET character_set_client = utf8 */;
CREATE TABLE `part_catalogs` (
  `id` bigint(20) unsigned NOT NULL AUTO_INCREMENT,
  `cid` varchar(255) CHARACTER SET utf8 NOT NULL,
  `name` varchar(255) COLLATE utf8mb4_unicode_ci NOT NULL,
  `group_id` int(10) unsigned DEFAULT NULL,
  `url` varchar(255) COLLATE utf8mb4_unicode_ci NOT NULL,
  `image` varchar(64) COLLATE utf8mb4_unicode_ci DEFAULT NULL,
  `image_alt` varchar(255) COLLATE utf8mb4_unicode_ci DEFAULT NULL,
  `in_home` varchar(255) COLLATE utf8mb4_unicode_ci DEFAULT NULL,
  `image_title` varchar(255) COLLATE utf8mb4_unicode_ci DEFAULT NULL,
  `sort` bigint(20) unsigned NOT NULL DEFAULT '0',
  `created_at` timestamp NULL DEFAULT NULL,
  `updated_at` timestamp NULL DEFAULT NULL,
  PRIMARY KEY (`id`),
  UNIQUE KEY `part_catalogs_cid_unique` (`cid`) USING BTREE
) ENGINE=InnoDB AUTO_INCREMENT=315 DEFAULT CHARSET=utf8mb4 COLLATE=utf8mb4_unicode_ci;
/*!40101 SET character_set_client = @saved_cs_client */;

LOCK TABLES `part_catalogs` WRITE;
/*!40000 ALTER TABLE `part_catalogs` DISABLE KEYS */;
INSERT INTO `part_catalogs` VALUES (168,'0','Кольца поршневые для ДВС',4,'koltsa-porshnevye-dlya-dvs',NULL,NULL,'1',NULL,0,NULL,'2020-01-06 06:26:09'),(169,'1','Вкладыши коренные',4,'vkladyshi-korennye',NULL,NULL,'1',NULL,0,NULL,'2020-01-06 06:30:40'),(170,'2','Вкладыши распредвала',4,'vkladyshi-raspredvala',NULL,NULL,'1',NULL,0,NULL,'2020-01-06 06:30:31'),(171,'3','Вкладыши шатунные',4,'vkladyshi-shatunnye',NULL,NULL,'1',NULL,0,NULL,'2020-01-06 06:30:15'),(172,'4','Втулки балансировочного вала',4,'vtulki-balansirovochnogo-vala',NULL,NULL,'1',NULL,0,NULL,'2020-01-06 06:31:46'),(173,'5','Полукольца упорные',4,'polukoltsa-upornye',NULL,NULL,'1',NULL,0,NULL,'2020-01-06 06:33:03'),(174,'6','Цепь ГРМ',4,'tsep-grm',NULL,NULL,'1',NULL,0,NULL,'2020-01-06 06:36:02'),(175,'7','Втулки шатуна',4,'vtulki-shatuna',NULL,NULL,'1',NULL,0,NULL,'2020-01-06 06:35:53'),(176,'8','Натяжитель цепи ГРМ',4,'natyazhitel-tsepi-grm',NULL,NULL,'1',NULL,0,NULL,'2020-01-06 06:35:14'),(177,'9','Цепь привода распредвала',4,'tsep-privoda-raspredvala',NULL,NULL,'1',NULL,0,NULL,'2020-01-06 06:35:44'),(178,'10','Свеча накаливания',4,'svecha-nakalivaniya',NULL,NULL,'1',NULL,0,NULL,'2020-01-06 06:35:32'),(179,'11','Ролик натяжителя ремня ГРМ',4,'rolik-natyazhitelya-remnya-grm',NULL,NULL,'1',NULL,0,NULL,'2020-01-06 06:36:09'),(180,'12','Ролик обводной ремня ГРМ',4,'rolik-obvodnoy-remnya-grm',NULL,NULL,'1',NULL,0,NULL,'2020-01-06 06:36:28'),(181,'13','Помпа',4,'pompa',NULL,NULL,'1',NULL,0,NULL,'2020-01-06 06:36:38'),(182,'14','Вал коленчатый',4,'val-kolenchatyy',NULL,NULL,'1',NULL,0,NULL,'2020-01-06 06:36:48'),(183,'15','Вал распределительный',4,'val-raspredelitelnyy',NULL,NULL,'1',NULL,0,NULL,'2020-01-06 06:35:17'),(184,'16','Вентилятор осевой радиатор охлаждения двигателя',4,'ventilyator-osevoy-radiator-okhlazhdeniya-dvigatelya',NULL,NULL,'1',NULL,0,NULL,'2020-01-06 06:38:01'),(185,'17','Цепь ГРМ комплект',4,'tsep-grm-komplekt',NULL,NULL,'1',NULL,0,NULL,'2020-01-06 06:35:01'),(186,'18','Насос масляный',4,'nasos-maslyanyy',NULL,NULL,'1',NULL,0,NULL,'2020-01-06 06:38:07'),(187,'19','Ротор масляного насоса',4,'rotor-maslyanogo-nasosa',NULL,NULL,'1',NULL,0,NULL,'2020-01-06 06:38:30'),(188,'20','Ремень поликлиновый',4,'remen-poliklinovyy',NULL,NULL,'1',NULL,0,NULL,'2020-01-06 06:38:15'),(189,'21','Ремень клиновой',4,'remen-klinovoy',NULL,NULL,'1',NULL,0,NULL,'2020-01-06 06:38:38'),(190,'22','Свечные провода',3,'svechnye-provoda',NULL,NULL,'1',NULL,0,NULL,'2020-01-06 06:38:49'),(191,'23','Свечи зажигания',3,'svechi-zazhiganiya',NULL,NULL,'1',NULL,0,NULL,'2020-01-06 06:38:59'),(192,'24','Поршень',4,'porshen',NULL,NULL,'1',NULL,0,NULL,'2020-01-06 06:35:30'),(193,'25','Гильза (комплект)',4,'gilza-komplekt',NULL,NULL,'1',NULL,0,NULL,'2020-01-06 06:35:39'),(194,'26','Ремкомплект',4,'remkomplekt',NULL,NULL,'1',NULL,0,NULL,'2020-01-06 06:39:07'),(195,'27','Колпачки маслосъемные',4,'kolpachki-maslosemnye',NULL,NULL,'1',NULL,0,NULL,'2020-01-06 06:39:18'),(196,'28','Прокладка ГБЦ',4,'prokladka-gbts',NULL,NULL,'1',NULL,0,NULL,'2020-01-06 06:39:43'),(197,'29','Головка блока',5,'golovka-bloka',NULL,NULL,'1',NULL,0,NULL,'2020-01-06 06:39:49'),(198,'30','Рулевая рейка',5,'rulevaya-reyka',NULL,NULL,'1',NULL,0,NULL,'2020-01-06 06:37:54'),(199,'31','Амортизатор',1,'amortizator',NULL,NULL,'1',NULL,0,NULL,'2020-01-06 06:39:57'),(200,'32','Турбокомпрессор',5,'turbokompressor',NULL,NULL,'1',NULL,0,NULL,'2020-01-06 06:40:04'),(201,'33','Датчик включения стоп-сигнала',3,'datchik-vklyucheniya-stop-signala',NULL,NULL,'1',NULL,0,NULL,'2020-01-06 06:40:12'),(202,'34','Датчик давления масла',3,'datchik-davleniya-masla',NULL,NULL,'1',NULL,0,NULL,'2020-01-06 06:40:27'),(203,'35','Датчик детонаций',3,'datchik-detonatsiy',NULL,NULL,'1',NULL,0,NULL,'2020-01-06 06:40:35'),(204,'36','Датчик скорости',3,'datchik-skorosti',NULL,NULL,'1',NULL,0,NULL,'2020-01-06 06:36:30'),(205,'37','Датчик спидометра',3,'datchik-spidometra',NULL,NULL,'1',NULL,0,NULL,'2020-01-06 06:40:44'),(206,'38','Датчик темп. охлаждающей жидкости',3,'datchik-temp-okhlazhdayushchey-zhidkosti',NULL,NULL,'1',NULL,0,NULL,'2020-01-06 06:40:19'),(207,'39','Датчик холостого хода',3,'datchik-kholostogo-khoda',NULL,NULL,'1',NULL,0,NULL,'2020-01-06 06:35:10'),(208,'40','Крестовина карданного вала',1,'krestovina-kardannogo-vala',NULL,NULL,'1',NULL,0,NULL,'2020-01-06 06:39:56'),(209,'41','Крестовина рулевого вала',1,'krestovina-rulevogo-vala',NULL,NULL,'1',NULL,0,NULL,'2020-01-06 06:41:08'),(210,'42','Шестерня VVTi',4,'shesternya-vvti',NULL,NULL,'1',NULL,0,NULL,'2020-01-06 06:40:58'),(211,'43','Сальник коленвала',4,'salnik-kolenvala',NULL,NULL,'1',NULL,0,NULL,'2020-01-06 06:40:49'),(212,'44','Направляющие втулки клапанов',4,'napravlyayushchie-vtulki-klapanov',NULL,NULL,'1',NULL,0,NULL,'2020-01-06 06:40:39'),(213,'45','Датчик включения вентилятора',3,'datchik-vklyucheniya-ventilyatora',NULL,NULL,'1',NULL,0,NULL,'2020-01-06 06:40:29'),(214,'46','Крышка радиатора',4,'kryshka-radiatora',NULL,NULL,'1',NULL,0,NULL,'2020-01-06 06:40:12'),(215,'47','Термостат',3,'termostat',NULL,NULL,'1',NULL,0,NULL,'2020-01-06 06:40:04'),(216,'48','Компрессор кондиционера',5,'kompressor-konditsionera',NULL,NULL,'1',NULL,0,NULL,'2020-01-06 06:39:47'),(217,'49','Шкиф компрессора',5,'shkif-kompressora',NULL,NULL,'1',NULL,0,NULL,'2020-01-06 06:39:39'),(218,'50','Стартер',5,'starter',NULL,NULL,'1',NULL,0,NULL,'2020-01-06 06:39:30'),(219,'51','Рулевой вал',1,'rulevoy-val',NULL,NULL,'1',NULL,0,NULL,'2020-01-06 06:39:21'),(220,'52','Направляющая цепи',4,'napravlyayushchaya-tsepi',NULL,NULL,'1',NULL,0,NULL,'2020-01-06 06:39:14'),(221,'53','Натяжитель масляного насоса',4,'natyazhitel-maslyanogo-nasosa',NULL,NULL,'1',NULL,0,NULL,'2020-01-06 06:36:21'),(222,'54','Цепь масляного насоса',4,'tsep-maslyanogo-nasosa',NULL,NULL,'1',NULL,0,NULL,'2020-01-06 06:39:06'),(223,'55','Шестерня коленвала',4,'shesternya-kolenvala',NULL,NULL,'1',NULL,0,NULL,'2020-01-06 06:38:57'),(224,'56','Шестерня насоса системы смазки',4,'shesternya-nasosa-sistemy-smazki',NULL,NULL,'1',NULL,0,NULL,'2020-01-06 06:38:35'),(225,'57','Шестерня распредвала',4,'shesternya-raspredvala',NULL,NULL,'1',NULL,0,NULL,'2020-01-06 06:38:27'),(226,'58','Впускной клапан',4,'vpusknoy-klapan',NULL,NULL,'1',NULL,0,NULL,'2020-01-06 06:34:42'),(227,'59','Выпускной клапан',4,'vypusknoy-klapan',NULL,NULL,'1',NULL,0,NULL,'2020-01-06 06:37:47'),(228,'60','Втулка стабилизатора',1,'vtulka-stabilizatora',NULL,NULL,'1',NULL,0,NULL,'2020-01-06 06:38:49'),(229,'61','Сайлентблок',1,'saylentblok',NULL,NULL,'1',NULL,0,NULL,'2020-01-06 06:38:42'),(230,'62','Гидронатяжитель ремня ГРМ',4,'gidronatyazhitel-remnya-grm',NULL,NULL,'1',NULL,0,NULL,'2020-01-06 06:38:19'),(231,'63','Гидронатяжитель ремня сборе',4,'gidronatyazhitel-remnya-sbore',NULL,NULL,'1',NULL,0,NULL,'2020-01-06 06:38:12'),(232,'64','Гидронатяжитель ремня только ролик',4,'gidronatyazhitel-remnya-tolko-rolik',NULL,NULL,'1',NULL,0,NULL,'2020-01-06 06:38:05