
/*!40101 SET @OLD_CHARACTER_SET_CLIENT=@@CHARACTER_SET_CLIENT */;
/*!40101 SET @OLD_CHARACTER_SET_RESULTS=@@CHARACTER_SET_RESULTS */;
/*!40101 SET @OLD_COLLATION_CONNECTION=@@COLLATION_CONNECTION */;
/*!40101 SET NAMES utf8 */;
/*!40103 SET @OLD_TIME_ZONE=@@TIME_ZONE */;
/*!40103 SET TIME_ZONE='+00:00' */;
/*!40014 SET @OLD_UNIQUE_CHECKS=@@UNIQUE_CHECKS, UNIQUE_CHECKS=0 */;
/*!40014 SET @OLD_FOREIGN_KEY_CHECKS=@@FOREIGN_KEY_CHECKS, FOREIGN_KEY_CHECKS=0 */;
/*!40101 SET @OLD_SQL_MODE=@@SQL_MODE, SQL_MODE='NO_AUTO_VALUE_ON_ZERO' */;
/*!40111 SET @OLD_SQL_NOTES=@@SQL_NOTES, SQL_NOTES=0 */;
DROP TABLE IF EXISTS `admins`;
/*!40101 SET @saved_cs_client     = @@character_set_client */;
/*!40101 SET character_set_client = utf8 */;
CREATE TABLE `admins` (
  `id` int(10) unsigned NOT NULL AUTO_INCREMENT,
  `code` varchar(255) CHARACTER SET utf8 DEFAULT NULL,
  `name` varchar(255) COLLATE utf8mb4_unicode_ci DEFAULT NULL,
  `email` varchar(255) CHARACTER SET utf8 NOT NULL,
  `phone` varchar(255) CHARACTER SET utf8 DEFAULT NULL,
  `active` tinyint(1) NOT NULL DEFAULT '1',
  `role` tinyint(4) NOT NULL DEFAULT '0',
  `password` varchar(255) COLLATE utf8mb4_unicode_ci NOT NULL,
  `remember_token` varchar(100) COLLATE utf8mb4_unicode_ci DEFAULT NULL,
  `created_at` timestamp NULL DEFAULT NULL,
  `updated_at` timestamp NULL DEFAULT NULL,
  PRIMARY KEY (`id`),
  UNIQUE KEY `admins_email_unique` (`email`),
  UNIQUE KEY `admins_phone_unique` (`phone`),
  UNIQUE KEY `admins_code_unique` (`code`) USING BTREE
) ENGINE=InnoDB AUTO_INCREMENT=6 DEFAULT CHARSET=utf8mb4 COLLATE=utf8mb4_unicode_ci;
/*!40101 SET character_set_client = @saved_cs_client */;

LOCK TABLES `admins` WRITE;
/*!40000 ALTER TABLE `admins` DISABLE KEYS */;
INSERT INTO `admins` VALUES (1,NULL,'Developer','dev@dev.loc','055555555',1,5,'$2y$10$TRhlT00iAMKmgFNjmn7omebe4J9vEcZPYJHloVEUTifozPFhQkTxm',NULL,'2019-10-04 16:49:11','2019-10-11 12:57:53'),(2,NULL,'Administrator','admin@dev.loc','8799999999',1,4,'$2y$10$uNf.p3QYG8joLxREyiLTteYPdJXc5ueXhg.w4saBewY1xJrhi1SgS',NULL,'2019-10-04 16:49:11','2019-10-27 14:51:24'),(3,'4286921','Manager','manager@dev.loc','899999999',1,2,'$2y$10$vznTQeQ5g8M8W6D2gvaFUu/YTPgVrslPL2Tp3p/vVJrMxLWo0VWBC',NULL,'2019-10-04 16:49:11','2019-10-16 13:52:17'),(4,NULL,'Operator','operator@dev.loc','8799999997',1,1,'$2y$10$eD2pYhjIYMLaW7TLD0J1y.otxOlfTbBMjEMXyyxYHeHK2/n0encma',NULL,'2019-10-04 16:49:11','2019-10-11 13:19:20'),(5,NULL,'Старший менеджер','senior_manager@dev.loc','111111111',1,3,'$2y$10$OuwZHTeWAlq8V7LUnfXH4uhsy2K/zgFGIXdmDWIzqHagPbRbyzaH6',NULL,'2019-10-27 14:52:03','2019-10-27 15:00:00');
/*!40000 ALTER TABLE `admins` ENABLE KEYS */;
UNLOCK TABLES;
DROP TABLE IF EXISTS `attached_parts`;
/*!40101 SET @saved_cs_client     = @@character_set_client */;
/*!40101 SET character_set_client = utf8 */;
CREATE TABLE `attached_parts` (
  `id` bigint(20) unsigned NOT NULL AUTO_INCREMENT,
  `part_id` bigint(20) unsigned NOT NULL,
  `attached_part_id` bigint(20) unsigned NOT NULL,
  PRIMARY KEY (`id`),
  KEY `attached_parts_part_id_foreign` (`part_id`),
  KEY `attached_parts_attached_part_id_foreign` (`attached_part_id`),
  CONSTRAINT `attached_parts_attached_part_id_foreign` FOREIGN KEY (`attached_part_id`) REFERENCES `parts` (`id`) ON DELETE CASCADE,
  CONSTRAINT `attached_parts_part_id_foreign` FOREIGN KEY (`part_id`) REFERENCES `parts` (`id`) ON DELETE CASCADE
) ENGINE=InnoDB AUTO_INCREMENT=8 DEFAULT CHARSET=utf8mb4 COLLATE=utf8mb4_unicode_ci;
/*!40101 SET character_set_client = @saved_cs_client */;

LOCK TABLES `attached_parts` WRITE;
/*!40000 ALTER TABLE `attached_parts` DISABLE KEYS */;
INSERT INTO `attached_parts` VALUES (6,4,7),(7,4,6);
/*!40000 ALTER TABLE `attached_parts` ENABLE KEYS */;
UNLOCK TABLES;
DROP TABLE IF EXISTS `banners`;
/*!40101 SET @saved_cs_client     = @@character_set_client */;
/*!40101 SET character_set_client = utf8 */;
CREATE TABLE `banners` (
  `id` int(10) unsigned NOT NULL AUTO_INCREMENT,
  `page` varchar(255) COLLATE utf8mb4_unicode_ci NOT NULL,
  `key` varchar(255) COLLATE utf8mb4_unicode_ci NOT NULL,
  `data` text COLLATE utf8mb4_unicode_ci,
  PRIMARY KEY (`id`)
) ENGINE=InnoDB AUTO_INCREMENT=23 DEFAULT CHARSET=utf8mb4 COLLATE=utf8mb4_unicode_ci;
/*!40101 SET character_set_client = @saved_cs_client */;

LOCK TABLES `banners` WRITE;
/*!40000 ALTER TABLE `banners` DISABLE KEYS */;
INSERT INTO `banners` VALUES (1,'info','data','{\"logo\":\"Pm0K0wbmC4dq8RUtFD.png\",\"logo_footer\":\"Jn5ScwuggUbIRk5naD.png\",\"email\":\"info@bauten.kz\",\"seo_suffix\":\"Bauten\"}'),(2,'info','requisites','{\"address\":\"Алматы Казахстан, с. Мадениет уч. 383\",\"phone\":\"8 (777) 619 1747\",\"email\":\"info@bauten.kz\"}'),(3,'info','requisites','{\"address\":null,\"phone\":\"8 (707) 173 7656\",\"email\":null}'),(4,'info','requisites','{\"address\":null,\"phone\":\"8 (775) 996 1880\",\"email\":null}'),(5,'info','requisites','{\"address\":null,\"phone\":null,\"email\":null}'),(6,'info','socials','{\"icon\":\"r7TaX4Uwv46Rv8PhsZ.svg\",\"title\":\"Bautenautoparts\",\"url\":\"\\/\\/facebook.com\",\"active\":true}'),(7,'info','socials','{\"icon\":null,\"title\":null,\"url\":null,\"active\":false}'),(8,'info','socials','{\"icon\":null,\"title\":null,\"url\":null,\"active\":false}'),(9,'info','socials','{\"icon\":null,\"title\":null,\"url\":null,\"active\":false}'),(10,'info','payment_logos','{\"logo\":\"VBwbBXfryteVdrgiAq.png\",\"title\":\"Visa\",\"alt\":\"Visa\",\"active\":true}'),(11,'info','payment_logos','{\"logo\":\"BVrxvSJCU8GMBef54i.png\",\"title\":\"Mastercard\",\"alt\":\"Mastercard\",\"active\":true}'),(12,'info','payment_logos','{\"logo\":null,\"title\":null,\"alt\":null,\"active\":false}'),(13,'info','payment_logos','{\"logo\":null,\"title\":null,\"alt\":null,\"active\":false}'),(14,'home','block_titles','{\"catalogue\":\"Каталог автозапчастей\",\"parts\":\"Запчасти по маркам\",\"brands\":\"Каталог брендов\",\"news\":\"Новости\",\"recommended_parts\":\"Товары для вас\"}'),(15,'home','banners','{\"image\":\"CJeBy3AZ2QcNXTSJ4M.png\",\"url\":null,\"alt\":null,\"title\":null,\"active\":true}'),(16,'home','banners','{\"image\":\"bEoplwqXfw3F78LViZ.png\",\"url\":null,\"alt\":null,\"title\":null,\"active\":true}'),(17,'contacts','data','{\"requisites_title\":\"Контактные данные\",\"form_title\":\"Связаться с нами\",\"iframe\":\"https:\\/\\/yandex.ru\\/map-widget\\/v1\\/-\\/CGs8zXLJ\"}'),(19,'images','data','{\"marks\":\"Rep1Qldt1IorvMSBMy.png\",\"parts\":\"NJvLMpIKkJKGItq4Kt.png\"}'),(20,'auth','register','{\"first_title\":\"Регистрация в интернет-магазине\",\"first_text\":\"<p>Для регистрации в интернет-магазине, пожалуйста, заполните данную анкету.<\\/p>\\r\\n\\r\\n<p>Если у вас возникли проблемы с регистрацией, пожалуйста напишите нам на адрес<\\/p>\\r\\n\\r\\n<p><a href=\\\"mailto:zakaz@bauten.kz\\\">zakaz@bauten.kz<\\/a><\\/p>\"}'),(21,'auth','register_right','{\"title\":\"Условия сотрудничества\",\"text\":\"<p>Мы не несём ответственность за применимость заказываемой&nbsp;<br \\/>\\r\\nдетали к автомобилю Вашего клиента<\\/p>\\r\\n\\r\\n<p>Доставка осуществляется силами нашей компании. Способы&nbsp;<br \\/>\\r\\nдоставки и минимальные параметры отправки согласовываются с&nbsp;<br \\/>\\r\\nкаждым клиентом индивидуально.<\\/p>\"}'),(22,'auth','register_right','{\"title\":\"Работа с нами — это\",\"text\":\"<p>Различные формы оплаты: наличный расчет, безналичный расчет,&nbsp;<br \\/>\\r\\nбанковский перевод.<\\/p>\\r\\n\\r\\n<p>Оперативная доставка продукции по всей территории Казахстана&nbsp;<br \\/>\\r\\nи стран СНГ<\\/p>\\r\\n\\r\\n<p>Право на получение специальных цен на товары<\\/p>\"}');
/*!40000 ALTER TABLE `banners` ENABLE KEYS */;
UNLOCK TABLES;
DROP TABLE IF EXISTS `basket`;
/*!40101 SET @saved_cs_client     = @@character_set_client */;
/*!40101 SET character_set_client = utf8 */;
CREATE TABLE `basket` (
  `id` bigint(20) unsigned NOT NULL AUTO_INCREMENT,
  `part_id` bigint(20) unsigned NOT NULL,
  `user_id` bigint(20) unsigned NOT NULL,
  `count` int(10) unsigned NOT NULL DEFAULT '1',
  PRIMARY KEY (`id`),
  KEY `basket_part_id_foreign` (`part_id`),
  KEY `basket_user_id_foreign` (`user_id`),
  CONSTRAINT `basket_part_id_foreign` FOREIGN KEY (`part_id`) REFERENCES `parts` (`id`) ON DELETE CASCADE,
  CONSTRAINT `basket_user_id_foreign` FOREIGN KEY (`user_id`) REFERENCES `users` (`id`) ON DELETE CASCADE
) ENGINE=InnoDB AUTO_INCREMENT=48 DEFAULT CHARSET=utf8mb4 COLLATE=utf8mb4_unicode_ci;
/*!40101 SET character_set_client = @saved_cs_client */;

LOCK TABLES `basket` WRITE;
/*!40000 ALTER TABLE `basket` DISABLE KEYS */;
INSERT INTO `basket` VALUES (47,6,1,23);
/*!40000 ALTER TABLE `basket` ENABLE KEYS */;
UNLOCK TABLES;
DROP TABLE IF EXISTS `brands`;
/*!40101 SET @saved_cs_client     = @@character_set_client */;
/*!40101 SET character_set_client = utf8 */;
CREATE TABLE `brands` (
  `id` bigint(20) unsigned NOT NULL AUTO_INCREMENT,
  `code` varchar(255) CHARACTER SET utf8 NOT NULL,
  `name` varchar(255) COLLATE utf8mb4_unicode_ci DEFAULT NULL,
  `short` text COLLATE utf8mb4_unicode_ci,
  `description` text COLLATE utf8mb4_unicode_ci,
  `image` varchar(64) COLLATE utf8mb4_unicode_ci DEFAULT NULL,
  `image_alt` varchar(255) COLLATE utf8mb4_unicode_ci DEFAULT NULL,
  `image_title` varchar(255) COLLATE utf8mb4_unicode_ci DEFAULT NULL,
  `url` varchar(255) COLLATE utf8mb4_unicode_ci NOT NULL,
  `seo_title` varchar(255) COLLATE utf8mb4_unicode_ci DEFAULT NULL,
  `seo_description` text COLLATE utf8mb4_unicode_ci,
  `seo_keywords` varchar(255) COLLATE utf8mb4_unicode_ci DEFAULT NULL,
  `in_home` tinyint(1) NOT NULL DEFAULT '0',
  `sort` bigint(20) unsigned NOT NULL DEFAULT '0',
  `active` tinyint(1) NOT NULL DEFAULT '1',
  `created_at` timestamp NULL DEFAULT NULL,
  `updated_at` timestamp NULL DEFAULT NULL,
  PRIMARY KEY (`id`),
  UNIQUE KEY `brands_code_unique` (`code`)
) ENGINE=InnoDB AUTO_INCREMENT=13 DEFAULT CHARSET=utf8mb4 COLLATE=utf8mb4_unicode_ci;
/*!40101 SET character_set_client = @saved_cs_client */;

LOCK TABLES `brands` WRITE;
/*!40000 ALTER TABLE `brands` DISABLE KEYS */;
INSERT INTO `brands` VALUES (1,'1','A-ONE Taiwan',NULL,'<p>Lorem Ipsum is simply dummy text of the printing and typesetting industry. Lorem Ipsum has been the industry&#39;s standard dummy text ever since the 1500s, when an unknown printer took a galley of type and scrambled it to make a type specimen book. It has survived not only five centuries, but also the leap into electronic typesetting, remaining essentially unchanged. It was popularised in the 1960s with the release of Letraset sheets containing Lorem Ipsum passages, and more recently with desktop publishing software like Aldus PageMaker including versions of Lorem Ipsum</p>','VblwLcqn5sxlxmVI8W.png',NULL,NULL,'a-one',NULL,NULL,NULL,1,2,1,'2019-10-04 17:07:27','2019-10-22 18:09:44'),(2,'2','AGP Malaysia',NULL,NULL,'qa3EyHS2FMzDg06llo.png','2','3','agp',NULL,NULL,NULL,1,3,1,'2019-10-07 14:59:42','2019-10-18 14:34:49'),(3,'3','BAUTEN рулевая рейка реставрация',NULL,NULL,'r1od7JHxVQMsEzlupL.png',NULL,NULL,'bauten',NULL,NULL,NULL,1,4,1,'2019-10-07 15:12:52','2019-10-18 14:34:49'),(4,'4','BAW Taiwan','<p>short</p>','<p>description</p>','eBe3R3uICS0eVLAcIf.png',NULL,NULL,'baw',NULL,NULL,NULL,1,1,1,'2019-10-07 15:14:32','2019-10-21 17:39:10'),(5,'5','CAMELLIA Japan',NULL,NULL,'cR0lJW3KoV8kI6LJTA.png',NULL,NULL,'camellia',NULL,NULL,NULL,1,5,1,'2019-10-07 15:14:44','2019-10-18 14:34:49'),(6,'6','CASP Taiwan',NULL,NULL,'WWEtCaBnPPkoWfX8wJ.png',NULL,NULL,'casp',NULL,NULL,NULL,1,6,1,'2019-10-07 15:14:55','2019-10-18 14:34:49'),(7,'7','Cft',NULL,NULL,'t8cHK1jUiNbuFs9p1n.png',NULL,NULL,'cft',NULL,NULL,NULL,1,7,1,'2019-10-07 15:15:07','2019-10-18 14:34:49'),(8,'8','Depo',NULL,NULL,'yRtTjuk2klx7iwF4oO.png',NULL,NULL,'depo',NULL,NULL,NULL,1,8,1,'2019-10-07 15:15:19','2019-10-18 14:34:49'),(9,'9','Visa',NULL,NULL,'L7obyzDUkyl0JEXlxl.png',NULL,NULL,'visa',NULL,NULL,NULL,1,9,1,'2019-10-07 15:15:39','2019-10-18 14:34:49'),(11,'10','Deye',NULL,NULL,'6OT8Pnkarj28bTUWEz.png',NULL,NULL,'deye',NULL,NULL,NULL,1,10,1,'2019-10-07 15:17:14','2019-10-18 14:34:49'),(12,'11','Did',NULL,NULL,'xHSHWZHIhy3MJXZ6D3.png',NULL,NULL,'did',NULL,NULL,NULL,1,11,1,'2019-10-07 15:17:25','2019-10-18 14:34:49');
/*!40000 ALTER TABLE `brands` ENABLE KEYS */;
UNLOCK TABLES;
DROP TABLE IF EXISTS `change_emails`;
/*!40101 SET @saved_cs_client     = @@character_set_client */;
/*!40101 SET character_set_client = utf8 */;
CREATE TABLE `change_emails` (
  `user_id` bigint(20) unsigned NOT NULL,
  `email` varchar(255) CHARACTER SET utf8 NOT NULL,
  `verification` varchar(64) COLLATE utf8mb4_unicode_ci NOT NULL,
  PRIMARY KEY (`user_id`),
  CONSTRAINT `change_emails_user_id_foreign` FOREIGN KEY (`user_id`) REFERENCES `users` (`id`) ON DELETE CASCADE
) ENGINE=InnoDB DEFAULT CHARSET=utf8mb4 COLLATE=utf8mb4_unicode_ci;
/*!40101 SET character_set_client = @saved_cs_client */;

LOCK TABLES `change_emails` WRITE;
/*!40000 ALTER TABLE `change_emails` DISABLE KEYS */;
/*!40000 ALTER TABLE `change_emails` ENABLE KEYS */;
UNLOCK TABLES;
DROP TABLE IF EXISTS `criteria`;
/*!40101 SET @saved_cs_client     = @@character_set_client */;
/*!40101 SET character_set_client = utf8 */;
CREATE TABLE `criteria` (
  `id` bigint(20) unsigned NOT NULL AUTO_INCREMENT,
  `filter_id` int(10) unsigned NOT NULL,
  `title` varchar(255) COLLATE utf8mb4_unicode_ci DEFAULT NULL,
  `sort` int(10) unsigned NOT NULL DEFAULT '0',
  `created_at` timestamp NULL DEFAULT NULL,
  `updated_at` timestamp NULL DEFAULT NULL,
  PRIMARY KEY (`id`),
  KEY `criteria_filter_id_foreign` (`filter_id`),
  CONSTRAINT `criteria_filter_id_foreign` FOREIGN KEY (`filter_id`) REFERENCES `filters` (`id`) ON DELETE CASCADE
) ENGINE=InnoDB AUTO_INCREMENT=7 DEFAULT CHARSET=utf8mb4 COLLATE=utf8mb4_unicode_ci;
/*!40101 SET character_set_client = @saved_cs_client */;

LOCK TABLES `criteria` WRITE;
/*!40000 ALTER TABLE `criteria` DISABLE KEYS */;
INSERT INTO `criteria` VALUES (1,1,'Criterion 1',0,'2019-10-08 16:42:13','2019-10-08 16:42:13'),(2,1,'Criterion 2',0,'2019-10-08 16:42:17','2019-10-08 16:42:17'),(3,1,'Criterion 3',0,'2019-10-08 16:42:22','2019-10-08 16:42:22'),(4,4,'Criterion 1',2,'2019-10-08 16:42:34','2019-10-09 14:45:52'),(5,4,'Criterion 2',1,'2019-10-08 16:42:38','2019-10-09 14:45:52'),(6,5,'Crit',0,'2019-10-08 17:25:05','2019-10-08 17:25:05');
/*!40000 ALTER TABLE `criteria` ENABLE KEYS */;
UNLOCK TABLES;
DROP TABLE IF EXISTS `criterion_part`;
/*!40101 SET @saved_cs_client     = @@character_set_client */;
/*!40101 SET character_set_client = utf8 */;
CREATE TABLE `criterion_part` (
  `id` bigint(20) unsigned NOT NULL AUTO_INCREMENT,
  `criterion_id` bigint(20) unsigned NOT NULL,
  `part_id` bigint(20) unsigned NOT NULL,
  PRIMARY KEY (`id`),
  KEY `criterion_part_criterion_id_foreign` (`criterion_id`),
  KEY `criterion_part_part_id_foreign` (`part_id`),
  CONSTRAINT `criterion_part_criterion_id_foreign` FOREIGN KEY (`criterion_id`) REFERENCES `criteria` (`id`) ON DELETE CASCADE,
  CONSTRAINT `criterion_part_part_id_foreign` FOREIGN KEY (`part_id`) REFERENCES `parts` (`id`) ON DELETE CASCADE
) ENGINE=InnoDB AUTO_INCREMENT=20 DEFAULT CHARSET=utf8mb4 COLLATE=utf8mb4_unicode_ci;
/*!40101 SET character_set_client = @saved_cs_client */;

LOCK TABLES `criterion_part` WRITE;
/*!40000 ALTER TABLE `criterion_part` DISABLE KEYS */;
INSERT INTO `criterion_part` VALUES (9,1,4),(10,2,4),(12,4,4),(13,5,4),(14,1,5),(15,2,5),(16,3,5),(17,4,5),(18,5,5),(19,6,5);
/*!40000 ALTER TABLE `criterion_part` ENABLE KEYS */;
UNLOCK TABLES;
DROP TABLE IF EXISTS `delivery_cities`;
/*!40101 SET @saved_cs_client     = @@character_set_client */;
/*!40101 SET character_set_client = utf8 */;
CREATE TABLE `delivery_cities` (
  `id` int(10) unsigned NOT NULL AUTO_INCREMENT,
  `title` varchar(255) COLLATE utf8mb4_unicode_ci NOT NULL,
  `region_id` int(10) unsigned NOT NULL,
  `price` int(10) unsigned NOT NULL DEFAULT '0',
  PRIMARY KEY (`id`),
  KEY `delivery_cities_region_id_foreign` (`region_id`),
  CONSTRAINT `delivery_cities_region_id_foreign` FOREIGN KEY (`region_id`) REFERENCES `delivery_regions` (`id`) ON DELETE CASCADE
) ENGINE=InnoDB AUTO_INCREMENT=8 DEFAULT CHARSET=utf8mb4 COLLATE=utf8mb4_unicode_ci;
/*!40101 SET character_set_client = @saved_cs_client */;

LOCK TABLES `delivery_cities` WRITE;
/*!40000 ALTER TABLE `delivery_cities` DISABLE KEYS */;
INSERT INTO `delivery_cities` VALUES (3,'City 1',4,1000),(4,'City 2',4,2000),(5,'City 3',5,3000),(6,'City 4',5,5000),(7,'efrge',6,25252);
/*!40000 ALTER TABLE `delivery_cities` ENABLE KEYS */;
UNLOCK TABLES;
DROP TABLE IF EXISTS `delivery_regions`;
/*!40101 SET @saved_cs_client     = @@character_set_client */;
/*!40101 SET character_set_client = utf8 */;
CREATE TABLE `delivery_regions` (
  `id` int(10) unsigned NOT NULL AUTO_INCREMENT,
  `title` varchar(255) COLLATE utf8mb4_unicode_ci NOT NULL,
  PRIMARY KEY (`id`)
) ENGINE=InnoDB AUTO_INCREMENT=7 DEFAULT CHARSET=utf8mb4 COLLATE=utf8mb4_unicode_ci;
/*!40101 SET character_set_client = @saved_cs_client */;

LOCK TABLES `delivery_regions` WRITE;
/*!40000 ALTER TABLE `delivery_regions` DISABLE KEYS */;
INSERT INTO `delivery_regions` VALUES (4,'Region1'),(5,'Region 2'),(6,'vrgvbrgbg');
/*!40000 ALTER TABLE `delivery_regions` ENABLE KEYS */;
UNLOCK TABLES;
DROP TABLE IF EXISTS `engine_criteria`;
/*!40101 SET @saved_cs_client     = @@character_set_client */;
/*!40101 SET character_set_client = utf8 */;
CREATE TABLE `engine_criteria` (
  `id` bigint(20) unsigned NOT NULL AUTO_INCREMENT,
  `engine_filter_id` int(10) unsigned NOT NULL,
  `title` varchar(255) COLLATE utf8mb4_unicode_ci DEFAULT NULL,
  `sort` int(10) unsigned NOT NULL DEFAULT '0',
  `created_at` timestamp NULL DEFAULT NULL,
  `updated_at` timestamp NULL DEFAULT NULL,
  PRIMARY KEY (`id`),
  KEY `engine_criteria_engine_filter_id_foreign` (`engine_filter_id`),
  CONSTRAINT `engine_criteria_engine_filter_id_foreign` FOREIGN KEY (`engine_filter_id`) REFERENCES `engine_filters` (`id`) ON DELETE CASCADE
) ENGINE=InnoDB AUTO_INCREMENT=3 DEFAULT CHARSET=utf8mb4 COLLATE=utf8mb4_unicode_ci;
/*!40101 SET character_set_client = @saved_cs_client */;

LOCK TABLES `engine_criteria` WRITE;
/*!40000 ALTER TABLE `engine_criteria` DISABLE KEYS */;
INSERT INTO `engine_criteria` VALUES (1,1,'Дизельный',0,'2019-10-11 11:10:14','2019-10-11 11:10:14'),(2,1,'Бензиновый',0,'2019-10-11 11:10:36','2019-10-11 11:10:36');
/*!40000 ALTER TABLE `engine_criteria` ENABLE KEYS */;
UNLOCK TABLES;
DROP TABLE IF EXISTS `engine_criterion_part`;
/*!40101 SET @saved_cs_client     = @@character_set_client */;
/*!40101 SET character_set_client = utf8 */;
CREATE TABLE `engine_criterion_part` (
  `id` bigint(20) unsigned NOT NULL AUTO_INCREMENT,
  `engine_criterion_id` bigint(20) unsigned NOT NULL,
  `part_id` bigint(20) unsigned NOT NULL,
  PRIMARY KEY (`id`),
  KEY `engine_criterion_part_engine_criterion_id_foreign` (`engine_criterion_id`),
  KEY `engine_criterion_part_part_id_foreign` (`part_id`),
  CONSTRAINT `engine_criterion_part_engine_criterion_id_foreign` FOREIGN KEY (`engine_criterion_id`) REFERENCES `engine_criteria` (`id`) ON DELETE CASCADE,
  CONSTRAINT `engine_criterion_part_part_id_foreign` FOREIGN KEY (`part_id`) REFERENCES `parts` (`id`) ON DELETE CASCADE
) ENGINE=InnoDB AUTO_INCREMENT=5 DEFAULT CHARSET=utf8mb4 COLLATE=utf8mb4_unicode_ci;
/*!40101 SET character_set_client = @saved_cs_client */;

LOCK TABLES `engine_criterion_part` WRITE;
/*!40000 ALTER TABLE `engine_criterion_part` DISABLE KEYS */;
INSERT INTO `engine_criterion_part` VALUES (1,1,5),(2,2,5),(3,1,4),(4,2,4);
/*!40000 ALTER TABLE `engine_criterion_part` ENABLE KEYS */;
UNLOCK TABLES;
DROP TABLE IF EXISTS `engine_filters`;
/*!40101 SET @saved_cs_client     = @@character_set_client */;
/*!40101 SET character_set_client = utf8 */;
CREATE TABLE `engine_filters` (
  `id` int(10) unsigned NOT NULL AUTO_INCREMENT,
  `title` varchar(255) COLLATE utf8mb4_unicode_ci DEFAULT NULL,
  `sort` int(10) unsigned NOT NULL DEFAULT '0',
  `created_at` timestamp NULL DEFAULT NULL,
  `updated_at` timestamp NULL DEFAULT NULL,
  PRIMARY KEY (`id`)
) ENGINE=InnoDB AUTO_INCREMENT=2 DEFAULT CHARSET=utf8mb4 COLLATE=utf8mb4_unicode_ci;
/*!40101 SET character_set_client = @saved_cs_client */;

LOCK TABLES `engine_filters` WRITE;
/*!40000 ALTER TABLE `engine_filters` DISABLE KEYS */;
INSERT INTO `engine_filters` VALUES (1,'Тип',0,'2019-10-11 11:08:24','2019-10-11 11:08:29');
/*!40000 ALTER TABLE `engine_filters` ENABLE KEYS */;
UNLOCK TABLES;
DROP TABLE IF EXISTS `favourites`;
/*!40101 SET @saved_cs_client     = @@character_set_client */;
/*!40101 SET character_set_client = utf8 */;
CREATE TABLE `favourites` (
  `id` bigint(20) unsigned NOT NULL AUTO_INCREMENT,
  `part_id` bigint(20) unsigned NOT NULL,
  `user_id` bigint(20) unsigned NOT NULL,
  PRIMARY KEY (`id`),
  KEY `favourites_part_id_foreign` (`part_id`),
  KEY `favourites_user_id_foreign` (`user_id`),
  CONSTRAINT `favourites_part_id_foreign` FOREIGN KEY (`part_id`) REFERENCES `parts` (`id`) ON DELETE CASCADE,
  CONSTRAINT `favourites_user_id_foreign` FOREIGN KEY (`user_id`) REFERENCES `users` (`id`) ON DELETE CASCADE
) ENGINE=InnoDB AUTO_INCREMENT=40 DEFAULT CHARSET=utf8mb4 COLLATE=utf8mb4_unicode_ci;
/*!40101 SET character_set_client = @saved_cs_client */;

LOCK TABLES `favourites` WRITE;
/*!40000 ALTER TABLE `favourites` DISABLE KEYS */;
INSERT INTO `favourites` VALUES (28,6,1),(32,8,1),(33,7,1),(35,14,1),(36,15,1),(37,9,1),(38,13,1),(39,4,1);
/*!40000 ALTER TABLE `favourites` ENABLE KEYS */;
UNLOCK TABLES;
DROP TABLE IF EXISTS `filters`;
/*!40101 SET @saved_cs_client     = @@character_set_client */;
/*!40101 SET character_set_client = utf8 */;
CREATE TABLE `filters` (
  `id` int(10) unsigned NOT NULL AUTO_INCREMENT,
  `title` varchar(255) COLLATE utf8mb4_unicode_ci DEFAULT NULL,
  `group_id` int(10) unsigned DEFAULT NULL,
  `sort` int(10) unsigned NOT NULL DEFAULT '0',
  `active` tinyint(1) NOT NULL DEFAULT '1',
  `created_at` timestamp NULL DEFAULT NULL,
  `updated_at` timestamp NULL DEFAULT NULL,
  PRIMARY KEY (`id`),
  KEY `filters_group_id_foreign` (`group_id`),
  CONSTRAINT `filters_group_id_foreign` FOREIGN KEY (`group_id`) REFERENCES `groups` (`id`) ON DELETE CASCADE
) ENGINE=InnoDB AUTO_INCREMENT=8 DEFAULT CHARSET=utf8mb4 COLLATE=utf8mb4_unicode_ci;
/*!40101 SET character_set_client = @saved_cs_client */;

LOCK TABLES `filters` WRITE;
/*!40000 ALTER TABLE `filters` DISABLE KEYS */;
INSERT INTO `filters` VALUES (1,'Filter 1',NULL,1,1,'2019-10-08 15:26:34','2019-10-10 15:50:55'),(4,'Filter 2',NULL,3,1,'2019-10-08 16:42:28','2019-10-10 15:50:55'),(5,'Filter 5',1,1,1,'2019-10-08 17:12:56','2019-10-08 17:20:34'),(6,'Filter 3',NULL,2,1,'2019-10-08 17:16:36','2019-10-10 15:50:55'),(7,'Filter 6',1,2,1,'2019-10-08 17:20:27','2019-10-08 17:20:34');
/*!40000 ALTER TABLE `filters` ENABLE KEYS */;
UNLOCK TABLES;
DROP TABLE IF EXISTS `galleries`;
/*!40101 SET @saved_cs_client     = @@character_set_client */;
/*!40101 SET character_set_client = utf8 */;
CREATE TABLE `galleries` (
  `id` bigint(20) unsigned NOT NULL AUTO_INCREMENT,
  `gallery` varchar(255) COLLATE utf8mb4_unicode_ci NOT NULL,
  `key` int(10) unsigned DEFAULT NULL,
  `image` varchar(64) COLLATE utf8mb4_unicode_ci NOT NULL,
  `alt` varchar(255) COLLATE utf8mb4_unicode_ci DEFAULT NULL,
  `title` varchar(255) COLLATE utf8mb4_unicode_ci DEFAULT NULL,
  `sort` int(10) unsigned NOT NULL DEFAULT '0',
  PRIMARY KEY (`id`)
) ENGINE=InnoDB DEFAULT CHARSET=utf8mb4 COLLATE=utf8mb4_unicode_ci;
/*!40101 SET character_set_client = @saved_cs_client */;

LOCK TABLES `galleries` WRITE;
/*!40000 ALTER TABLE `galleries` DISABLE KEYS */;
/*!40000 ALTER TABLE `galleries` ENABLE KEYS */;
UNLOCK TABLES;
DROP TABLE IF EXISTS `generations`;
/*!40101 SET @saved_cs_client     = @@character_set_client */;
/*!40101 SET character_set_client = utf8 */;
CREATE TABLE `generations` (
  `id` bigint(20) unsigned NOT NULL AUTO_INCREMENT,
  `cid` varchar(255) CHARACTER SET utf8 DEFAULT NULL,
  `model_id` int(10) unsigned NOT NULL,
  `name` varchar(255) COLLATE utf8mb4_unicode_ci DEFAULT NULL,
  `engine` mediumint(8) unsigned DEFAULT NULL,
  `year` smallint(5) unsigned DEFAULT NULL,
  `year_to` smallint(5) unsigned DEFAULT NULL,
  `active` tinyint(1) NOT NULL DEFAULT '1',
  PRIMARY KEY (`id`),
  UNIQUE KEY `generations_cid_unique` (`cid`),
  KEY `generations_model_id_foreign` (`model_id`),
  CONSTRAINT `generations_model_id_foreign` FOREIGN KEY (`model_id`) REFERENCES `models` (`id`) ON DELETE CASCADE
) ENGINE=InnoDB AUTO_INCREMENT=5256 DEFAULT CHARSET=utf8mb4 COLLATE=utf8mb4_unicode_ci;
/*!40101 SET character_set_client = @saved_cs_client */;

LOCK TABLES `generations` WRITE;
/*!40000 ALTER TABLE `generations` DISABLE KEYS */;
INSERT INTO `generations` VALUES (1,'4402',11,'1.6 16V (A101)',1590,1989,1997,1),(2,'4404',11,'1.6 16V 4WD (A111)',1590,1989,1997,1),(3,'8516',11,'1.6 16V (A101)',1590,1989,1997,1),(4,'11862',11,'1.6 16V (A101)',1590,1997,2000,1),(5,'11732',1,'1.33 16V',1329,2011,NULL,1),(6,'20349',1,'1.0 (L251S)',989,2003,NULL,1),(7,'4348',1,'1.0',993,1977,1981,1),(8,'4350',1,'1.0',993,1981,1983,1),(9,'4346',1,'1.0 D (G30)',993,1983,1987,1),(10,'4347',1,'1.0 TD (G30)',993,1985,1987,1),(11,'4352',1,'1.0 (G11)',993,1983,1987,1),(12,'4353',1,'1.0 Turbo (G11)',993,1983,1987,1),(13,'4386',1,'1.0 Turbo (G100)',993,1987,1990,1),(14,'4389',1,'1.0 D (G101)',993,1987,1992,1),(15,'4392',1,'1.0 TD (G101)',993,1987,1992,1),(16,'4393',1,'1.0 (G100)',993,1987,1992,1),(17,'4394',1,'1.0 (G100)',993,1990,1992,1),(18,'4396',1,'1.0 (G100)',993,1989,1992,1),(19,'4398',1,'1.0 GTi (G100)',993,1987,1992,1),(20,'4400',1,'1.3 i (G102)',1296,1988,1992,1),(21,'4401',1,'1.3 i 4WD (G102)',1296,1988,1993,1),(22,'17423',1,'1.3',1296,1990,1993,1),(23,'4405',1,'1.3 i 16V',1296,1993,2000,1),(24,'4406',1,'1.6 GTi',1590,1993,1999,1),(25,'7687',1,'1.3 16V',1296,1996,1999,1),(26,'7716',1,'1.3',1296,1996,1999,1),(27,'7727',1,'1.5 i 16V',1499,1997,1999,1),(28,'4408',1,'1.5 i 16V',1499,1994,NULL,1),(29,'7718',1,'1.5 16V',1499,1994,NULL,1),(30,'22569',1,'1.3',1342,1998,1999,1),(31,'4354',5,'1.3 (A35)',1290,1981,1987,1),(32,'4355',5,'1.6 (A60)',1588,1985,1987,1),(33,'4356',5,'1.6 (A60)',1587,1986,1987,1),(34,'4357',5,'1.6 (A60)',1587,1983,1987,1),(35,'4358',5,'1.6 (A45)',1588,1981,1984,1),(36,'17468',15,'0.7 (L880)',659,2003,2007,1),(37,'19318',15,'1.3',1298,2006,2012,1),(38,'34827',15,'0.7',659,2003,2012,1),(39,'4341',2,'0.5 (L55)',547,1980,1985,1),(40,'4342',2,'0.6 (L60)',617,1982,1985,1),(41,'4343',2,'0.8 (L80)',847,1989,1990,1),(42,'4345',2,'0.8 (L80)',847,1985,1990,1),(43,'4518',2,'0.8 4WD (L81)',847,1986,1988,1),(44,'4344',2,'0.8',847,1990,1994,1),(45,'4787',2,'0.8',847,1995,1996,1),(46,'7724',2,'0.8',847,1996,1998,1),(47,'10464',2,'1.0 i (L701)',989,1998,2003,1),(48,'17325',2,'1.0',989,2003,NULL,1),(49,'23496',2,'1.0',998,2007,NULL,1),(50,'27437',466,'3.7 D',3661,1988,1999,1),(51,'27438',466,'3.0 D',2977,1984,1987,1),(52,'27440',466,'2.8 D',2765,1987,1999,1),(53,'27432',466,'3.7 D',3661,1988,1999,1),(54,'27433',466,'2.8 D',2765,1987,1999,1),(55,'27434',466,'3.0 D',2977,1984,1987,1),(56,'56137',466,'2.8 D',2765,1987,1994,1),(57,'56138',466,'2.3',2237,1991,1999,1),(58,'27458',466,'3.0 D',2977,1984,1987,1),(59,'4379',3,'1.6 16V',1590,1988,1999,1),(60,'4382',3,'1.6 i 16V 4x4',1590,1988,1999,1),(61,'4378',3,'1.6 16V',1590,1988,1999,1),(62,'4380',3,'1.6 i 16V',1590,1988,1999,1),(63,'7719',6,'1.5 16V (G303)',1499,1996,1998,1),(64,'10141',6,'1.6 16V (G301)',1590,1998,NULL,1),(65,'14128',9,'1.0',993,1986,1989,1),(66,'14129',9,'0.8',843,1986,1989,1),(67,'9168',9,'1.0 i',993,1994,1998,1),(68,'14126',9,'0.8',843,1986,1989,1),(69,'14127',9,'1.0',993,1986,1989,1),(70,'9169',9,'1.2 D',1221,1995,1998,1),(71,'10879',9,'1.0 i',993,1994,1998,1),(72,'10880',9,'1.0',993,1992,1998,1),(73,'12500',9,'1.4 D',1371,1998,NULL,1),(74,'14104',9,'1.3 i 16V',1295,1998,NULL,1),(75,'22463',16,'1.3',1298,2006,NULL,1),(76,'22464',16,'1.5',1495,2006,NULL,1),(77,'22468',16,'1.5 ECO 4WD',1495,2006,NULL,1),(78,'7722',467,'0.8',847,1996,2002,1),(79,'11498',467,'1.0 i',989,1998,2002,1),(80,'4366',4,'2.0 4x4',1998,1985,1993,1),(81,'4372',4,'2.8 TD',2765,1987,1993,1),(82,'4375',4,'2.8 D',2765,1985,1998,1),(83,'4377',4,'2.8 TD',2765,1991,1998,1),(84,'5731',4,'2.8 TD',2765,1993,1998,1),(85,'4365',4,'2.0',1998,1985,1993,1),(86,'4369',4,'2.8 TD',2765,1987,1993,1),(87,'4374',4,'2.8 D',2765,1985,1998,1),(88,'4376',4,'2.8 TD',2765,1991,1998,1),(89,'23574',4,'2.2 4x4',2237,1991,1993,1),(90,'9343',10,'1.0 i (M100)',989,1998,2000,1),(91,'14412',10,'1.0 i 4WD',989,1999,2000,1),(92,'15361',10,'1.3 Sport',1298,2000,2005,1),(93,'15362',10,'1.3 Sport 4WD',1298,2000,2005,1),(94,'15537',10,'1.0 i',989,2000,2005,1),(95,'15538',10,'1.0 i 4WD',989,2000,2005,1),(96,'18482',10,'1.0',998,2005,NULL,1),(97,'18483',10,'1.3',1298,2005,NULL,1),(98,'20634',10,'1.3 4WD',1298,2005,NULL,1),(99,'26618',10,'1.3',1298,2008,NULL,1),(100,'26619',10,'1.3 4WD',1298,2008,NULL,1),(101,'26620',10,'1.5',1495,2008,NULL,1),(102,'14122',468,'0.8',843,1983,1986,1),(103,'14123',468,'1.0',993,1983,1986,1),(104,'14124',468,'0.8',843,1983,1986,1),(105,'14125',468,'1.0',993,1983,1986,1),(106,'14073',12,'1.6 D 4x4 (F20, F25)',1587,1976,1985,1),(107,'14074',12,'2.5 D 4x4 (F50, F55)',2530,1978,1982,1),(108,'14075',12,'2.8 D 4x4 (F60, F65)',2765,1982,1985,1),(109,'1021283',12,'1.6 4x4',1587,1976,1985,1),(110,'8786',8,'1.3 4WD',1296,1997,2000,1),(111,'15551',8,'1.3 4WD',1298,2000,2005,1),(112,'16278',8,'1.3',1298,2001,2005,1),(113,'22608',8,'1.3 VVT-i FWD',1298,2002,2005,1),(114,'11186',8,'1.5 VVT-i',1495,2010,NULL,1),(115,'19605',8,'1.5 4x4',1495,2006,NULL,1),(116,'20583',8,'1.5 VVT-i',1495,2005,NULL,1),(117,'21760',8,'1.5 VVT-i [RWD]',1495,2005,NULL,1),(118,'23818',8,'1.3 VVT-i 4x4',1298,2005,NULL,1),(119,'28040',8,'1.5 VVT-i 4x4',1495,2010,NULL,1),(120,'116155',8,'1.5 VVT-i [RWD]',1495,2010,NULL,1),(121,'22471',17,'1.0',989,2006,NULL,1),(122,'4359',7,'2.8 D',2765,1985,1987,1),(123,'4362',7,'2.8 TD',2765,1985,1987,1),(124,'4360',7,'2.8 D',2765,1985,1987,1),(125,'4361',7,'2.8 TD',2765,1985,1987,1),(126,'26807',18,'1.0',989,2007,NULL,1),(127,'26972',18,'1.3 VVT-i',1298,2007,NULL,1),(128,'15614',14,'1.3',1298,2001,NULL,1),(129,'15953',14,'1.3 4WD',1298,2001,NULL,1),(130,'16823',14,'1.0',989,2001,NULL,1),(131,'16926',14,'1.3 GTti',1298,2002,NULL,1),(132,'1020771',22,'CD',NULL,1994,1997,1),(133,'1020772',22,'CG,CH',NULL,1998,2003,1),(134,'1020773',22,'CL',NULL,2003,2006,1),(135,'1020774',22,'CU',NULL,2008,2012,1),(136,'1020775',22,'CR',NULL,2012,2017,1),(137,'4138',22,'1.6 L/EX (SY)',1602,1978,1983,1),(138,'4140',22,'1.6 L/EX (SJ, SY)',1602,1979,1983,1),(139,'4148',22,'1.6 EX (AC)',1598,1983,1985,1),(140,'4151',22,'1.8 EX (AD)',1829,1983,1985,1),(141,'4147',22,'1.6 EX (AC)',1598,1983,1985,1),(142,'4149',22,'1.8 EX (AD)',1829,1983,1985,1),(143,'4153',22,'1.6 L (CA4)',1598,1985,1989,1),(144,'4154',22,'2.0 EX (CA5)',1955,1985,1989,1),(145,'4158',22,'2.0 EX (CA5)',1955,1985,1989,1),(146,'4160',22,'2.0 EX (CA5)',1955,1985,1989,1),(147,'4163',22,'2.0 EXi (CA5)',1955,1986,1989,1),(148,'4167',22,'2.0 EXi (CA5)',1955,1985,1987,1),(149,'4169',22,'2.0 i 16V (CA5)',1958,1987,1989,1),(150,'4170',22,'2.0 i 16V (CA5)',1958,1987,NULL,1),(151,'4157',22,'2.0 EX',1955,1987,1989,1),(152,'4162',22,'2.0 EX (CA5)',1955,1985,1989,1),(153,'4165',22,'2.0 EXi (CA5)',1955,1987,1989,1),(154,'4168',22,'2.0 EXi (CA5)',1955,1985,1987,1),(155,'5056',22,'2.0 EX (CA5)',1955,1987,1989,1),(156,'14669',22,'1.6 L (CA4)',1598,1985,1989,1),(157,'4252',22,'2.0 16V (CB3)',1997,1990,1993,1),(158,'4254',22,'2.0 16V (CB3)',1997,1990,1993,1),(159,'4256',22,'2.0 i 16V (CB3)',1997,1990,1993,1),(160,'4257',22,'2.2 i 16V Automatik (CB7)',2156,1990,1993,1),(161,'4258',22,'2.2 i 16V (CB7)',2156,1990,1993,1),(162,'4260',22,'2.2 i 16V (CB8)',2156,1991,1993,1),(163,'4261',22,'2.2 i 16V (CB8)',2156,1991,1993,1),(164,'4284',22,'2.0 i 16V (CC9)',1997,1993,NULL,1),(165,'4259',22,'2.0 i 16V (CC1)',1997,1992,1993,1),(166,'117564',22,'2.4',2356,2014,NULL,1),(167,'4281',22,'2.0 i',1997,1993,1996,1),(168,'4282',22,'2.0 i S',1997,1993,1996,1),(169,'4283',22,'2.3 i SR',2259,1993,1996,1),(170,'5355',22,'1.9 i (CE7)',1850,1996,1998,1),(171,'5356',22,'2.0 i LS (CE8)',1997,1996,1998,1),(172,'5357',22,'2.2 i VTEC (CE9)',2156,1996,1998,1),(173,'5358',22,'2.0 TDi (CF1)',1994,1996,1998,1),(174,'4296',22,'2.0 i LS 16V (CE2)',1997,1993,1998,1),(175,'4297',22,'2.2 i ES (CE1)',2156,1993,1998,1),(176,'4295',22,'2.2 i ES (CD7)',2156,1993,1998,1),(177,'17641',22,'2.0 (CD9)',1997,1993,1997,1),(178,'10026',22,'1.8 i',1850,1998,2002,1),(179,'10027',22,'2.0 i',1997,1998,2001,1),(180,'10028',22,'2.2 Type-R',2157,1999,2002,1),(181,'10299',22,'2.0 Turbo DI',1994,1999,2002,1),(182,'14899',22,'1.6 i',1590,1998,2002,1),(183,'15817',22,'2.3 (CK2)',2254,2001,2003,1),(184,'20663',22,'1.6 LS',1590,1998,2002,1),(185,'20665',22,'3.0 Vtec (CK1)',2997,1997,2003,1),(186,'14411',22,'1.8 i (CH6)',1850,1999,2002,1),(187,'17714',22,'2.3 (CL4)',2254,2000,2002,1),(188,'17715',22,'2.0 (CH7)',1997,1999,2002,1),(189,'18865',22,'2.0 TDi',1994,1999,2000,1),(190,'10239',22,'2.0 i 16V',1997,1998,2003,1),(191,'10240',22,'3.0 V6 24V (CG2)',2997,1998,2003,1),(192,'17126',22,'2.0 (CL7)',1998,2003,2008,1),(193,'17127',22,'2.4 (CL9)',2354,2003,2008,1),(194,'17485',22,'2.2 i-CTDi',2204,2004,2008,1),(195,'17716',22,'2.0 Привод на все колеса (CL8)',1998,2003,2008,1),(196,'17263',22,'2.0 (CM1)',1998,2003,2008,1),(197,'17264',22,'2.4 (CM2)',2354,2003,2008,1),(198,'17486',22,'2.2 i-CTDi',2204,2004,2008,1),(199,'14016',22,'2.0 i',1997,2008,NULL,1),(200,'29480',22,'2.0 i',1997,2008,2015,1),(201,'29481',22,'2.4 i',2354,2008,2015,1),(202,'29482',22,'2.2 i-DTEC',2199,2008,2015,1),(203,'34928',22,'2.2 i-DTEC',2199,2008,2015,1),(204,'29483',22,'2.0 i',1997,2008,NULL,1),(205,'29484',22,'2.4 i',2354,2008,NULL,1),(206,'29485',22,'2.2 i-DTEC',2199,2008,NULL,1),(207,'34929',22,'2.2 i-DTEC',2199,2008,NULL,1),(208,'56767',22,'2.0 i',1997,2008,NULL,1),(209,'1020781',21,'EG',NULL,1992,1995,1),(210,'1020782',21,'EJ',NULL,1996,2000,1),(211,'1020783',21,'FD',NULL,2006,2011,1),(212,'1020784',21,'FB',NULL,2012,2015,1),(213,'4100',21,'1200 (SB2)',1238,1977,1980,1),(214,'7485',21,'1200 (SB1)',1169,1972,1977,1),(215,'7486',21,'1200 (SB2)',1238,1977,1980,1),(216,'4244',21,'1.5 (AN)',1488,1983,1987,1),(217,'4247',21,'1.5 4WD (AR)',1488,1985,1987,1),(218,'4101',21,'1300 L',1335,1980,1983,1),(219,'4103',21,'1300 L',1335,1980,1983,1),(220,'4104',21,'1300 S',1335,1979,1984,1),(221,'4250',21,'1.6 i 16V 4WD (EE4)',1590,1988,1989,1),(222,'4251',21,'1.6 i 16V 4WD (EE4)',1590,1988,1995,1),(223,'6108',21,'1.5 i 16V (EE2)',1493,1988,1991,1),(224,'18864',21,'1.4 i 16V (EE1)',1396,1988,1992,1),(225,'4102',21,'1300 L (SS)',1335,1979,1983,1),(226,'4106',21,'1300',1335,1979,1983,1),(227,'4108',21,'1.2 (AL)',1187,1984,1987,1),(228,'4111',21,'1.3 (AG)',1342,1983,1987,1),(229,'4117',21,'1.5 GL (AH)',1488,1983,1987,1),(230,'4120',21,'1.5 GTI (AH)',1488,1986,1987,1),(231,'4122',21,'1.5 GT (AH)',1488,1985,1987,1),(232,'14663',21,'1.2',1187,1985,1987,1),(233,'14664',21,'1.3',1342,1983,1987,1),(234,'14665',21,'1.5 GL',1488,1983,1987,1),(235,'14666',21,'1.5 GTI',1488,1986,1987,1),(236,'14667',21,'1.5 GT',1488,1985,1987,1),(237,'4114',21,'1.4 L (EC9)',1396,1987,1989,1),(238,'4128',21,'1.6 i 16V (ED7)',1590,1987,1991,1),(239,'4129',21,'1.3 16 V (EC8) KAT',1343,1989,1991,1),(240,'4131',21,'1.5 i 16V (ED6)',1493,1988,1991,1),(241,'4134',21,'1.6 i 16V (ED7)',1590,1987,1991,1),(242,'4135',21,'1.6 i 16V Vtec (EE9)',1595,1989,1991,1),(243,'6106',21,'1.6 i 16V',1590,1987,1991,1),(244,'7488',21,'1.3 (EC8)',1343,1987,1989,1),(245,'18018',21,'1.5 i 16V',1493,1988,1991,1),(246,'57910',21,'1.6 i 16V',1590,1988,1991,1),(247,'4115',21,'1.4 L (ED2)',1396,1987,1989,1),(248,'4125',21,'1.6 i 16V (ED4)',1590,1987,1991,1),(249,'4132',21,'1.5 i 16V (ED3)',1493,1987,1991,1),(250,'4133',21,'1.6 i 16V (ED4)',1590,1987,1991,1),(251,'6107',21,'1.6 i 16V',1590,1987,1991,1),(252,'9191',21,'1.6 i 16V 4x4',1590,1989,1991,1),(253,'17634',21,'1.3',1343,1987,1989,1),(254,'18019',21,'1.5 i 16V',1493,1987,1991,1),(255,'55637',21,'1.6 16V 4x4',1590,1987,1991,1),(256,'1021550',21,'1.6 i 16v 4x4',1590,1989,1991,1),(257,'13918',21,'1.4 i-VTEC',1339,2012,NULL,1),(258,'13926',21,'1.8 i-VTEC',1798,2012,NULL,1),(259,'13927',21,'2.2 i-DTEC',2199,2012,NULL,1),(260,'58791',21,'1.6 i-DTEC',1597,2013,NULL,1),(261,'116064',21,'2.0 i-VTEC Type R',1996,2015,NULL,1),(262,'100487',21,'1.6 i-DTEC',1597,2014,NULL,1),(263,'100489',21,'1.8 i-VTEC',1798,2014,NULL,1),(264,'57475',21,'1.8',1798,2012,NULL,1),(265,'4262',21,'1.3 16V (EG3)',1343,1991,1995,1),(266,'4263',21,'1.5 i 16V (EG4)',1493,1991,1995,1),(267,'4265',21,'1.6 16V Vtec (EG5)',1590,1991,1995,1),(268,'4267',21,'1.6 VTi 16V (EG6)',1595,1991,1995,1),(269,'18020',21,'1.5 i 16V (EG4)',1493,1991,1995,1),(270,'4292',21,'1.6 i Vtec (EJ1)',1590,1994,1996,1),(271,'4293',21,'1.5 i LSi (EJ2)',1493,1993,1995,1),(272,'10596',21,'1.6 i (EJ6)',1590,1994,1995,1),(273,'14900',21,'1.6 i Vtec',1595,1994,1995,1),(274,'4275',21,'1.5 i 16V (EG8)',1493,1991,1995,1),(275,'4276',21,'1.6 16V Vtec (EH9)',1590,1991,1995,1),(276,'4277',21,'1.6 VTi (EG9)',1595,1991,1995,1),(277,'20417',21,'1.6 EX',1590,1993,1995,1),(278,'21390',21,'1.6 4x4',1590,1992,1995,1),(279,'9543',21,'1.4 16V (MB8)',1396,1998,2001,1),(280,'9544',21,'1.4 16V (MB8)',1396,1998,2001,1),(281,'9545',21,'1.5 16V (MB9)',1493,1998,2001,1),(282,'9546',21,'1.6 16V (MC1)',1590,1998,2001,1),(283,'9547',21,'1.8 16V (MC2)',1797,1998,2001,1),(284,'9548',21,'2.0 i D (MC3)',1994,1998,2001,1),(285,'54931',21,'2.0 i D (MC3)',1994,1998,2001,1),(286,'54963',21,'1.6 16V (MC1)',1590,1998,2001,1),(287,'4286',21,'1.6 i (MB1)',1590,1994,1997,1),(288,'4288',21,'1.6 i Vtec (MB1)',1590,1994,1997,1),(289,'4289',21,'1.5 i Vtec-E (MA9)',1493,1994,1997,1),(290,'4291',21,'1.4 i (MA8, MB2)',1396,1994,2001,1),(291,'5359',21,'1.4 i (MA8, MB2)',1396,1995,2001,1),(292,'7816',21,'1.5 16V (MB3)',1493,1997,2001,1),(293,'7817',21,'1.6 16V (MB4)',1590,1997,2001,1),(294,'7818',21,'1.8 16V (MB6)',1797,1997,2001,1),(295,'7819',21,'2.0 i TD (MB7)',1994,1997,2001,1),(296,'11506',21,'1.6 VTi',1595,1997,2001,1),(297,'20511',21,'1.6',1590,1998,2000,1),(298,'54964',21,'2.0 TDiC (MB7)',1994,1998,2000,1),(299,'5196',21,'1.4 i (EJ9)',1396,1995,2001,1),(300,'5197',21,'1.4 i S (EJ9)',1396,1995,2001,1),(301,'5198',21,'1.6 i (EK1)',1590,1995,2001,1),(302,'5199',21,'1.5 i (EK3)',1493,1995,2001,1),(303,'5200',21,'1.6 VTi (EK4)',1595,1995,2001,1),(304,'20440',21,'1.6',1590,1998,2000,1),(305,'17524',21,'1.6 i Vtec',1590,1996,2000,1),(306,'17525',21,'1.6 i',1590,1996,2000,1),(307,'18832',21,'1.6 i Vtec',1595,1999,2000,1),(308,'5201',21,'1.4 i (EJ9)',1396,1995,2001,1),(309,'5202',21,'1.5 i (EK3)',1493,1995,2001,1),(310,'5203',21,'1.6 VTi (EK4)',1595,1995,2001,1),(311,'14901',21,'1.6 i Vtec',1590,1995,2001,1),(312,'20441',21,'1.4',1396,1995,1998,1),(313,'15525',21,'1.4 iS (EP1)',1396,2001,2005,1),(314,'15526',21,'1.6 i',1590,2001,2005,1),(315,'15934',21,'1.4 i',1396,2001,2005,1),(316,'16287',21,'2.0 Type-R',1998,2001,2005,1),(317,'16522',21,'1.7 CTDi',1686,2002,2005,1),(318,'18063',21,'2.0 i Sport',1998,2001,2005,1),(319,'26789',21,'1.7 (ES1)',1668,2000,2005,1),(320,'15527',21,'1.6 i',1590,2001,2005,1),(321,'16262',21,'1.7 i',1668,2001,2005,1),(322,'16263',21,'1.7 i VTEC',1668,2001,2005,1),(323,'16103',21,'1.7 (EU3)',1668,2001,2005,1),(324,'17802',21,'1.3 IMA',1339,2004,2005,1),(325,'18468',21,'1.4 (ES4)',1396,2000,2005,1),(326,'18469',21,'1.6',1590,2001,2005,1),(327,'20830',21,'1.8',1799,2001,2005,1),(328,'21558',21,'1.8',1850,2003,2005,1),(329,'19240',21,'1.4',1339,2005,NULL,1),(330,'19241',21,'1.8',1799,2005,NULL,1),(331,'19242',21,'2.2 CTDi',2204,2005,NULL,1),(332,'26588',21,'Type R',1998,2006,NULL,1),(333,'30357',21,'1.4',1339,2008,NULL,1),(334,'19302',21,'1.3 Hybrid',1339,2006,NULL,1),(335,'1020987',21,'1.8 exs flex',1799,2006,NULL,1),(336,'1022411',21,'1.8 (fd1, fd7)',1799,2005,2012,1),(337,'1022077',21,'1.5 vtec (fk7)',1498,2017,NULL,1),(338,'1022078',21,'1.0 vtec (fk6)',988,2017,NULL,1),(339,'1022295',21,'2.0 type-r (fk8)',1996,2017,NULL,1),(340,'4278',29,'1.5 i 16V',1493,1989,1995,1),(341,'4279',29,'1.6 i 16V',1590,1989,1995,1),(342,'4280',29,'1.6 i 16V',1590,1989,1995,1),(343,'14076',29,'1.4',1396,1989,1991,1),(344,'14147',29,'1.6 16V',1590,1989,1995,1),(345,'18833',29,'1.4',1396,1989,1992,1),(346,'14144',29,'1.4',1396,1989,1991,1),(347,'14145',29,'1.5 i 16V',1493,1989,1995,1),(348,'14146',29,'1.6 i 16V',1590,1989,1995,1),(349,'14148',29,'1.6 16V',1590,1989,1995,1),(350,'14149',29,'1.6 i 16V',1590,1989,1995,1),(351,'18834',29,'1.4',1396,1989,1992,1),(352,'55239',469,'3.5 4WD',3471,2012,NULL,1),(353,'58323',469,'3.5 4WD',3471,2012,NULL,1),(354,'58324',469,'2.4',2354,2012,NULL,1),(355,'1020776',31,'RD1',NULL,1995,2001,1),(356,'1020777',31,'RD4',NULL,2002,2006,1),(357,'1020778',31,'RE5',NULL,2007,2011,1),(358,'1020779',31,'RM',NULL,2012,2016,1),(359,'1020780',31,'RW',NULL,2017,NULL,1),(360,'8366',31,'2.0 16V 4WD (RD1, RD3)',1973,1995,2001,1),(361,'13180',31,'2.0 16V (RD1, RD3)',1973,1999,2002,1),(362,'20539',31,'2.0',1973,1999,2002,1),(363,'16573',31,'2.0',1998,2001,2006,1),(364,'18473',31,'2.2 CTDi',2204,2005,2006,1),(365,'20540',31,'2.4 Vtec 4WD (RD7)',2354,2001,2006,1),(366,'5376',31,'2.4 i-VTEC 4WD',2354,2009,NULL,1),(367,'22650',31,'2.0 i 4WD',1997,2007,NULL,1),(368,'22651',31,'2.2 i-CTDi 4WD',2204,2007,NULL,1),(369,'30149',31,'2.4 i-VTEC 4WD',2354,2006,NULL,1),(370,'34931',31,'2.2 i-DTEC 4WD',2199,2007,NULL,1),(371,'57197',31,'2.4 i-Vtec 4WD',2354,2007,NULL,1),(372,'35422',31,'1.6 i-DTEC',1597,2013,NULL,1),(373,'55240',31,'2.4 AWD',2354,2012,NULL,1),(374,'56243',31,'2.0',1997,2012,NULL,1),(375,'56244',31,'2.2 i-DTEC AWD',2199,2012,NULL,1),(376,'56765',31,'2.0 AWD',1997,2012,NULL,1),(377,'58476',31,'2.4',2354,2012,NULL,1),(378,'112038',31,'1.6 i-DTEC 4WD',1597,2015,NULL,1),(379,'4223',470,'1.5 i (AF)',1488,1983,1986,1),(380,'4224',470,'1.6 i 16V (AS)',1590,1986,1987,1),(381,'14662',470,'1.3',1342,1983,1987,1),(382,'4226',470,'1.6 i 16V (ED9)',1590,1987,1989,1),(383,'4227',470,'1.6 i 16V (ED9)',1590,1987,1992,1),(384,'4230',470,'1.6 i 16V Vtec (EE8)',1595,1989,1992,1),(385,'20415',470,'1.4 GL',1396,1990,1991,1),(386,'4232',470,'1.6 ESi (EH6)',1590,1992,1998,1),(387,'4233',470,'1.6 i VTi (EG2)',1595,1992,1998,1),(388,'33793',475,'1.5 Hybrid',1497,2010,NULL,1),(389,'58815',475,'1.5 Hybrid',1497,2012,NULL,1),(390,'1020791',471,'GD',NULL,2001,2008,1),(391,'1020792',471,'GE',NULL,2009,2014,1),(392,'21873',471,'1.3',1339,2005,NULL,1),(393,'21876',471,'1.5 FF',1497,2005,NULL,1),(394,'22751',471,'1.3 4WD',1339,2002,2004,1),(395,'9114',471,'1.3 HYBRID',1339,2011,NULL,1),(396,'12959',471,'1.4',1339,2008,NULL,1),(397,'30358',471,'1.3 i',1339,2008,NULL,1),(398,'30359',471,'1.2',1198,2008,NULL,1),(399,'33211',471,'1.5 i',1496,2008,NULL,1),(400,'1021846',471,NULL,1497,2007,2014,1),(401,'18231',36,'2.2 i CTDi',2204,2005,NULL,1),(402,'18471',36,'2.0',1998,2005,NULL,1),(403,'18472',36,'1.7',1668,2004,NULL,1),(404,'24548',36,'1.8',1799,2007,NULL,1),(405,'1020793',33,'GH',NULL,1999,2006,1),(406,'11121',33,'1.6 16V 4WD',1590,1999,NULL,1),(407,'14594',33,'1.6 16V 4WD',1590,1999,NULL,1),(408,'14595',33,'1.6 16V',1590,1999,NULL,1),(409,'116067',33,'1.6 i-DTEC',1597,2015,NULL,1),(410,'116068',33,'1.5',1498,2015,NULL,1),(411,'14410',35,'1.0 Hybrid',995,2000,2006,1),(412,'31104',35,'1.3 Hybrid',1339,2009,NULL,1),(413,'1020867',472,'UA1',NULL,1995,1998,1),(414,'17832',32,'1.5',1488,1985,1989,1),(415,'17833',32,'1.6 (DA1, DA3)',1590,1986,1989,1),(416,'16597',32,'2.0 16V Type-R',1998,2002,NULL,1),(417,'18564',32,'2.0',1998,2002,NULL,1),(418,'11059',32,'1.8 Type-R',1797,1997,2001,1),(419,'4096',27,'45 1.2',1231,1984,1986,1),(420,'4097',27,'55 1.2',1231,1984,1986,1),(421,'4098',27,'56 1.2',1231,1983,1986,1),(422,'10307',27,'1.3 iDSi',1339,2002,2007,1),(423,'16317',27,'1.3',1339,2002,2008,1),(424,'16816',27,'1.2',1243,2002,2008,1),(425,'20834',27,'1.4',1339,2005,2008,1),(426,'116390',27,'1.3',1318,2015,NULL,1),(427,'1021873',27,'1.5',1497,2011,2014,1),(428,'1021874',27,'1.5 4wd',1497,2011,2014,1),(429,'22972',27,'1.3',1339,2003,NULL,1),(430,'22973',27,'1.5',1497,2003,NULL,1),(431,'4212',23,'2.5 i (HS)',2494,1986,1987,1),(432,'4214',23,'2.7 i 24V (KA4)',2675,1988,1990,1),(433,'7489',23,'2.5 i (HS)',2494,1987,1988,1),(434,'4216',23,'2.7 i 24V',2675,1987,1990,1),(435,'4215',23,'3.2 i 24V',3206,1991,1996,1),(436,'4217',23,'3.2 i 24V',3206,1991,1996,1),(437,'5570',23,'3.5 i 24V',3474,1996,NULL,1),(438,'20463',23,'3.5',3471,2004,NULL,1),(439,'20069',23,'3.5  V6 4WD',3471,2006,NULL,1),(440,'30360',23,'3.7 VTEC V6 4WD',3664,2008,NULL,1),(441,'11415',34,'1.3',1343,1999,2002,1),(442,'4764',26,'3.0 24V Vtec Automatic',2977,1995,2005,1),(443,'4765',26,'3.0 24V  Vtec',2977,1995,2005,1),(444,'7823',26,'3.2 24V Vtec',3179,1997,2005,1),(445,'1021420',26,'3.5',3493,2016,NULL,1),(446,'4309',26,'3.0 24V Vtec Automatik (NA1)',2977,1990,2005,1),(447,'4310',26,'3.0 24V Vtec (NA1)',2977,1990,2005,1),(448,'7822',26,'3.2 24V Vtec (NA2)',3179,1997,2005,1),(449,'1020864',473,'R6',NULL,1999,2003,1),(450,'1020865',473,'RB1',NULL,2003,2008,1),(451,'1020866',473,'R1',NULL,1994,1999,1),(452,'25329',473,'2.3 4x4',2254,1997,1999,1),(453,'57880',473,'2.3',2254,1997,1999,1),(454,'23114',473,'2.4',2354,2003,NULL,1),(455,'23115',473,'2.4',2354,2005,NULL,1),(456,'14686',38,'3.5 4WD',3471,2008,NULL,1),(457,'54563',38,'3.5',3471,2008,NULL,1),(458,'106543',38,'3.5 4WD',3471,2011,NULL,1),(459,'1020789',38,'YF1',NULL,2003,2008,1),(460,'1020790',38,'YF4',NULL,2009,2015,1),(461,'1022390',38,'3.5 4wd',3471,2010,2015,1),(462,'1020863',24,'BB1',NULL,1991,1996,1),(463,'4218',24,'1.6',1602,1978,1982,1),(464,'4220',24,'1.8 EX',1829,1985,1987,1),(465,'4221',24,'1.8 EX',1829,1983,1987,1),(466,'4234',24,'2.0 EX (BA4)',1958,1987,1992,1),(467,'4236',24,'2.0 i EX 16V (BA2)',1958,1986,1987,1),(468,'4237',24,'2.0 i EX 16V (BA4) KAT',1958,1987,1992,1),(469,'4239',24,'2.0 i EX 16V (BA4)',1958,1990,1992,1),(470,'7490',24,'2.0 (BA4)',1958,1987,1992,1),(471,'10580',24,'2.0 i EX 16V',1958,1986,1987,1),(472,'10581',24,'2.0 i EX 16V',1958,1987,1990,1),(473,'4241',24,'2.0 i 16V (BB3)',1997,1992,1996,1),(474,'4242',24,'2.3 i 16V (BB2)',2259,1992,1996,1),(475,'4710',24,'2.2 i 16V Vtec (BB1)',2157,1993,1996,1),(476,'7820',24,'2.0 16V (BB9)',1997,1996,2000,1),(477,'7821',24,'2.2 16V (BB6, BB8)',2157,1996,2000,1),(478,'11510',24,'2.2 16V',2157,1996,2000,1),(479,'4099',28,'1.6 EX',1602,1980,1984,1),(480,'1020860',30,'R1',NULL,1994,1999,1),(481,'1020861',30,'R6',NULL,1999,2003,1),(482,'1020862',30,'RB1',NULL,2003,2008,1),(483,'4766',30,'2.2 16V',2156,1994,1998,1),(484,'9095',30,'2.3 16V',2254,1997,2004,1),(485,'23109',30,'2.3 16V 4x4',2254,1997,2002,1),(486,'1020785',474,'RF1',NULL,1996,2001,1),(487,'1020786',474,'RF3',NULL,2001,2005,1),(488,'1020787',474,'RG1',NULL,2005,2009,1),(489,'1020788',474,'RK1',NULL,2009,2015,1),(490,'1022535',484,'RN1',NULL,2000,2006,1),(491,'15955',484,'1.7 16V',1668,2001,NULL,1),(492,'15956',484,'2.0 16V',1998,2001,NULL,1),(493,'19202',46,'4.2 4WD',4157,2003,NULL,1),(494,'19204',46,'5.3 4WD',5328,2003,NULL,1),(495,'9194',41,'2.0 4WD (KB48)',1949,1985,1988,1),(496,'9195',41,'2.0 (KB28)',1949,1985,1988,1),(497,'9196',41,'2.5 D (KBD27)',2499,1983,1990,1),(498,'9197',41,'2.5 D 4WD (KBD47)',2499,1983,1990,1),(499,'14245',41,'2.2 D (KBD27)',2238,1986,1990,1),(500,'14246',41,'2.2 D 4WD (KBD42, KBD47)',2238,1983,1990,1),(501,'1022238',41,'2.2 d (kdb23, kdb28)',2238,1978,1982,1),(502,'1022239',41,'2.2 d 4wd',2238,1977,1982,1),(503,'19198',45,'2.5 D 4x4',2499,2002,NULL,1),(504,'19199',45,'3.0 DiTD 4x4',2999,2002,NULL,1),(505,'22498',45,'2.5 DiTD 4x4',2499,2007,NULL,1),(506,'22499',45,'3.0 D 4x4',2999,2007,NULL,1),(507,'34518',45,'3.0 D',2999,2007,NULL,1),(508,'55091',45,'2.5 CRDi 4x4',2499,2012,NULL,1),(509,'55099',45,'2.5 CRDi',2499,2012,NULL,1),(510,'1022025',45,NULL,1898,2017,NULL,1),(511,'1022026',45,NULL,1898,2017,NULL,1),(512,'113463',45,'2.5 Ddi',2499,2012,NULL,1),(513,'113464',45,'2.5 Ddi 4WD',2499,2012,NULL,1),(514,'115533',47,'3.1 TD',3059,1998,2001,1),(515,'1022446',47,'3.0 di',2999,2003,NULL,1),(516,'18647',40,'1.5',1471,1990,1993,1),(517,'18648',40,'1.6',1588,1990,1993,1),(518,'18649',40,'1.6',1588,1990,1993,1),(519,'18650',40,'1.8',1809,1990,1993,1),(520,'18651',40,'1.7 TD',1686,1990,1993,1),(521,'4464',40,'1.5 D',1488,1988,1990,1),(522,'4468',40,'1.5 TD',1488,1988,1990,1),(523,'4469',40,'1.6 GTI 16V',1588,1988,1990,1),(524,'9192',40,'1.5',1481,1988,1990,1),(525,'18652',40,'1.7 TD',1686,1990,1993,1),(526,'18653',40,'1.5 i',1471,1990,1993,1),(527,'18654',40,'1.6 i',1588,1990,1993,1),(528,'18655',40,'1.6 i Turbo',1588,1990,1993,1),(529,'18656',40,'1.8',1809,1990,1993,1),(530,'4461',40,'1.5 D',1488,1988,1989,1),(531,'4463',40,'1.5 TD',1488,1988,1989,1),(532,'9193',40,'1.5',1481,1988,1989,1),(533,'1017747',50,'N35.150',2999,2008,NULL,1),(534,'1017748',50,'N35.150',2999,2008,NULL,1),(535,'18657',44,'1.6',1588,1990,1993,1),(536,'18658',44,'1.6',1588,1990,1993,1),(537,'4494',43,'2.0 (98000)',1995,1989,NULL,1),(538,'4495',43,'2.0 4WD (94000)',1995,1989,NULL,1),(539,'4497',43,'2.0 TD (98000)',1995,1989,NULL,1),(540,'4498',43,'2.2 D (98000)',2189,1989,NULL,1),(541,'4500',43,'2.2 D 4WD (94000)',2189,1989,NULL,1),(542,'4501',43,'2.4 TD (98000)',2380,1994,NULL,1),(543,'27116',43,'2.4 TD 4x4',2389,1994,1996,1),(544,'4487',43,'2.0 (98000)',1995,1989,NULL,1),(545,'4488',43,'2.0 4WD (94000)',1995,1989,NULL,1),(546,'4489',43,'2.0 TD (98000)',1995,1989,NULL,1),(547,'4490',43,'2.2 D (98000)',2189,1989,NULL,1),(548,'4491',43,'2.2 D 4WD (94000)',2189,1989,NULL,1),(549,'4492',43,'2.4 D (98000)',2380,1994,NULL,1),(550,'27269',43,'2.4 TD 4x4',2389,1994,1996,1),(551,'7836',43,'2.0',1995,1988,NULL,1),(552,'8819',43,'2.2 D',2189,1989,NULL,1),(553,'10786',43,'2.0 4WD',1995,1988,NULL,1),(554,'10787',43,'2.4 TD',2380,1994,NULL,1),(555,'10788',43,'2.2 D 4WD',2189,1988,NULL,1),(556,'7420',42,'2.0 Turbo',1995,1985,1990,1),(557,'113309',48,'3.0 TDi 4WD (TFS)',2999,1999,2002,1),(558,'113312',48,'3.5 4WD (TFS)',3494,1995,2002,1),(559,'14859',39,'3.0 DTI',2999,1998,NULL,1),(560,'14860',39,'3.5 V6 24V',3498,2000,NULL,1),(561,'17446',39,'3.2',3165,1991,1998,1),(562,'23725',39,'2.6 4x4',2559,1991,1996,1),(563,'4472',39,'2.8 TD (UBS55)',2771,1987,1991,1),(564,'4473',39,'2.8 TD (UBS55)',2772,1988,1991,1),(565,'17437',39,'2.2 D 4x4',2238,1984,1989,1),(566,'20356',39,'2.6 CLS Plane 4x4',2559,1986,1991,1),(567,'17454',39,'3.5 V6 24V',3494,2000,NULL,1),(568,'17455',39,'3.0 DTI',2999,2000,NULL,1),(569,'17447',39,'3.2',3165,1991,1998,1),(570,'23726',39,'2.6 4x4',2559,1991,1996,1),(571,'4474',39,'2.3 (UBS16)',2254,1985,1991,1),(572,'4475',39,'2.6 i (UBS17)',2559,1987,1991,1),(573,'4476',39,'2.2 TD (UBS52)',2238,1984,1991,1),(574,'17071',39,'2.2 D (UBS52)',2238,1983,NULL,1),(575,'17457',39,'2.2 D 4x4',2238,1984,1989,1),(576,'20357',39,'2.6 CLS Plane 4x4',2559,1986,1991,1),(577,'56831',49,'2.0',1994,1982,1988,1),(578,'56832',49,'2.0',1994,1982,1988,1),(579,'3476',52,'1.1',1139,1987,1990,1),(580,'3477',52,'1.3',1324,1987,1990,1),(581,'3478',52,'1.3',1324,1989,1990,1),(582,'3713',52,'1.3 16V',1324,1990,1996,1),(583,'3714',52,'1.3 i 16V',1324,1990,1996,1),(584,'5367',52,'1.3',1299,1996,2003,1),(585,'5368',52,'1.3',1299,1996,2003,1),(586,'5369',52,'1.25',1242,1996,2003,1),(587,'5370',52,'1.8 D',1753,1996,2003,1),(588,'23396',66,'1.3',1349,2007,2015,1),(589,'23397',66,'1.5',1498,2007,2015,1),(590,'23398',66,'1.3',1349,2007,2015,1),(591,'26583',66,'1.4 MZR-CD',1399,2008,2015,1),(592,'54910',66,'1.6 MZ-CD',1560,2011,2015,1),(593,'54912',66,'1.5 MZR',1498,2011,2015,1),(594,'54913',66,'1.3 MZR',1349,2010,2015,1),(595,'108280',66,'1.5 D',1499,2014,NULL,1),(596,'108282',66,'1.5',1496,2014,NULL,1),(597,'109546',66,'1.5',1496,2014,NULL,1),(598,'109547',66,'1.5',1496,2014,NULL,1),(599,'17104',66,'1.4',1388,2003,NULL,1),(600,'17105',66,'1.6',1596,2003,NULL,1),(601,'17317',66,'1.25',1242,2003,NULL,1),(602,'17318',66,'1.4 CD',1399,2003,NULL,1),(603,'1020795',68,'BK',NULL,2003,2009,1),(604,'1020796',68,'BL',NULL,2009,2013,1),(605,'1020797',68,'BM,BN',NULL,2013,2019,1),(606,'17668',68,'1.4',1388,2004,2009,1),(607,'17669',68,'1.6',1598,2003,2009,1),(608,'17670',68,'2.0',1999,2003,2009,1),(609,'17876',68,'1.6 DI Turbo',1560,2004,2009,1),(610,'18099',68,'1.4',1349,2003,2009,1),(611,'23264',68,'2.3 MPS Turbo',2261,2006,2009,1),(612,'26586',68,'2.0 MZR-CD',1998,2006,2009,1),(613,'107549',68,'1.6 MZ-CD',1560,2006,2009,1),(614,'6612',68,'1.6 MZR CD',1560,2010,NULL,1),(615,'31074',68,'1.6 MZR',1598,2009,NULL,1),(616,'31075',68,'2.0 MZR DISI',1999,2009,NULL,1),(617,'31076',68,'2.0 MZR',1999,2009,NULL,1),(618,'31077',68,'1.6 MZR CD',1560,2008,NULL,1),(619,'31078',68,'2.2 MZR CD',2184,2009,NULL,1),(620,'31079',68,'2.2 MZR CD',2184,2009,NULL,1),(621,'33441',68,'2.5',2488,2009,NULL,1),(622,'111468',68,'1.6 MZR',1598,2010,2013,1),(623,'21137',68,'1.5',1496,2013,NULL,1),(624,'21146',68,'2.0',1998,2013,NULL,1),(625,'21148',68,'2.2 D',2191,2013,NULL,1),(626,'21150',68,'2.0',1998,2013,NULL,1),(627,'111911',68,'1.6',1598,2013,NULL,1),(628,'111913',68,'1.5',1496,2013,NULL,1),(629,'111915',68,'2.0',1998,2013,NULL,1),(630,'118542',68,'1.5 D',1498,2016,NULL,1),(631,'1022360',68,'2.2 d',2191,2014,NULL,1),(632,'17671',68,'1.6',1598,2004,2009,1),(633,'17672',68,'2.0',1999,2004,2009,1),(634,'17875',68,'1.6 DI Turbo',1560,2004,2009,1),(635,'26587',68,'2.0 MZR-CD',1998,2006,2009,1),(636,'6538',68,'1.6 MZR CD',1560,2010,NULL,1),(637,'31080',68,'1.6 MZR',1598,2009,NULL,1),(638,'31081',68,'2.0 MZR',1999,2009,NULL,1),(639,'31082',68,'2.0 MZR DISI',1999,2009,NULL,1),(640,'33443',68,'2.2 MZR CD',2184,2009,NULL,1),(641,'33444',68,'2.2 MZR CD',2184,2009,NULL,1),(642,'58605',68,'1.6 MZR CD',1560,2008,NULL,1),(643,'21156',68,'2.0',1998,2013,NULL,1),(644,'21157',68,'2.2 D',2191,2013,NULL,1),(645,'108289',68,'2.0',1998,2014,NULL,1),(646,'108445',68,'1.5',1496,2014,NULL,1),(647,'111906',68,'1.6',1598,2013,NULL,1),(648,'111907',68,'1.5',1496,2013,NULL,1),(649,'111909',68,'2.0',1998,2013,NULL,1),(650,'118543',68,'1.5 D',1498,2016,NULL,1),(651,'1020801',55,'BG',NULL,1989,1994,1),(652,'1020802',55,'BH',NULL,1994,1998,1),(653,'1020804',55,'BJ',NULL,1998,2003,1),(654,'3701',55,'1.3',1324,1989,1994,1),(655,'3703',55,'1.6',1598,1989,1991,1),(656,'3704',55,'1.6 16V',1598,1991,1994,1),(657,'3705',55,'1.8 16V GT',1840,1989,1993,1),(658,'4822',55,'1.8 16V Turbo 4WD',1840,1993,1994,1),(659,'7701',55,'1.8 16V 4WD',1840,1991,1993,1),(660,'7702',55,'1.8 16V Turbo 4WD',1840,1990,1992,1),(661,'8796',55,'1.3 16V',1324,1989,1994,1),(662,'18838',55,'1.8 16V',1840,1989,1993,1),(663,'4060',55,'1.3 16V',1324,1994,1998,1),(664,'4062',55,'1.5 16V',1489,1994,1998,1),(665,'4068',55,'1.8 16V',1840,1994,1998,1),(666,'3706',55,'1.6',1598,1989,1991,1),(667,'3707',55,'1.6 16V',1598,1991,1994,1),(668,'3708',55,'1.8 16V',1840,1989,1994,1),(669,'3709',55,'1.8 16V GT',1840,1989,1994,1),(670,'7712',55,'1.8 4WD',1840,1991,1994,1),(671,'18861',55,'1.8 16V',1840,1989,1993,1),(672,'4063',55,'2.0 24V',1995,1994,1998,1),(673,'4064',55,'1.5 16V',1489,1994,1998,1),(674,'4069',55,'1.8 16V',1840,1994,1998,1),(675,'9907',55,'1.4 16V',1324,1998,2001,1),(676,'9908',55,'1.5 16V',1498,1998,2001,1),(677,'9909',55,'1.9 16V',1840,1998,2001,1),(678,'9912',55,'2.0 D',1998,1998,2004,1),(679,'9913',55,'2.0 TD',1998,1998,2001,1),(680,'15789',55,'1.4',1324,2001,2004,1),(681,'15790',55,'1.6',1598,2001,2004,1),(682,'15791',55,'1.6',1598,2001,2004,1),(683,'15792',55,'2.0',1991,2001,2004,1),(684,'15793',55,'2.0 TD',1998,2001,2004,1),(685,'3479',55,'1.0',985,1977,1980,1),(686,'3480',55,'1.3',1272,1977,1980,1),(687,'3481',55,'1.4',1415,1978,1980,1),(688,'3482',55,'1.4',1415,1978,1982,1),(689,'3483',55,'1.5',1490,1982,1986,1),(690,'10796',55,'1.3',1272,1978,1986,1),(691,'3508',55,'1.3',1296,1981,1985,1),(692,'3557',55,'1.5',1490,1982,1986,1),(693,'14071',55,'1.5',1490,1981,1985,1),(694,'14072',55,'1.1',1071,1980,1985,1),(695,'20232',55,'1.6 GLX',1597,1986,1987,1),(696,'3485',55,'1.1',1071,1980,1985,1),(697,'3507',55,'1.3',1296,1980,1985,1),(698,'3511',55,'1.5',1490,1981,1985,1),(699,'3558',55,'1.5',1490,1980,1983,1),(700,'3559',55,'1.5',1490,1982,1985,1),(701,'3563',55,'1.3',1296,1985,1989,1),(702,'3565',55,'1.5',1490,1985,1989,1),(703,'3640',55,'1.5',1498,1987,1989,1),(704,'3642',55,'1.6 GT',1597,1986,1989,1),(705,'3646',55,'1.7 D',1720,1986,1989,1),(706,'6048',55,'1.6 GT',1598,1986,1988,1),(707,'14673',55,'1.5 i',1490,1985,1989,1),(708,'14674',55,'1.5 i Turbo',1490,1985,1989,1),(709,'14675',55,'1.6 GT Turbo',1598,1985,1991,1),(710,'17620',55,'1.1',1071,1985,1990,1),(711,'17857',55,'1.7 D',1720,1987,1989,1),(712,'17858',55,'1.4',1324,1987,1989,1),(713,'20235',55,'1.6 GLX',1597,1986,1987,1),(714,'28301',55,'1.3',1324,1987,1989,1),(715,'3561',55,'1.1',1071,1985,1989,1),(716,'3562',55,'1.3',1296,1985,1987,1),(717,'3564',55,'1.5',1490,1985,1989,1),(718,'3641',55,'1.5',1498,1987,1989,1),(719,'3643',55,'1.6 GT',1597,1987,1989,1),(720,'3644',55,'1.6 GT',1598,1985,1993,1),(721,'3645',55,'1.7 D',1720,1986,1989,1),(722,'3647',55,'1.7 D',1720,1987,1989,1),(723,'6031',55,'1.6 GT Turbo 4WD (BF2)',1598,1987,1991,1),(724,'9212',55,'1.6 GT Turbo 4WD (BF2)',1597,1987,1989,1),(725,'9213',55,'1.6 GT Turbo (BF1)',1598,1985,1993,1),(726,'10999',55,'1.4',1324,1987,1989,1),(727,'14119',55,'1.6',1597,1987,1989,1),(728,'14671',55,'1.5 i',1490,1985,1989,1),(729,'14672',55,'1.5 i Turbo',1490,1985,1989,1),(730,'3648',55,'1.5',1490,1986,1989,1),(731,'3649',55,'1.5',1498,1987,1989,1),(732,'3650',55,'1.6',1598,1986,1995,1),(733,'3651',55,'1.7 D',1720,1986,1987,1),(734,'3652',55,'1.7 D',1720,1986,1989,1),(735,'3653',55,'1.7 D',1720,1989,1993,1),(736,'3654',55,'1.6 4x4',1598,1990,1993,1),(737,'14120',55,'1.6',1597,1987,1989,1),(738,'17644',55,'1.3',1296,1986,1990,1),(739,'23547',55,'1.6',1597,1989,1995,1),(740,'27686',55,'1.3',1324,1986,1987,1),(741,'27687',55,'1.3',1324,1986,1987,1),(742,'8035',55,'1.3 16V',1324,1996,1998,1),(743,'8036',55,'1.5 16V',1489,1996,1998,1),(744,'8037',55,'2.0 D',1998,1996,1998,1),(745,'3696',55,'1.3',1324,1989,1991,1),(746,'3697',55,'1.3 16V',1324,1991,1994,1),(747,'3698',55,'1.6',1598,1989,1991,1),(748,'3699',55,'1.6 16V',1598,1989,1994,1),(749,'3700',55,'1.8 16V',1840,1989,1994,1),(750,'7711',55,'1.8 16V Turbo 4WD',1840,1991,1994,1),(751,'10561',55,'1.8 16V GT',1840,1989,1994,1),(752,'27166',55,'1.6',1597,1989,1991,1),(753,'4059',55,'1.3 16V',1324,1994,1998,1),(754,'4061',55,'1.5 16V',1489,1994,1998,1),(755,'4067',55,'1.8 16V',1840,1994,1998,1),(756,'4789',55,'1.6 TD',1686,1994,1998,1),(757,'7831',55,'2.0 D',1998,1996,1998,1),(758,'9905',55,'1.4 16V',1324,1998,2001,1),(759,'9906',55,'1.5 16V',1498,1998,2001,1),(760,'9910',55,'2.0 D',1998,1998,2004,1),(761,'9911',55,'2.0 TD',1998,1998,2004,1),(762,'10162',55,'1.9 16V',1840,1998,2004,1),(763,'15794',55,'1.4',1324,2001,2004,1),(764,'15795',55,'1.6',1598,2001,2004,1),(765,'15796',55,'1.6',1598,2001,2004,1),(766,'18723',55,'2.0',1991,2001,2004,1),(767,'20654',55,'2.0 DiTD',1998,2000,2002,1),(768,'21504',55,'1.8 Protege',1840,1998,2004,1),(769,'1022555',55,'BH',NULL,1994,1998,1),(770,'18541',69,'1.8',1798,2005,NULL,1),(771,'18543',69,'2.0',1999,2005,NULL,1),(772,'18545',69,'2.0 CD',1998,2005,NULL,1),(773,'18830',69,'2.0 CD',1998,2005,NULL,1),(774,'5607',69,'1.6 CD',1560,2010,NULL,1),(775,'5640',69,'2.0',1999,2010,NULL,1),(776,'12477',69,'2.0',1999,2011,NULL,1),(777,'58902',69,'1.8 MZR',1798,2010,NULL,1),(778,'1020798',64,'GG1',NULL,2002,2008,1),(779,'1020799',64,'GH1',NULL,2007,2012,1),(780,'1020800',64,'GJ1/GL',NULL,2012,NULL,1),(781,'16684',64,'1.8',1798,2002,2007,1),(782,'16685',64,'2.0',1999,2002,2007,1),(783,'16686',64,'2.3',2261,2002,2007,1),(784,'16687',64,'2.0 DI',1998,2002,2007,1),(785,'16865',64,'2.0 DI',1998,2002,2007,1),(786,'18828',64,'2.0 DI',1998,2005,2007,1),(787,'19108',64,'2.0',1999,2005,2007,1),(788,'19244',64,'2.3 MPS Turbo',2261,2005,2007,1),(789,'25457',64,'1.8 MZR',1798,2007,NULL,1),(790,'25458',64,'2.0 MZR',1999,2007,NULL,1),(791,'25459',64,'2.5 MZR',2488,2007,NULL,1),(792,'25460',64,'2.0 MZR-CD',1998,2007,NULL,1),(793,'30888',64,'2.2 MZR-CD',2184,2009,2012,1),(794,'30889',64,'2.2 MZR-CD',2184,2009,NULL,1),(795,'30890',64,'2.2 MZR-CD',2184,2009,NULL,1),(796,'34860',64,'2.0 MZR',1999,2010,NULL,1),(797,'34861',64,'2.2 D',2183,2010,NULL,1),(798,'34862',64,'2.2 D',2183,2010,NULL,1),(799,'16680',64,'1.8',1798,2002,2007,1),(800,'16681',64,'2.0',1999,2002,2007,1),(801,'16682',64,'2.3',2261,2002,2007,1),(802,'16683',64,'2.0 DI',1998,2002,2007,1),(803,'16844',64,'2.0 DI',1998,2002,2007,1),(804,'18827',64,'2.0 DI',1998,2005,2007,1),(805,'19107',64,'2.0',1999,2005,2007,1),(806,'16688',64,'1.8',1798,2002,2007,1),(807,'16689',64,'2.0',1999,2002,2007,1),(808,'16690',64,'2.3',2261,2002,2007,1),(809,'16691',64,'2.0 DI',1998,2002,2007,1),(810,'16864',64,'2.0 DI',1998,2002,2007,1),(811,'17160',64,'2.3 AWD',2261,2002,2007,1),(812,'18829',64,'2.0 DI',1998,2005,2007,1),(813,'19109',64,'2.0',1999,2005,2007,1),(814,'3909',64,'2.2 MZR-CD',2183,2010,NULL,1),(815,'3910',64,'2.2 D',2183,2010,NULL,1),(816,'3926',64,'2.0 MZR',1999,2010,NULL,1),(817,'25461',64,'1.8 MZR',1798,2007,NULL,1),(818,'25462',64,'2.0 MZR',1999,2007,NULL,1),(819,'25463',64,'2.5 MZR',2488,2007,NULL,1),(820,'25464',64,'2.0 MZR-CD',1998,2007,NULL,1),(821,'30891',64,'2.2 MZR-CD',2184,2009,NULL,1),(822,'30892',64,'2.2 MZR-CD',2184,2009,NULL,1),(823,'30893',64,'2.2 MZR-CD',2184,2009,NULL,1),(824,'57591',64,'2.0',1998,2012,NULL,1),(825,'57598',64,'2.2 D',2191,2012,NULL,1),(826,'58504',64,'2.0',1998,2013,NULL,1),(827,'58507',64,'2.0',1998,2013,NULL,1),(828,'58508',64,'2.5',2488,2013,NULL,1),(829,'58509',64,'2.2 D',2191,2013,NULL,1),(830,'1021727',64,NULL,1998,2012,NULL,1),(831,'3930',64,'2.0 MZR',1999,2010,NULL,1),(832,'3940',64,'2.2 D',2183,2010,NULL,1),(833,'5530',64,'2.2 MRZ-CD',2183,2010,NULL,1),(834,'28150',64,'1.8 MZR',1798,2008,NULL,1),(835,'28151',64,'2.0 MZR',1999,2008,NULL,1),(836,'28152',64,'2.0 MZR-CD',1998,2008,NULL,1),(837,'28153',64,'2.5 MZR',2488,2008,NULL,1),(838,'30894',64,'2.2 MZR-CD',2184,2009,NULL,1),(839,'30895',64,'2.2 MZR-CD',2184,2009,NULL,1),(840,'30896',64,'2.2 MZR-CD',2184,2009,NULL,1),(841,'58538',64,'2.0',1998,2013,NULL,1),(842,'58542',64,'2.0',1998,2013,NULL,1),(843,'59412',64,'2.2 D',2191,2012,NULL,1),(844,'59414',64,'2.5',2488,2012,NULL,1),(845,'111366',64,'2.2 D AWD',2191,2015,NULL,1),(846,'111890',64,'2.2 D AWD',2191,2015,NULL,1),(847,'10799',476,'1.6',1586,1973,1978,1),(848,'1020805',59,'GD,GV',NULL,1989,1992,1),(849,'1020806',59,'GE',NULL,1991,1997,1),(850,'1020807',59,'GF,GW',NULL,1997,2005,1),(851,'3655',59,'1.6',1586,1979,1982,1),(852,'3656',59,'2.0',1970,1979,1982,1),(853,'1021850',59,'2.0',1970,1978,1982,1),(854,'3657',59,'1.6',1587,1982,1987,1),(855,'3659',59,'2.0',1998,1983,1987,1),(856,'3661',59,'2.0',1998,1986,1987,1),(857,'3663',59,'2.0 D',1998,1983,1987,1),(858,'17859',59,'2.0',1998,1986,1987,1),(859,'3658',59,'1.6',1587,1983,1987,1),(860,'3660',59,'2.0',1998,1983,1987,1),(861,'3662',59,'2.0',1998,1986,1987,1),(862,'3664',59,'2.0 D',1998,1984,1987,1),(863,'8021',59,'2.0',1998,1985,1987,1),(864,'8564',59,'1.6',1587,1983,1987,1),(865,'1021564',59,'2.0',1998,1982,1987,1),(866,'1021565',59,'1.6',1587,1982,1987,1),(867,'3665',59,'2.0',1998,1987,1990,1),(868,'3666',59,'2.2 12V',2184,1987,1991,1),(869,'3667',59,'2.0 D',1998,1987,1991,1),(870,'6034',59,'1.8',1789,1987,1992,1),(871,'6035',59,'2.0 12V',1998,1987,1992,1),(872,'6036',59,'2.0 16V',1998,1987,1992,1),(873,'9216',59,'2.0 16V',1998,1987,1989,1),(874,'17654',59,'1.6',1587,1987,1992,1),(875,'30429',59,'2.2 12V 4WD',2184,1990,1992,1),(876,'3668',59,'2.0',1998,1987,1990,1),(877,'3669',59,'2.0 16V',1998,1987,1990,1),(878,'3670',59,'2.2 12V',2184,1988,1992,1),(879,'3671',59,'2.0 D',1998,1987,1991,1),(880,'6037',59,'1.8',1789,1987,1992,1),(881,'6038',59,'2.0 12V',1998,1987,1992,1),(882,'9215',59,'2.0 16V',1998,1987,1989,1),(883,'17652',59,'1.6',1587,1987,1992,1),(884,'3675',59,'2.0',1998,1988,1997,1),(885,'3676',59,'2.2 12V',2184,1989,1996,1),(886,'4824',59,'2.0 D Comprex',1998,1993,1996,1),(887,'6113',59,'1.8',1789,1988,1992,1),(888,'6114',59,'2.0 16V',1998,1988,1992,1),(889,'6115',59,'2.0 12V',1998,1987,1990,1),(890,'7416',59,'2.2 12V 4WD',2184,1991,1992,1),(891,'10919',59,'2.0 D',1998,1988,1991,1),(892,'12000',59,'2.0 i 16V',1998,1994,1997,1),(893,'12002',59,'2.0 D',1998,1994,1997,1),(894,'20314',59,'2.0 GLX',1991,1992,1995,1),(895,'1021851',59,'2.0 12v',1998,1987,1992,1),(896,'1022444',59,'1.8',1789,1989,1992,1),(897,'3672',59,'2.0',1998,1987,1990,1),(898,'3673',59,'2.0 16V',1998,1987,1990,1),(899,'3674',59,'2.2 12V',2184,1988,1991,1),(900,'6039',59,'2.0 12V',1998,1987,1988,1),(901,'6112',59,'1.8',1789,1987,1991,1),(902,'9217',59,'2.0 16V',1998,1987,1989,1),(903,'17655',59,'1.6',1597,1987,1992,1),(904,'3719',59,'1.8 i',1840,1992,1997,1),(905,'3720',59,'2.0 i',1991,1992,1997,1),(906,'4070',59,'1.8 i',1840,1994,1997,1),(907,'5041',59,'2.0 D GLX Comprex',1998,1992,1997,1),(908,'7415',59,'2.0 i 4WD',1991,1992,1997,1),(909,'3721',59,'1.8',1840,1991,1997,1),(910,'3722',59,'2.0 i',1991,1991,1997,1),(911,'3723',59,'2.5 24V',2497,1992,1997,1),(912,'4071',59,'1.8',1840,1994,1997,1),(913,'4072',59,'2.5 24V',2497,1994,1997,1),(914,'4823',59,'2.0 D GLX Comprex',1998,1993,1997,1),(915,'7417',59,'2.0 i 4WD',1991,1992,1997,1),(916,'8370',59,'1.8',1840,1997,1999,1),(917,'8371',59,'2.0',1991,1997,2002,1),(918,'10262',59,'2.0 Turbo DI',1998,1998,2002,1),(919,'10264',59,'2.0',1991,1998,2002,1),(920,'14489',59,'1.8',1840,1999,2002,1),(921,'17315',59,'2.0 TD',1998,2000,2002,1),(922,'19180',59,'2.0 DI TD',1998,1998,2002,1),(923,'8372',59,'1.8',1840,1997,1999,1),(924,'8373',59,'2.0',1991,1997,2002,1),(925,'8977',59,'2.0 H.P.',1991,1998,2002,1),(926,'10261',59,'2.0 Turbo DI',1998,1998,2002,1),(927,'14488',59,'1.8',1840,1999,2002,1),(928,'17314',59,'2.0 TD',1998,2000,2002,1),(929,'18831',59,'2.0 DITD',1998,1998,2002,1),(930,'8974',59,'1.8',1840,1998,2000,1),(931,'8975',59,'2.0',1991,1998,2002,1),(932,'8976',59,'2.0 H.P.',1991,1998,2002,1),(933,'10263',59,'2.0 Turbo DI',1998,1998,2002,1),(934,'14490',59,'1.8',1840,2000,2002,1),(935,'17316',59,'2.0 TD',1998,2000,2002,1),(936,'18722',59,'2.0 DITD',1998,1999,2002,1),(937,'10800',479,'1.3',1272,1974,1978,1),(938,'10801',479,'1.6',1586,1977,1978,1),(939,'3677',53,'2.0',1970,1979,1986,1),(940,'3679',53,'2.0',1970,1982,1984,1),(941,'3680',53,'2.0',1998,1984,1987,1),(942,'5038',53,'2.0 i GLX',1998,1984,1987,1),(943,'3681',53,'2.0',1970,1982,1984,1),(944,'3682',53,'2.0',1998,1984,1987,1),(945,'3684',53,'2.0 i Turbo',1998,1984,1987,1),(946,'3685',53,'2.0',1970,1983,1987,1),(947,'3686',53,'2.2 12V',2184,1988,1989,1),(948,'3687',53,'2.2 i',2184,1987,1988,1),(949,'3688',53,'3.0',2954,1988,1989,1),(950,'6041',53,'2.0',1998,1987,1988,1),(951,'6043',53,'3.0',2954,1987,1991,1),(952,'12003',53,'2.2 12V',2184,1989,1991,1),(953,'12004',53,'3.0 i',2954,1990,1991,1),(954,'109329',75,'0.7 Привод на все колеса',658,1998,NULL,1),(955,'1022562',480,'_',NULL,1983,1999,1),(956,'22559',481,'2.5 MRZ-CD 4x4',2499,2006,NULL,1),(957,'1021563',481,NULL,2499,2006,2013,1),(958,'1022490',78,'GF,GW',NULL,1997,2005,1),(959,'1022563',79,'GE',NULL,1991,1997,1),(960,'111845',76,'1.5 D',1499,2015,NULL,1),(961,'111846',76,'1.5 D AWD',1499,2015,NULL,1),(962,'113728',76,'2.0',1998,2015,NULL,1),(963,'113730',76,'2.0 AWD',1998,2015,NULL,1),(964,'1022557',73,'KE',NULL,2012,2017,1),(965,'1022558',73,'KF',NULL,2017,NULL,1),(966,'50618',73,'2.0',1998,2011,NULL,1),(967,'50725',73,'2.0 AWD',1998,2011,NULL,1),(968,'50757',73,'2.2 D',2191,2012,NULL,1),(969,'50841',73,'2.2 D AWD',2191,2012,NULL,1),(970,'50842',73,'2.2 D AWD',2191,2012,NULL,1),(971,'57192',73,'2.0',1998,2012,NULL,1),(972,'57193',73,'2.0 AWD',1998,2012,NULL,1),(973,'111891',73,'2.5 AWD',2488,2015,NULL,1),(974,'1022126',73,'2.0',1998,2012,NULL,1),(975,'1022127',73,'2.0 awd',1998,2012,NULL,1),(976,'1022185',73,'2.0',1998,2017,NULL,1),(977,'1022186',73,'2.0 awd',1998,2017,NULL,1),(978,'1022187',73,'2.5 awd',2488,2017,NULL,1),(979,'1022188',73,'2.2 d',2191,2017,NULL,1),(980,'1022189',73,'2.2 d awd',2191,2017,NULL,1),(981,'1022190',73,'2.2 d awd',2191,2017,NULL,1),(982,'1022559',71,'ER',NULL,2006,2012,1),(983,'2403',71,'2.5 MZR',2488,2009,NULL,1),(984,'9389',71,'2.2 MZR-CD AWD',2184,2012,NULL,1),(985,'23395',71,'2.3 MZR DISI Turbo',2261,2007,NULL,1),(986,'32110',71,'2.3 MZR DISI Turbo',2261,2009,NULL,1),(987,'32111',71,'2.2 MZR-CD',2184,2009,NULL,1),(988,'1022560',72,'TB',NULL,2007,2016,1),(989,'1022561',72,'TC',NULL,2017,NULL,1),(990,'33084',72,'3.5',3496,2007,NULL,1),(991,'33085',72,'3.7 AWD',3726,2007,NULL,1),(992,'33086',72,'3.7',3726,2007,NULL,1),(993,'33087',72,'3.5 AWD',3496,2007,NULL,1),(994,'111469',72,'3.7 AWD',3726,2012,NULL,1),(995,'1020808',61,'DW',NULL,1996,2002,1),(996,'1020809',61,'DY',NULL,2002,2007,1),(997,'9999',61,'1.3 16V',1324,1998,2003,1),(998,'11373',61,'1.3 i 16V',1324,1998,2000,1),(999,'14790',61,'1.5 16V',1498,2000,2003,1),(1000,'1020803',77,'BH',NULL,1994,1998,1),(1001,'1020810',60,'LV5W',NULL,1990,1999,1),(1002,'1020811',60,'LW3W',NULL,1999,2006,1),(1003,'1020812',60,'LW3W',NULL,2006,2016,1),(1004,'5968',60,'3.0 i V6 (LV10)',2954,1995,1999,1),(1005,'5969',60,'3.0 i V6',2954,1989,1999,1),(1006,'5971',60,'2.5 TD',2500,1996,1999,1),(1007,'1022461',60,'3.0',2954,1988,1991,1),(1008,'1022462',60,'3.0 4wd',2954,1988,1991,1),(1009,'13651',60,'2.0',1991,1999,2000,1),(1010,'14520',60,'2.5 V6',2495,1999,2002,1),(1011,'15801',60,'2.0',1991,2000,2002,1),(1012,'16857',60,'2.0 DI',1998,2002,2006,1),(1013,'16863',60,'2.3',2261,2002,2006,1),(1014,'17912',60,'3.0 i V6',2967,2002,2006,1),(1015,'3715',56,'1.6 i',1598,1991,1997,1),(1016,'3716',56,'1.8 i V6',1845,1992,1994,1),(1017,'4057',56,'1.6 i',1598,1994,1997,1),(1018,'4058',56,'1.8 i V6',1845,1994,1997,1),(1019,'3712',57,'1.6',1598,1990,1994,1),(1020,'4056',57,'1.8',1840,1994,1998,1),(1021,'4788',57,'1.6',1598,1995,1998,1),(1022,'21356',57,'1.8',1839,1993,1997,1),(1023,'9429',57,'1.6 16V',1598,1998,2005,1),(1024,'9430',57,'1.8 16V',1840,1998,2005,1),(1025,'15797',57,'1.8 16V',1840,2000,2005,1),(1026,'15798',57,'1.8 16V',1840,2000,2005,1),(1027,'21499',57,'1.8',1839,1998,2002,1),(1028,'21500',57,'1.8',1839,2002,2005,1),(1029,'18887',57,'2.0',1999,2008,NULL,1),(1030,'18888',57,'1.8',1798,2005,NULL,1),(1031,'112667',57,'1.5',1496,2015,NULL,1),(1032,'115265',57,'2.0',1998,2015,NULL,1),(1033,'3717',58,'2.0',1991,1992,1997,1),(1034,'3718',58,'2.5 24V',2497,1992,1997,1),(1035,'4075',58,'2.5 i 24V',2497,1994,1997,1),(1036,'1022587',62,'CP8W',NULL,1999,2004,1),(1037,'12643',62,'1.9',1840,1999,2005,1),(1038,'12644',62,'1.9',1840,1999,2005,1),(1039,'14493',62,'2.0 TD',1998,1999,2000,1),(1040,'15800',62,'2.0 TD',1998,2000,2005,1),(1041,'16507',62,'2.0',1991,2001,2005,1),(1042,'20713',62,'2.0',1999,2005,NULL,1),(1043,'16822',65,'1.1 Wankel',1146,1975,1981,1),(1044,'3694',54,'Wankel',1146,1979,1981,1),(1045,'3695',54,'Wankel',1146,1981,1984,1),(1046,'5039',54,'Wankel',1146,1984,1986,1),(1047,'3710',54,'Wankel',1308,1985,1989,1),(1048,'3711',54,'Turbo',1308,1989,1991,1),(1049,'6032',54,'Turbo',1308,1987,1989,1),(1050,'30402',54,'Turbo',1308,1989,1991,1),(1051,'6033',54,'Wankel Twin Turbo',1308,1992,2002,1),(1052,'17404',67,'2.6 Wankel',1308,2003,2012,1),(1053,'17405',67,'2.6 Wankel',1308,2003,2012,1),(1054,'23351',70,'2.2 TD',2184,1986,1995,1),(1055,'1022556',63,'_',NULL,2000,2007,1),(1056,'14709',63,'3.0 V6 24V 4WD',2967,2000,2008,1),(1057,'14782',63,'2.0 4WD',1989,2000,2008,1),(1058,'16508',63,'2.0',1989,2000,2008,1),(1059,'18097',63,'2.3 AWD',2261,2004,2008,1),(1060,'18098',63,'3.0 V6 AWD',2967,2004,2008,1),(1061,'55661',74,'1.5',1498,2004,NULL,1),(1062,'3724',51,'2.0 V6',1995,1992,1994,1),(1063,'4065',51,'1.6 16V',1598,1994,1999,1),(1064,'4066',51,'2.0 V6',1995,1994,1999,1),(1065,'4825',51,'1.6 16V',1598,1992,1994,1),(1066,'3725',51,'2.5 24V',2497,1993,2000,1),(1067,'4055',51,'2.0 24V',1995,1993,2000,1),(1068,'4790',51,'2.3 24V',2255,1995,2000,1),(1069,'15799',51,'2.5 V6',2497,2000,2002,1),(1070,'1020813',51,'6',NULL,1992,1999,1),(1071,'1020814',51,'9',NULL,1993,2002,1),(1072,'1020930',134,'CU2W',NULL,2001,2005,1),(1073,'17284',134,'2.0 4WD (CU2W)',1997,2003,2006,1),(1074,'17400',134,'2.4 4WD (CU5W)',2378,2003,2006,1),(1075,'18617',134,'2.0 Turbo 4WD (CU2W)',1997,2004,2006,1),(1076,'18736',134,'2.0 4WD',1997,2002,2006,1),(1077,'18737',134,'2.0 4WD (CU2W)',1997,2003,2006,1),(1078,'18738',134,'2.4 4WD',2351,2003,2006,1),(1079,'18983',134,'2.0 (CU2W)',1997,2003,2006,1),(1080,'1022579',141,'GA4W',NULL,2010,NULL,1),(1081,'376',141,'1.8 DI-D',1798,2010,NULL,1),(1082,'378',141,'1.8',1798,2010,NULL,1),(1083,'836',141,'1.8 DI-D 4WD',1798,2010,NULL,1),(1084,'5514',141,'2.0 i',1998,2010,NULL,1),(1085,'5517',141,'2.0 i 4WD',1998,2010,NULL,1),(1086,'12007',141,'1.6',1590,2010,NULL,1),(1087,'33436',141,'1.6',1590,2010,NULL,1),(1088,'33437',141,'1.8 DI-D',1798,2010,NULL,1),(1089,'33438',141,'1.8 DI-D 4WD',1798,2010,NULL,1),(1090,'59588',141,'2.2 Di-D 4WD',2268,2013,NULL,1),(1091,'115706',141,'1.6 DI-D',1560,2015,NULL,1),(1092,'115709',141,'1.6 DI-D 4WD',1560,2015,NULL,1),(1093,'1020878',127,'D2',NULL,1995,2004,1),(1094,'5216',127,'1.8 MSX - 16V (DA2A)',1834,1995,1997,1),(1095,'5217',127,'1.6 (DA1A)',1597,1995,2006,1),(1096,'5218',127,'1.8 (DA2A)',1834,1995,1997,1),(1097,'5984',127,'1.9 TD (DA4A)',1870,1996,2000,1),(1098,'8710',127,'1.6 (DA1A)',1597,1997,2006,1),(1099,'9540',127,'1.8 16V GDI (DA2A)',1834,1997,2006,1),(1100,'15365',127,'1.9 DI-D (DA5A)',1870,2000,2006,1),(1101,'15366',127,'1.9 DI-D',1870,2000,2006,1),(1102,'15499',127,'1.8 GDI (DA2A)',1834,2000,2006,1),(1103,'15593',127,'1.6 (DA1A)',1597,1998,2006,1),(1104,'17348',127,'1.6 (DA1A)',1597,2000,2006,1),(1105,'5985',127,'1.9 TD (DA4A)',1870,1996,2000,1),(1106,'5986',127,'1.6 (DA1A)',1597,1996,2006,1),(1107,'5987',127,'1.8 (DA2A)',1834,1996,1997,1),(1108,'8709',127,'1.6 (DA1A)',1597,1997,2006,1),(1109,'9541',127,'1.8 16V GDI (DA2A)',1834,1997,2006,1),(1110,'14918',127,'2.0 16V GT EVO VI/VII',1997,1999,2006,1),(1111,'15367',127,'1.9 DI-D (DA5A)',1870,2000,2006,1),(1112,'15368',127,'1.9 DI-D',1870,2000,2006,1),(1113,'15500',127,'1.8 GDI (DA2A)',1834,2000,2006,1),(1114,'15594',127,'1.6 (DA1A)',1597,1998,2006,1),(1115,'17349',127,'1.6 (DA1A)',1597,2000,2006,1),(1116,'3322',126,'1.6 ST (A73)',1597,1977,1981,1),(1117,'3323',126,'2.0 GSR (A78)',1995,1975,1981,1),(1118,'3324',126,'2.0 GSR (A78)',1995,1977,1981,1),(1119,'3325',126,'2.0 GSR (A78)',1995,1979,1981,1),(1120,'1020928',482,'PA',NULL,1996,2008,1),(1121,'3254',115,'1.2 GL (A151A)',1244,1978,1984,1),(1122,'3255',115,'1.4 GLX,GT (A152A)',1410,1979,1984,1),(1123,'3256',115,'1.4 Turbo (A152A)',1410,1981,1984,1),(1124,'3258',115,'1.2 EL,GL (C15A)',1198,1984,1986,1),(1125,'3259',115,'1.2 EL,GL (C15A)',1198,1986,1988,1),(1126,'3260',115,'1.5 GLX (C12A)',1468,1985,1988,1),(1127,'3261',115,'1.5 GLX (C12A)',1468,1984,1988,1),(1128,'3262',115,'1.6 Turbo ECi (C13A)',1597,1984,1988,1),(1129,'3263',115,'1.8 GL Diesel (C14A)',1796,1984,1986,1),(1130,'3264',115,'1.8 GL Diesel (C14A)',1796,1986,1988,1),(1131,'6116',115,'1.6 Turbo ECi (C13A)',1597,1986,1988,1),(1132,'14067',115,'1.3 EL,GL (C11A)',1299,1986,1988,1),(1133,'3265',115,'1.3 (C51A)',1299,1988,1992,1),(1134,'3267',115,'1.8 Diesel GLX (C54A)',1796,1988,1992,1),(1135,'3268',115,'1.3 GL (C61A)',1299,1988,1990,1),(1136,'3269',115,'1.3 12V (C51A)',1299,1988,1992,1),(1137,'3270',115,'1.5 GLXi (C52A)',1468,1988,1992,1),(1138,'3271',115,'1.5 (C52A) KAT',1468,1990,1992,1),(1139,'3272',115,'1.6 GTi 16V (C53A)',1596,1988,1990,1),(1140,'3273',115,'1.8 GTi 16V (C58A) KAT',1836,1990,1992,1),(1141,'3419',115,'1.3 GLi 12V (CA1A)',1299,1992,1996,1),(1142,'3420',115,'1.6 GLXi 16V (CA4A)',1597,1992,1996,1),(1143,'3421',115,'1.8 GTi 16V (CA5A)',1834,1992,1996,1),(1144,'4025',115,'1.6 (CA4A)',1597,1994,1996,1),(1145,'20133',115,'1.6 4WD (CC4A)',1597,1993,1995,1),(1146,'3274',115,'1.2',1238,1978,1979,1),(1147,'3275',115,'1.4',1439,1978,1979,1),(1148,'3276',115,'1.6',1597,1978,1979,1),(1149,'19363',115,'1.5',1499,2006,2009,1),(1150,'19364',115,'1.5 Turbo',1468,2006,2009,1),(1151,'3277',115,'1.4',1439,1978,1979,1),(1152,'5577',115,'1300 GL,GLX (CJ1A)',1299,1996,2000,1),(1153,'5578',115,'1600 GLX (CJ4A)',1597,1996,2000,1),(1154,'14890',115,'1.5 16V (CJ2A)',1468,1999,2003,1),(1155,'15568',115,'1300 (CJ1A)',1299,2000,2003,1),(1156,'15569',115,'1600',1597,2000,2003,1),(1157,'18034',115,'1.3',1332,2004,2012,1),(1158,'18035',115,'1.5',1499,2004,2012,1),(1159,'18036',115,'1.1',1124,2004,2012,1),(1160,'18037',115,'1.5 DI-D',1493,2004,2012,1),(1161,'18038',115,'1.5 DI-D',1493,2004,2012,1),(1162,'18575',115,'1.5 CZT',1468,2005,2012,1),(1163,'1022470',115,'1.3 lpg',1332,2004,2012,1),(1164,'3367',116,'1.6 GSL (A212A)',1597,1982,1986,1),(1165,'3368',116,'1.6 Turbo (A212A)',1597,1982,1985,1),(1166,'3369',116,'1.6 Turbo (A212A)',1597,1983,1985,1),(1167,'3370',116,'1.8 GSL (A215A)',1755,1986,NULL,1),(1168,'3371',116,'1.8 Turbo ECi (A213A)',1795,1984,1986,1),(1169,'13907',116,'1.8',1738,1984,1989,1),(1170,'13908',116,'1.8 Turbo',1796,1984,1989,1),(1171,'1020879',142,'L300',NULL,1986,1994,1),(1172,'1020880',142,'L400',NULL,1994,2007,1),(1173,'1021596',142,'2.0',1997,1995,2002,1),(1174,'1020917',137,'F31A',NULL,1995,2005,1),(1175,'22962',137,'3.5',3497,2002,2005,1),(1176,'22963',137,'3.5 4WD',3497,2002,2005,1),(1177,'22959',137,'3.5 4WD',3497,1992,1998,1),(1178,'22960',137,'3.5',3497,1992,1998,1),(1179,'1020918',122,'2G',NULL,1995,1999,1),(1180,'4695',122,'2.0 i 16V (D22A, D27A)',1997,1991,1995,1),(1181,'9220',122,'2.0 i 16V 4WD (D22A, D27A)',1997,1991,1995,1),(1182,'5215',122,'2000 GS 16V (D32A)',1997,1995,1999,1),(1183,'12019',122,'2400 GS 16V',2389,1998,1999,1),(1184,'12020',122,'2000 GT 16V',1997,1995,1999,1),(1185,'23082',122,'2.0 Turbo 4WD',1997,1995,1999,1),(1186,'20446',122,'2.4',2350,1999,2005,1),(1187,'20448',122,'3.0',2972,1999,2005,1),(1188,'20449',122,'3.0',2972,1999,2005,1),(1189,'20447',122,'2.4 GS',2378,2005,2011,1),(1190,'20450',122,'3.8 GT',3828,2005,2011,1),(1191,'20445',122,'2.4 RS',2350,1999,2005,1),(1192,'23749',122,'2.4',2351,1999,2005,1),(1193,'23750',122,'3.0',2972,1999,2005,1),(1194,'23751',122,'3.0',2972,1999,2005,1),(1195,'1020881',124,'E33',NULL,1988,1992,1),(1196,'1020882',124,'E52',NULL,1993,1996,1),(1197,'1020883',124,'EA1',NULL,1996,2005,1),(1198,'1020884',124,'DJ1',NULL,2004,2012,1),(1199,'1020885',124,'C61A',NULL,1988,1991,1),(1200,'1020886',124,'CB',NULL,1992,1996,1),(1201,'1020887',124,'(CK,CM)',NULL,1997,2001,1),(1202,'1020888',124,'CS',NULL,2003,2010,1),(1203,'1020889',124,'CY',NULL,2007,2016,1),(1204,'3326',124,'1.6',1597,1977,1980,1),(1205,'3327',124,'2.0 GLX',1995,1977,1980,1),(1206,'3328',124,'2.0',1995,1979,1980,1),(1207,'3334',124,'1.6 GL (A121V)',1597,1979,1980,1),(1208,'3335',124,'2.0 GLX (A123V)',1995,1979,1980,1),(1209,'3329',124,'1.6 GLX (A161A)',1597,1980,1984,1),(1210,'3330',124,'2.0 GLS (A163)',1997,1980,1984,1),(1211,'3331',124,'2.0 Turbo ECi (A164)',1997,1982,1984,1),(1212,'3332',124,'2.3 Turbo-D (A167)',2347,1980,1984,1),(1213,'3333',124,'1.6 GLX (A161V)',1597,1980,1984,1),(1214,'3336',124,'2.0 GLX (A163V)',1997,1980,1983,1),(1215,'3337',124,'2.3 Turbo-D (A167V)',2347,1983,1984,1),(1216,'3338',124,'1.6 GLX (E11A)',1597,1984,1990,1),(1217,'3339',124,'2.0 GLS (E15A)',1997,1986,1990,1),(1218,'3340',124,'2.0 GLS (E15A)',1997,1984,1990,1),(1219,'3341',124,'2.0 Turbo ECi (E15A)',1997,1984,1990,1),(1220,'3342',124,'2.4 GLS (E16A)',2351,1985,1990,1),(1221,'3343',124,'1.8 Turbo-D (E14A)',1795,1984,1990,1),(1222,'3348',124,'1.8 Turbo-D (E34A)',1796,1988,1992,1),(1223,'3350',124,'1.8 (E32A)',1755,1988,1992,1),(1224,'3352',124,'2.0 4WD (E33A, E38A, E39A)',1997,1989,1992,1),(1225,'3353',124,'2.0 GTI 16V (E39A, E38A, E33A)',1997,1988,1992,1),(1226,'3355',124,'2.0 (E39A, E38A, E33A)',1997,1989,1992,1),(1227,'7487',124,'2.0 GTI 16V 4x4 (E38A, E39A, E33A)',1997,1989,1992,1),(1228,'1021960',124,'2.0 gti 16v 4wd (e39a)',1997,1988,1992,1),(1229,'3344',124,'1.8 (E32A)',1755,1987,1990,1),(1230,'3345',124,'2.0 GTi 16V (E39A, E38A, E33A)',1997,1987,1992,1),(1231,'3346',124,'2.0 GTi 16V 4WD (E39A, E38A, E33A)',1997,1988,1992,1),(1232,'3347',124,'1.8 Turbo-D (E34A)',1796,1987,1992,1),(1233,'3349',124,'1.8 (E32A)',1755,1987,1992,1),(1234,'3351',124,'2.0 4WD (E39A, E38A, E33A)',1997,1988,1992,1),(1235,'3354',124,'2.0 (E39A, E38A, E33A)',1997,1987,1992,1),(1236,'3357',124,'2.0 GTI 16V 4WD (E38A, E39A, E33A) KAT',1997,1991,1992,1),(1237,'18009',124,'2.0 GTi 16V (E39A, E38A, E33A)',1997,1988,1992,1),(1238,'3436',124,'2.0 GLSTD (E57A)',1998,1992,1996,1),(1239,'3437',124,'1.8 GLSI (E52A)',1834,1992,1996,1),(1240,'3438',124,'2.0 GLSI (E55A)',1997,1992,1996,1),(1241,'3439',124,'2.0 GLSI 4WD (E75A)',1997,1992,1996,1),(1242,'3440',124,'2.0 V6-24 (E64A, E54A)',1999,1992,1996,1),(1243,'3441',124,'2.5 V6-24 4WD (E88A)',2497,1992,1996,1),(1244,'4024',124,'1.8 (E52A)',1834,1994,1996,1),(1245,'3430',124,'2.0 GLSTD (E57A)',1998,1992,1996,1),(1246,'3431',124,'1.8 GLSI (E52A)',1834,1992,1996,1),(1247,'3432',124,'2.0 GLSI (E55A)',1997,1992,1996,1),(1248,'3433',124,'2.0 GLSI 4WD (E75A)',1997,1992,1996,1),(1249,'3434',124,'2.0 V6-24 (E64A, E54A)',1999,1992,1996,1),(1250,'3435',124,'2.5 V6-24 4WD (E88A)',2497,1992,1996,1),(1251,'4023',124,'1.8 (E52A)',1834,1994,1996,1),(1252,'7844',124,'2.0 (EA2A)',1997,1996,2000,1),(1253,'7846',124,'2.5 V6 24V (EA5A)',2498,1996,2000,1),(1254,'7847',124,'2.0 TDI (EA6A)',1998,1996,2004,1),(1255,'12079',124,'2.4 GDI (EA3A)',2351,1999,2000,1),(1256,'16444',124,'2.0 (EA2A)',1997,2000,2004,1),(1257,'16445',124,'2.4 GDI (EA3A)',2351,2000,2004,1),(1258,'16446',124,'2.5 V6 24V (EA5A)',2498,2000,2004,1),(1259,'1021961',124,'3.0 (ea6a)',2972,1999,2003,1),(1260,'7848',124,'2.0 (EA2W)',1997,1996,2000,1),(1261,'7849',124,'2.5 V6 24V (EA5W)',2498,1996,2000,1),(1262,'7850',124,'2.0 TDI (EA6W)',1998,1996,2003,1),(1263,'12080',124,'2.4 GDI (EA3W)',2351,1999,2003,1),(1264,'16447',124,'2.0 (EA2W)',1997,2000,2003,1),(1265,'16448',124,'2.4 GDI (EA3W)',2351,2000,2003,1),(1266,'16449',124,'2.5 V6 24V (EA5W)',2498,2000,2003,1),(1267,'50883',124,'2.4',2378,2003,NULL,1),(1268,'18023',135,'2.4',2378,2004,NULL,1),(1269,'18778',135,'2.0 DI-D',1968,2005,NULL,1),(1270,'26634',135,'2.0 DI-D',1968,2007,NULL,1),(1271,'1022440',135,'2.4 mivec (na4w)',2378,2004,2011,1),(1272,'25330',139,'3.0 AWD',2972,1996,2000,1),(1273,'25331',139,'3.0 AWD',2972,1989,1996,1),(1274,'28497',139,'3.0 AWD',2972,1992,1996,1),(1275,'28498',139,'3.0 AWD',2972,1996,2000,1),(1276,'5598',128,'2.5 TD 4WD (K34T)',2477,1992,1996,1),(1277,'6117',128,'2.5 D (K14T)',2476,1986,1996,1),(1278,'6118',128,'2.5 D 4WD (K24T)',2476,1987,1993,1),(1279,'9221',128,'2.6 4WD (K33T)',2555,1989,1995,1),(1280,'20472',128,'2.0 (K12T, K32T)',1997,1986,1996,1),(1281,'20473',128,'2.0 4WD (K32T, K22T)',1997,1986,1996,1),(1282,'23604',128,'2.4 4WD',2351,1986,1992,1),(1283,'59324',128,'2.0 4WD',1997,1987,1994,1),(1284,'1021724',128,'2.4',2351,1989,1996,1),(1285,'8737',128,'2.0 (K62T)',1997,1996,2007,1),(1286,'8738',128,'2.4 4WD (K75T)',2351,1996,2007,1),(1287,'8739',128,'2.5 D (K64T)',2477,1996,2007,1),(1288,'8740',128,'2.5 TD 4WD (K74T)',2477,1996,2007,1),(1289,'17459',128,'2.5 TD 4WD (K74T)',2477,2001,2007,1),(1290,'17755',128,'2.5 TD 4WD (K74T)',2477,2001,2007,1),(1291,'20474',128,'2.5 TD (K64T)',2477,2001,2005,1),(1292,'10981',128,'2.5 DI-D',2477,2007,NULL,1),(1293,'19365',128,'2.5 DI-D 4WD (KB4T)',2477,2005,NULL,1),(1294,'24544',128,'2.5 DI-D 4WD (KB4T)',2477,2007,NULL,1),(1295,'33129',128,'2.5 DI-D (KA4T)',2477,2010,NULL,1),(1296,'33130',128,'2.5 DI-D 4WD (KB4T)',2477,2010,NULL,1),(1297,'1021979',128,NULL,2477,2010,2015,1),(1298,'111099',128,'2.4 DI-D 4WD',2442,2014,NULL,1),(1299,'116161',128,'2.4 DI-D 4WD',2442,2015,NULL,1),(1300,'119113',128,'2.4 DI-D',2442,2015,NULL,1),(1301,'1020951',128,NULL,2477,2014,NULL,1),(1302,'1020990',128,NULL,2477,2014,NULL,1),(1303,'3389',129,'1.6 (L032P, L062P)',1597,1981,1986,1),(1304,'3390',129,'1.6 (L032P, L062P)',1597,1984,1987,1),(1305,'3391',129,'1.8 4WD (L035G)',1795,1984,1987,1),(1306,'3395',129,'2.0 4WD (L037G)',1997,1986,1987,1),(1307,'3396',129,'2.3 D (L038P)',2347,1983,1986,1),(1308,'3400',129,'1.6 (P02V, P12V)',1598,1986,NULL,1),(1309,'3402',129,'2.0 4WD (P13V, P23V, P23W, P03V, P13T)',1997,1986,NULL,1),(1310,'3405',129,'2.0 (P13V, P03W, P13T)',1997,1986,NULL,1),(1311,'3406',129,'2.0 4WD (P13V, P23W, P03V, P13T)',1997,1986,NULL,1),(1312,'3407',129,'2.4 4WD (P24W, P24V)',2351,1986,1990,1),(1313,'3408',129,'2.4 4WD (P24W, P24V)',2351,1990,NULL,1),(1314,'3409',129,'2.5 D (P25V, P05W, P05V, P15V, P15T)',2477,1986,NULL,1),(1315,'3410',129,'2.5 TD 4WD (P25W, P25V)',2477,1988,NULL,1),(1316,'3411',129,'2.0 (P13T, P03W, P03V, P13V)',1997,1986,NULL,1),(1317,'3412',129,'2.4 (P04W, P14V, P04V)',2351,1990,NULL,1),(1318,'5980',129,'2.0 i (P13V, P00W, P03V, P03W, P13T)',1997,1994,1998,1),(1319,'21329',129,'2.5 TD (P05W, P05V)',2477,1987,2003,1),(1320,'24550',129,'3.0',2972,1994,2003,1),(1321,'33296',129,'2.4 i',2351,1994,2004,1),(1322,'55956',129,'2.0',1997,1994,2003,1),(1323,'10595',129,'1.6 (L032P, L062P)',1597,1983,1994,1),(1324,'10597',129,'2.5 D (L039P)',2477,1986,1994,1),(1325,'10598',129,'2.0 (P13T)',1997,1994,2000,1),(1326,'10599',129,'2.5 TD (P15T)',2477,1994,2000,1),(1327,'3397',129,'1.6 (L032P, L062P)',1597,1980,1986,1),(1328,'7194',129,'2.3 D (L038P, L068P)',2347,1983,1986,1),(1329,'3398',129,'1.6 (P12V, P02V)',1598,1986,1994,1),(1330,'3399',129,'2.5 D (P05V, P05W, P15V)',2477,1986,2006,1),(1331,'3401',129,'2.0 (P03V, P13V)',1997,1986,2013,1),(1332,'21425',129,'2.4 (P24V, P24W)',2351,1986,1997,1),(1333,'27807',129,'2.5 TD 4WD',2477,1991,2003,1),(1334,'4781',132,'2.0 16V (PA3V/W, PB3V, PA3W)',1997,1995,2000,1),(1335,'4783',132,'2.4 i 4WD (PD4V/W)',2351,1995,2000,1),(1336,'21535',132,'2.0 (PA3W)',1997,1995,2002,1),(1337,'21536',132,'2.4',2351,1995,2002,1),(1338,'54969',132,'2.4',2351,1996,2005,1),(1339,'54970',132,'2.4 4WD',2351,1996,2005,1),(1340,'14070',132,'2500 TD (PD5W, PD5V, PA5W, PA5V)',2477,1996,2005,1),(1341,'18401',132,'2500 TD 4WD (PD5W, PD5V, PA5W, PA5V)',2477,1996,2005,1),(1342,'1022580',483,'KB4T',NULL,2005,2016,1),(1343,'3278',117,'1.2 (A171)',1244,1980,1981,1),(1344,'3280',117,'1.4 GLX (A172)',1410,1979,1983,1),(1345,'3283',117,'1.6 (A174)',1597,1979,1983,1),(1346,'3284',117,'1.6 (A174)',1597,1981,1983,1),(1347,'3285',117,'2.0 Turbo ECi (A176)',1997,1981,1983,1),(1348,'3286',117,'1.2 GL (C15AS)',1198,1984,1986,1),(1349,'3287',117,'1.2 (C65A)',1198,1986,1988,1),(1350,'3288',117,'1.5 GLX (C12AS)',1468,1985,1988,1),(1351,'3289',117,'1.5 GLX (C12AS)',1468,1983,1988,1),(1352,'3290',117,'1.8 Diesel (C14AS)',1796,1984,1986,1),(1353,'3291',117,'1.8 Diesel (C14AS)',1796,1986,1988,1),(1354,'3302',117,'1.3 (C61A)',1299,1988,1992,1),(1355,'3303',117,'1.8 GLX Diesel (C64A)',1796,1988,1992,1),(1356,'3304',117,'1.3 (C61A)',1299,1988,1992,1),(1357,'3305',117,'1.3 12V (C61A)',1299,1990,1992,1),(1358,'3306',117,'1.5 (C62A)',1468,1988,1992,1),(1359,'3307',117,'1.5 12V (C62A)',1468,1989,1992,1),(1360,'3442',117,'2.0 Diesel (CB8A)',1998,1992,1996,1),(1361,'3443',117,'1.3 (CB1A)',1299,1992,1996,1),(1362,'3444',117,'1.6 16V (CB4A)',1597,1992,1996,1),(1363,'4026',117,'1.6 (CB4A)',1597,1994,1996,1),(1364,'9219',117,'1.6 16V 4WD (CD4A)',1597,1992,1996,1),(1365,'16887',117,'1.8 16V (CB5A)',1834,1992,1993,1),(1366,'30404',117,'2.0 EVO III (CE9A)',1997,1995,1996,1),(1367,'33629',117,'2.0 EVO II (CE9A)',1997,1994,1995,1),(1368,'1022442',117,NULL,1997,1992,1993,1),(1369,'1022482',117,'_',NULL,2002,2007,1),(1370,'1022486',117,'CY',NULL,2007,2016,1),(1371,'1022569',117,'CS',NULL,2003,2010,1),(1372,'1022570',117,'CB',NULL,1992,1996,1),(1373,'1022571',117,'C61A',NULL,1988,1991,1),(1374,'1022576',117,'CK,CM',NULL,1997,2001,1),(1375,'3279',117,'1.2 GLX (A171)',1244,1983,1984,1),(1376,'3281',117,'1.4 GLX (A172)',1410,1983,1984,1),(1377,'3282',117,'1.4 Turbo',1410,1983,1984,1),(1378,'3292',117,'1.5 (C12V)',1468,1985,1989,1),(1379,'3293',117,'1.5 (C12V)',1468,1985,1987,1),(1380,'3294',117,'1.8 4WD (C37V)',1755,1987,1989,1),(1381,'3295',117,'1.8 4WD (C37V)',1755,1987,NULL,1),(1382,'3296',117,'1.8 D (C14V)',1796,1985,1986,1),(1383,'3297',117,'1.8 D (C14V)',1796,1986,1992,1),(1384,'3298',117,'1.5 (C12V)',1468,1988,1990,1),(1385,'3299',117,'1.5 12V (C12V)',1468,1990,1991,1),(1386,'3300',117,'1.8 4WD (C37V)',1755,1989,1990,1),(1387,'3301',117,'1.8 4WD (C37V)',1755,1990,1992,1),(1388,'3308',117,'1.8 D (C64A)',1796,1988,1992,1),(1389,'3309',117,'1.3 12V (C61A)',1299,1992,1994,1),(1390,'3311',117,'1.5 12V (C62A)',1468,1989,1992,1),(1391,'3312',117,'1.6 16V (C76A, C66A)',1597,1992,1994,1),(1392,'3313',117,'1.8 4WD (C77A)',1755,1989,1992,1),(1393,'3314',117,'1.8 GTi 16V (C69A)',1834,1992,1993,1),(1394,'3315',117,'1.8 GTi 16V (C68A)',1836,1989,1992,1),(1395,'18022',117,'1.5 (C62A)',1468,1988,1992,1),(1396,'20599',117,'1.3',1298,1988,1990,1),(1397,'20600',117,'1.3 12V',1298,1990,1993,1),(1398,'20601',117,'1.3',1298,1988,1990,1),(1399,'20604',117,'1.8 GTi (C77A)',1755,1992,1993,1),(1400,'27867',117,'2.0 D (C67A)',1998,1992,1993,1),(1401,'3520',117,'1.6',1590,2010,NULL,1),(1402,'3541',117,'1.8',1798,2009,NULL,1),(1403,'3560',117,'1.8 DI-D',1798,2010,NULL,1),(1404,'10449',117,'1.8 Flex',1798,2009,NULL,1),(1405,'26645',117,'1.8 (CX3A)',1798,2008,NULL,1),(1406,'26646',117,'2.0 DI-D',1968,2008,NULL,1),(1407,'26647',117,'1.5',1499,2008,NULL,1),(1408,'34937',117,'2.0 Ralliart 4WD (CX4A)',1998,2008,NULL,1),(1409,'34984',117,'1.8 DI-D (CX9A)',1798,2010,NULL,1),(1410,'55454',117,'1.8 Bifuel',1798,2010,NULL,1),(1411,'55455',117,'1.5 Bifuel',1499,2010,NULL,1),(1412,'4814',117,'1.6 16V (CB4W)',1597,1992,2003,1),(1413,'4815',117,'2.0 D (CB8W)',1998,1992,2003,1),(1414,'5092',117,'1.6 16V 4WD (CD4W)',1597,1992,2003,1),(1415,'5579',117,'1.3 12V (CK1A)',1299,1995,2003,1),(1416,'14891',117,'1.5 16V (CK2A)',1468,1999,2003,1),(1417,'14892',117,'1.6 16V (CK4A)',1597,1995,2003,1),(1418,'14893',117,'2.0 16V EVO',1997,1998,2001,1),(1419,'18664',117,'1.8 16V',1834,1995,2003,1),(1420,'1021969',117,'evo iv (cn9a)',1997,1996,1997,1),(1421,'1022439',117,'evo vi (cp9a)',1997,1999,2001,1),(1422,'17750',117,'1.3',1299,2003,NULL,1),(1423,'17751',117,'1.6 (CS3A)',1584,2003,NULL,1),(1424,'17904',117,'2.0 16V EVO VIII (CT9A)',1997,2004,NULL,1),(1425,'18212',117,'2.0 (CS9A)',1997,2003,NULL,1),(1426,'19366',117,'2.0 16V EVO IX (CT9A)',1997,2006,NULL,1),(1427,'1021971',117,NULL,1997,2001,2003,1),(1428,'1021972',117,NULL,1997,2003,2005,1),(1429,'1022451',117,NULL,1998,2007,NULL,1),(1430,'3393',117,'1.6',1590,2010,NULL,1),(1431,'3394',117,'1.8',1798,2010,NULL,1),(1432,'3484',117,'1.8 DI-D',1798,2010,NULL,1),(1433,'10452',117,'1.8 Flex',1798,2009,NULL,1),(1434,'12179',117,'2.0',1998,2009,NULL,1),(1435,'24542',117,'1.8',1798,2008,NULL,1),(1436,'24543',117,'2.0 DI-D',1968,2008,NULL,1),(1437,'26643',117,'2.0 EVO 4WD (CZ4A)',1998,2008,NULL,1),(1438,'27568',117,'1.5',1499,2008,NULL,1),(1439,'34985',117,'1.8 DI-D (CY9A)',1798,2010,NULL,1),(1440,'55453',117,'1.8 Bifuel',1798,2010,NULL,1),(1441,'55456',117,'1.5 Bifuel',1499,2010,NULL,1),(1442,'17752',117,'1.6',1584,2003,2008,1),(1443,'17753',117,'2.0',1997,2003,2007,1),(1444,'1022575',143,'EA1',NULL,1996,2005,1),(1445,'56018',138,'1.0 (A05A)',999,2012,NULL,1),(1446,'57508',138,'1.2 (A03A)',1193,2012,NULL,1),(1447,'28878',138,'1.6',1597,1999,2003,1),(1448,'28881',138,'1.6',1597,1995,1999,1),(1449,'28882',138,'1.3',1298,1995,2003,1),(1450,'28850',138,'1.6',1597,1991,1995,1),(1451,'28851',138,'1.6 4WD',1597,1991,1995,1),(1452,'28852',138,'1.3',1298,1991,1995,1),(1453,'27354',138,'1.6',1597,1991,1995,1),(1454,'27355',138,'1.6 4WD',1597,1991,1995,1),(1455,'28885',138,'1.6',1597,1979,1983,1),(1456,'1022352',138,'1.8',1834,1996,2001,1),(1457,'1020927',486,'PA',NULL,1996,2008,1),(1458,'1020890',136,'CU0W',NULL,2003,2006,1),(1459,'1020891',136,'CW0W',NULL,2005,2012,1),(1460,'1020892',136,'GF0W',NULL,2012,2018,1),(1461,'471',136,'2.0',1998,2006,2012,1),(1462,'476',136,'2.2 DI-D',2268,2006,2012,1),(1463,'500',136,'2.2 DI-D 4WD',2268,2006,2012,1),(1464,'3844',136,'2.2 DI-D 4WD',2268,2010,2012,1),(1465,'12146',136,'2.0 4WD',1998,2006,2012,1),(1466,'22491',136,'2.0 DI-D',1968,2007,2012,1),(1467,'22492',136,'2.4 4WD',2360,2007,2012,1),(1468,'26633',136,'2.2 DI-D 4WD',2179,2007,2012,1),(1469,'28043',136,'3.0 4WD',2998,2006,2012,1),(1470,'54759',136,'3.0 AWD',2998,2006,2010,1),(1471,'111480',136,'3.0 4WD',2998,2010,2012,1),(1472,'56332',136,'2.0 (GF7W)',1998,2012,NULL,1),(1473,'56333',136,'2.0 4WD (GF2W)',1998,2012,NULL,1),(1474,'56334',136,'2.4 4WD (GF3W)',2359,2012,NULL,1),(1475,'56336',136,'2.0 (GF7W)',1998,2012,NULL,1),(1476,'56337',136,'2.0 4WD (GF2W)',1998,2012,NULL,1),(1477,'56338',136,'2.2 Di-D',2268,2012,NULL,1),(1478,'56339',136,'2.2 Di-D 4WD',2268,2012,NULL,1),(1479,'58135',136,'2.0 Hybrid 4WD (GG2W)',1998,2012,NULL,1),(1480,'1021093',136,'2.0 hybrid 4wd (gg2w)',1998,2012,NULL,1),(1481,'1022119',136,'2.4 4wd',2360,2012,NULL,1),(1482,'1022120',136,'3.0 4wd',2998,2014,NULL,1),(1483,'1020893',123,'IO H66W',NULL,1998,2000,1),(1484,'1020894',123,'IO H76W',NULL,2000,2007,1),(1485,'1020919',123,'V80',NULL,2006,NULL,1),(1486,'1020922',123,'V20',NULL,1991,1999,1),(1487,'1020923',123,'V60',NULL,1999,2006,1),(1488,'1020924',123,'L040',NULL,1982,1991,1),(1489,'16915',123,'2.5 TD',2477,2002,NULL,1),(1490,'20247',123,'3.8 Привод на все колеса',3828,2002,NULL,1),(1491,'3385',123,'2.5 TD (L044G, L049G)',2477,1990,1991,1),(1492,'3386',123,'2.5 TD (L044G, L049G)',2477,1989,1990,1),(1493,'3388',123,'3.0 V6 (L141G, L146G)',2972,1988,1990,1),(1494,'3382',123,'2.6 (L042G, L047G)',2555,1983,1990,1),(1495,'3383',123,'2.3 TD (L043G, L048G)',2347,1982,1986,1),(1496,'3384',123,'2.5 TD (L044G, L049G)',2477,1986,1989,1),(1497,'3387',123,'2.5 TD (L044G, L049G)',2477,1989,1990,1),(1498,'3414',123,'2.5 TD 4WD (V24C, V24W)',2477,1990,1999,1),(1499,'3415',123,'3.0 V6 4WD (V23W, V43W, V23C)',2972,1990,1995,1),(1500,'4021',123,'3.5 V6 24V (V25W, V45W)',3497,1994,1999,1),(1501,'4022',123,'2.8 TD (V46W)',2835,1994,1999,1),(1502,'4027',123,'3.0 V6 24V (V43W, V23W)',2972,1994,1997,1),(1503,'7300',123,'2.4 (V21W, V21C)',2351,1991,1999,1),(1504,'11860',123,'3.5 V6 24V (V45W, V25W)',3497,1997,1999,1),(1505,'15261',123,'3.0 V6 24V (V43W, V23W)',2972,1997,1999,1),(1506,'3413',123,'2.5 TD 4WD (V24C, V24W)',2477,1990,2000,1),(1507,'3416',123,'3.0 V6 (V23W, v43W, V23C)',2972,1990,1995,1),(1508,'4028',123,'3.0 V6 24V (V23W, V23C)',2972,1994,2000,1),(1509,'7301',123,'2.4 (V41W, V21W, V21C)',2351,1991,2000,1),(1510,'9820',123,'1.8 GDI',1834,1998,2000,1),(1511,'57183',123,'3.5',3497,2000,2007,1),(1512,'57184',123,'3.2 Di-D',3200,2000,2006,1),(1513,'57188',123,'3.2 Di-D',3200,2000,2001,1),(1514,'59058',123,'2.5 TDi',2477,2000,2006,1),(1515,'59059',123,'2.5 TDi',2477,2001,2006,1),(1516,'14688',123,'3.2 DI-D (V68W, V78W)',3200,2000,2006,1),(1517,'16455',123,'3.2 DI-D (V68W, V78W)',3200,2001,2006,1),(1518,'21315',123,'2.5 TDi (V64W, V74W)',2477,2001,2006,1),(1519,'23573',123,'2.4',2351,2001,2006,1),(1520,'10491',123,'3.2 DI-D 4WD (V98W)',3200,2007,NULL,1),(1521,'10492',123,'3.0 4WD',2972,2007,NULL,1),(1522,'22652',123,'3.8 V6 (V87W, V97W)',3828,2007,NULL,1),(1523,'22653',123,'3.2 DI-D (V88W, V98W)',3200,2007,NULL,1),(1524,'22654',123,'3.2 DI-D (V88W, V98W)',3200,2007,NULL,1),(1525,'33209',123,'3.2 DI-D 4WD (V98W, V88W)',3200,2009,NULL,1),(1526,'33489',123,'3.8 V6',3828,2010,NULL,1),(1527,'56665',123,'3.8 V6',3828,2010,NULL,1),(1528,'1022344',123,'3.2 4wd',3200,2016,NULL,1),(1529,'58771',123,'1.1 4WD',1095,1995,1998,1),(1530,'10508',123,'0.7',659,1994,1998,1),(1531,'10509',123,'0.7 4WD',659,1994,1998,1),(1532,'10510',123,'0.7',659,1994,2012,1),(1533,'10512',123,'0.7 4WD',659,1994,2012,1),(1534,'55662',123,'0.7 4WD',659,1994,2012,1),(1535,'13863',123,'1.8 GDI (H66W)',1834,1999,2001,1),(1536,'15481',123,'2.0 GDI (H67W, H77W)',1999,2000,2007,1),(1537,'16506',123,'1.8 (H76W, H66W)',1834,2001,2007,1),(1538,'1020925',123,'QE',NULL,2015,NULL,1),(1539,'1020926',123,'(PB,PC)',NULL,2008,2016,1),(1540,'10681',123,'3.0 V6 (K96W)',2972,1998,NULL,1),(1541,'10682',123,'2.5 TD (K94W)',2477,1998,NULL,1),(1542,'16886',123,'2.5 TD (K94W)',2477,2002,NULL,1),(1543,'17754',123,'2.5 TD (K94W)',2477,2003,NULL,1),(1544,'18476',123,'3.0 V6 (K96W)',2972,2000,NULL,1),(1545,'19746',123,'3.0 V6 (K96W)',2972,2003,NULL,1),(1546,'24591',123,'2.4',2351,1999,2001,1),(1547,'24592',123,'2.4',2351,2001,2006,1),(1548,'12183',123,'2.5 DI-D',2477,2008,NULL,1),(1549,'33508',123,'2.5 DI-D 4WD (KH4W)',2477,2008,NULL,1),(1550,'58255',123,'3.2 DI-D 4WD',3200,2008,NULL,1),(1551,'59041',123,'2.5 TD',2477,2008,NULL,1),(1552,'59042',123,'3.0 4WD',2998,2008,NULL,1),(1553,'59043',123,'3.5 V6 24V',3497,2008,NULL,1),(1554,'1020985',123,'2.4 di-d',2442,2015,NULL,1),(1555,'1020986',123,'2.4 di-d 4x4',2442,2015,NULL,1),(1556,'1021033',123,'2.5 di-d 4x4',2477,2015,NULL,1),(1557,'1021034',123,'2.5 di-d',2477,2015,NULL,1),(1558,'1020929',487,'N61W',NULL,1997,2002,1),(1559,'1022572',487,'N11W',NULL,1991,1997,1),(1560,'11514',131,'2.0 16V',1997,1999,2004,1),(1561,'11515',131,'2.0 16V 4WD',1997,1999,2004,1),(1562,'3358',118,'1.6 SL,GL (A121)',1597,1978,1980,1),(1563,'3359',118,'2.0 (A123)',1995,1978,1980,1),(1564,'3360',118,'2.0 (A123)',1995,1978,1980,1),(1565,'3361',118,'2.0 (A123)',1995,1979,1980,1),(1566,'3362',118,'1.6 GLX (A161A)',1597,1980,1984,1),(1567,'3363',118,'2.0 GSL (A164A)',1997,1980,1983,1),(1568,'3364',118,'2.0 GSR (A164A)',1995,1980,1984,1),(1569,'3365',118,'2.0 Turbo ECi (A164)',1997,1982,1983,1),(1570,'3366',118,'2.4 (E16A)',2351,1987,1990,1),(1571,'3417',119,'3.0 V6',2972,1990,1996,1),(1572,'3418',119,'3.0 V6',2972,1990,1996,1),(1573,'1022577',119,'_',NULL,1991,1996,1),(1574,'5599',119,'3.0',2972,1992,1996,1),(1575,'1022573',488,'L400',NULL,1994,2007,1),(1576,'1022574',130,'N11W',NULL,1991,1997,1),(1577,'3425',130,'1.8 (N11W)',1834,1991,1999,1),(1578,'3426',130,'1.8 4WD (N21W)',1834,1991,1999,1),(1579,'7298',130,'2.0 TD (N18W)',1998,1992,1999,1),(1580,'10924',130,'1.8 (N11W)',1834,1996,1999,1),(1581,'10925',130,'1.8 4WD (N21W)',1834,1996,1999,1),(1582,'11861',130,'2.0 16V',1997,1997,1999,1),(1583,'13880',130,'2.4 GDI',2351,1999,2002,1),(1584,'13881',130,'2.0 (N63W)',1997,1999,2002,1),(1585,'54971',130,'2.0',1997,2000,2002,1),(1586,'54972',130,'2.4 GDI',2351,1999,2002,1),(1587,'1022578',489,'_',NULL,1998,2005,1),(1588,'10939',489,'1.3 16V (DG1A)',1299,1998,2004,1),(1589,'11379',489,'1.8 GDI (DG5A)',1834,1998,2004,1),(1590,'14442',489,'1.3 16V (DG1A)',1299,1998,2004,1),(1591,'15369',489,'1.9 DI-D (DG4A)',1870,2001,2004,1),(1592,'15501',489,'1.8 GDI (DG5A)',1834,1998,2004,1),(1593,'16177',489,'1.3 16V (DG1A)',1299,2000,2004,1),(1594,'16443',489,'1.6 16V (DG3A)',1584,2001,2004,1),(1595,'16890',489,'1.9 DI-D',1870,2002,2004,1),(1596,'16891',489,'1.8 MPI',1834,2002,2004,1),(1597,'3375',120,'1.8 GLX (D05V, D05W)',1755,1984,1988,1),(1598,'3376',120,'2.0 GLX (D04W)',1997,1986,1988,1),(1599,'3377',120,'2.0 GLX 4WD (D08W)',1997,1986,1988,1),(1600,'3378',120,'2.0 GLXi (D04W)',1997,1988,1991,1),(1601,'3379',120,'2.0 GLXi 4WD (D08W)',1997,1988,1991,1),(1602,'3380',120,'2.0 4WD (D08W)',1997,1985,1991,1),(1603,'3381',120,'1.8 TD (D09V, D09W)',1796,1986,1991,1),(1604,'7418',120,'1.8 4WD (D05V, D05W)',1755,1987,1988,1),(1605,'3422',120,'1.8 TD (N35W)',1796,1991,1998,1),(1606,'3423',120,'2.0 TD (N38W)',1998,1992,1998,1),(1607,'3424',120,'1.8 (N31W)',1834,1991,1998,1),(1608,'3427',120,'1.8 4WD (N41W)',1834,1991,1998,1),(1609,'3428',120,'2.0 (N33W)',1997,1992,1998,1),(1610,'3429',120,'2.0 4WD (N43W)',1997,1992,1998,1),(1611,'30021',120,'2.0 (N33W)',1997,1991,1997,1),(1612,'1020920',120,'(UF,N34W)',NULL,1991,1997,1),(1613,'1020921',120,'(UG,N84W)',NULL,1998,2004,1),(1614,'10103',120,'2.4 GDI',2351,1998,2004,1),(1615,'10359',120,'2.4 GDI 4WD',2351,1998,2004,1),(1616,'16166',120,'2.4 GDI',2351,2000,2004,1),(1617,'16167',120,'2.4 GDI 4WD',2351,2000,2004,1),(1618,'16779',120,'2.0',1997,1998,2004,1),(1619,'3372',121,'2.0 Turbo ECi (A183A)',1997,1982,1985,1),(1620,'3373',121,'2.0 Turbo ECi (A183A)',1997,1985,1987,1),(1621,'3374',121,'2.6 Turbo ECi (A187A)',2555,1987,1990,1),(1622,'3316',125,'1.4 GLX (A211)',1410,1982,1985,1),(1623,'3318',125,'1.6 GLS (A212)',1597,1982,1987,1),(1624,'3319',125,'1.6 Turbo (A212)',1597,1982,1985,1),(1625,'3320',125,'1.6 Turbo (A212)',1597,1982,1984,1),(1626,'3321',125,'1.8 GLS (A215)',1755,1984,1986,1),(1627,'14068',125,'1.8 Turbo',1796,1984,1986,1),(1628,'58729',125,'1.8 GLS 4WD',1755,1985,1986,1),(1629,'59323',125,'2.0 GLXi 4WD',1997,1986,1988,1),(1630,'4301',151,'1.6',1597,1990,1994,1),(1631,'4302',151,'2.0 GTI',1998,1991,1994,1),(1632,'4311',151,'1.6 SR',1597,1993,1994,1),(1633,'4304',150,'1.8 Turbo',1809,1988,1993,1),(1634,'4338',150,'2.0 i 16V Turbo',1998,1993,1999,1),(1635,'12459',150,'2.0 i 16V',1998,1993,1999,1),(1636,'4285',149,'2.8',2753,1978,1983,1),(1637,'4287',149,'2.8',2753,1980,1982,1),(1638,'4290',149,'2.8',2753,1982,1984,1),(1639,'7284',149,'2.8',2753,1983,1984,1),(1640,'4294',490,'3.0',2960,1984,1987,1),(1641,'4298',490,'3.0 Turbo',2960,1987,1990,1),(1642,'7283',490,'3.0 Turbo',2960,1984,1990,1),(1643,'4299',490,'3.0 Twin Turbo',2960,1990,1995,1),(1644,'4300',490,'3.0 Twin Turbo',2960,1990,1995,1),(1645,'17435',167,'3.5',3498,2003,NULL,1),(1646,'19559',167,'3.5',3498,2002,NULL,1),(1647,'25093',167,'3.5',3498,2005,NULL,1),(1648,'18277',167,'3.5',3498,2005,NULL,1),(1649,'19606',167,'3.5',3498,2006,NULL,1),(1650,'23729',167,'3.5',3498,2005,NULL,1),(1651,'31210',180,'3.7',3696,2009,NULL,1),(1652,'31387',180,'3.7',3696,2009,NULL,1),(1653,'58978',180,'3.7 Nismo',3696,2013,NULL,1),(1654,'5839',180,'3.7',3696,2010,NULL,1),(1655,'34552',180,'3.7',3696,2010,NULL,1),(1656,'1020815',163,'N15',NULL,1995,2000,1),(1657,'1020816',163,'N16',NULL,2000,2006,1),(1658,'1022511',163,'G11',NULL,NULL,NULL,1),(1659,'1022512',163,'V10',NULL,1998,2006,1),(1660,'414',163,'1.6 16V',1597,2006,NULL,1),(1661,'5224',163,'1.4 GX,LX',1392,1995,2000,1),(1662,'5225',163,'1.4',1392,1995,2000,1),(1663,'5226',163,'1.6 SLX',1597,1995,2000,1),(1664,'5227',163,'1.6',1597,1995,2000,1),(1665,'5228',163,'2.0 D',1974,1995,2000,1),(1666,'5219',163,'1.4 S,GX,LX',1392,1995,2000,1),(1667,'5220',163,'1.4',1392,1995,2000,1),(1668,'5221',163,'1.6 SR,SLX',1597,1995,2000,1),(1669,'5222',163,'1.6',1597,1995,2000,1),(1670,'5223',163,'2.0 D',1974,1995,2000,1),(1671,'5991',163,'2.0 GTi',1998,1996,2000,1),(1672,'115340',163,'1.6 (G15)',1598,2012,NULL,1),(1673,'14915',163,'1.5',1498,2000,NULL,1),(1674,'14916',163,'2.2 Di',2184,2000,NULL,1),(1675,'15110',163,'1.8',1769,2000,NULL,1),(1676,'17242',163,'1.5',1497,2002,NULL,1),(1677,'17243',163,'1.8',1769,2002,NULL,1),(1678,'17244',163,'1.5 dCi',1461,2003,NULL,1),(1679,'17683',163,'2.2 dCi',2184,2003,NULL,1),(1680,'17684',163,'2.2 dCi',2184,2003,NULL,1),(1681,'114375',163,'1.6',1598,2012,NULL,1),(1682,'14657',163,'1.5',1498,2000,NULL,1),(1683,'14658',163,'1.8',1769,2000,NULL,1),(1684,'14659',163,'2.2 Di',2184,2000,NULL,1),(1685,'17239',163,'1.5',1497,2002,NULL,1),(1686,'17240',163,'1.8',1769,2002,NULL,1),(1687,'17241',163,'1.5 dCi',1461,2003,NULL,1),(1688,'17681',163,'2.2 dCi',2184,2003,NULL,1),(1689,'17682',163,'2.2 dCi',2184,2003,NULL,1),(1690,'11262',163,'1.8',1769,2000,NULL,1),(1691,'11263',163,'2.0',1998,2000,NULL,1),(1692,'14917',163,'2.2 Di',2184,2000,NULL,1),(1693,'17685',163,'2.2 dCi',2184,2003,NULL,1),(1694,'17686',163,'2.2 dCi',2184,2003,NULL,1),(1695,'17690',163,'1.8',1769,2002,NULL,1),(1696,'1020817',491,'L31',NULL,2001,2006,1),(1697,'1020818',491,'L32A',NULL,2007,2013,1),(1698,'1020819',491,'L33',NULL,2012,2018,1),(1699,'1022515',188,'WA60',NULL,2004,2016,1),(1700,'1007669',168,'110.35, 120.35',2953,2000,NULL,1),(1701,'1007670',168,'110.56, 120.56',2953,2000,NULL,1),(1702,'1007671',168,'140.75',3990,2000,NULL,1),(1703,'1007672',168,'75.16, 165.75',5985,2000,NULL,1),(1704,'1016697',168,'120.21, 210.120',5985,2003,NULL,1),(1705,'1016698',168,'120.45',2953,2003,NULL,1),(1706,'1016699',168,'120.56',2953,2003,NULL,1),(1707,'1016700',168,'140.70',3990,2003,NULL,1),(1708,'1016701',168,'140.80',3990,2003,NULL,1),(1709,'1016702',168,'95.16, 165.95',5985,2003,NULL,1),(1710,'1016703',168,'120.16, 165.120',5985,2003,NULL,1),(1711,'1016704',168,'165.130',5985,2003,NULL,1),(1712,'1016705',168,'210.130',5985,2003,NULL,1),(1713,'1016706',168,'150,.21, 210.150',5985,2003,NULL,1),(1714,'1020162',168,'35.15',2953,2006,NULL,1),(1715,'1020163',168,'56.15',2953,2006,NULL,1),(1716,'1020164',168,'80.19',4500,2006,NULL,1),(1717,'1020165',168,'35.13',2953,2006,NULL,1),(1718,'1020166',168,'50.13',2953,2006,NULL,1),(1719,'1020167',168,'56.13',2953,2006,NULL,1),(1720,'1020168',168,'60.14',3990,2006,NULL,1),(1721,'1020169',168,'65.14',3990,2006,NULL,1),(1722,'1020170',168,'70.14',3990,2006,NULL,1),(1723,'1020171',168,'75.14',3990,2006,NULL,1),(1724,'1020172',168,'80.14',3990,2006,NULL,1),(1725,'25243',176,'2.0',1998,1997,2001,1),(1726,'25244',176,'2.0',1998,2001,NULL,1),(1727,'25799',176,'2.0 TD',1974,1992,1997,1),(1728,'1022528',155,'U14',NULL,1996,2001,1),(1729,'4200',155,'1.8',1770,1980,1983,1),(1730,'4201',155,'2.0 D',1952,1980,1983,1),(1731,'6122',155,'2.0 i',1952,1982,1983,1),(1732,'17469',155,'1.6',1595,1980,1983,1),(1733,'10679',155,'1.8',1770,1974,1979,1),(1734,'4211',155,'2.0 (T12)',1974,1985,1987,1),(1735,'4213',155,'2.0 i (HLT72, T12)',1974,1985,1990,1),(1736,'4219',155,'1.8 i 16V (RLT72)',1809,1989,1990,1),(1737,'4222',155,'2.0 D (SLT72, T12)',1952,1986,1990,1),(1738,'6120',155,'1.6',1598,1986,1990,1),(1739,'17471',155,'1.8 Turbo',1809,1985,1990,1),(1740,'4205',155,'2.0 i',1974,1984,1988,1),(1741,'4206',155,'2.0 D',1952,1984,1988,1),(1742,'6119',155,'1.8',1809,1983,1988,1),(1743,'14265',155,'1.8 Turbo',1809,1984,1990,1),(1744,'20381',155,'2.0 LX',1974,1985,1990,1),(1745,'4225',155,'1.8 i 16V (FRLT72)',1809,1989,1990,1),(1746,'4228',155,'2.0 (T12)',1974,1985,1987,1),(1747,'4229',155,'2.0 i (FHLT72, T12)',1974,1985,1990,1),(1748,'4231',155,'2.0 D (FSLT72, T12)',1952,1986,1990,1),(1749,'6121',155,'1.6',1598,1986,1990,1),(1750,'8566',155,'1.6',1598,1986,1991,1),(1751,'14266',155,'1.8 Turbo',1809,1985,1992,1),(1752,'4207',155,'2.0',1974,1986,1990,1),(1753,'4208',155,'2.0 i',1974,1984,1990,1),(1754,'4209',155,'2.0 D',1952,1984,1988,1),(1755,'4210',155,'2.0 D',1952,1986,1990,1),(1756,'4203',155,'1.8',1770,1980,1984,1),(1757,'4204',155,'2.0 D',1952,1980,1984,1),(1758,'4202',155,'1.8',1770,1980,1984,1),(1759,'6123',155,'1.9 i',1952,1982,1984,1),(1760,'1007584',144,'2,5',2494,1982,1992,1),(1761,'1007585',144,'2,5',2488,1983,1990,1),(1762,'1007586',144,'2,0',1952,1986,1992,1),(1763,'1007587',144,'1,6',1595,1986,1992,1),(1764,'1007588',144,'2,0',1952,1982,1987,1),(1765,'1007589',144,'2,2',2188,1986,1992,1),(1766,'1007590',144,'2,3',2289,1981,1992,1),(1767,'1007591',144,'2,7',2663,1983,1990,1),(1768,'1007592',144,'3,3',3298,1983,1990,1),(1769,'1008823',144,'28.11',2488,2006,NULL,1),(1770,'1008824',144,'35.13',2488,2006,2012,1),(1771,'1008825',144,'35.15',2953,2006,NULL,1),(1772,'1008826',144,'45.13',2488,2006,NULL,1),(1773,'1008827',144,'45.15',2953,2006,NULL,1),(1774,'1014525',144,'28.12',2488,2006,NULL,1),(1775,'1014526',144,'35.12',2488,2006,NULL,1),(1776,'1014527',144,'35.14',2488,2006,NULL,1),(1777,'1016010',144,'32.11',2488,2007,2011,1),(1778,'1016011',144,'35.11',2488,2006,2009,1),(1779,'1021069',144,'35.13 dci, 45.13 dci 2.5 (f24m)',2488,2006,2012,1),(1780,'1021071',144,'35.14 dci 3.0 (f24m)',2953,2006,2013,1),(1781,'1021072',144,'35.15 dci, 45.15 dci 3.0 (f24m)',2953,2006,2013,1),(1782,'1021073',144,'28.12 dci, 32.12 dci, 34.12 dci, 35.12 dci 2.5 (f24m)',2488,2006,2013,1),(1783,'1021074',144,'35.14 dci, 45.14 dci 2.5 (f24m)',2488,2006,2013,1),(1784,'1022466',144,'28.11 dci, 32.11 dci, 35.11 dci 2.5 (f24m)',2488,2006,2013,1),(1785,'32920',144,'2.5 D',2494,1989,1992,1),(1786,'1021043',144,NULL,2494,1982,1992,1),(1787,'1021044',144,NULL,2488,1983,1990,1),(1788,'1021045',144,NULL,1595,1986,1992,1),(1789,'1021046',144,NULL,1952,1982,1987,1),(1790,'1021047',144,NULL,2188,1986,1992,1),(1791,'1021048',144,NULL,2663,1983,1990,1),(1792,'1021049',144,NULL,3298,1983,1990,1),(1793,'1021061',144,NULL,1952,1982,1992,1),(1794,'1021062',144,NULL,2289,1982,1992,1),(1795,'1022422',144,NULL,1952,1982,1992,1),(1796,'1022449',144,NULL,2289,1982,1992,1),(1797,'1006894',144,'75.28',2283,1998,2006,1),(1798,'1006895',144,'90.32',2663,1998,2006,1),(1799,'1006896',144,'105.35, 110.35',2953,1998,2006,1),(1800,'1006897',144,'110.45',2953,1998,2006,1),(1801,'1006898',144,'120.35, 125.35',2953,1998,2006,1),(1802,'1006899',144,'120.45',2953,1998,2006,1),(1803,'1021057',144,'75.28 (tl0)',2283,1998,2006,1),(1804,'1021058',144,'90.32 (tl0)',2664,1998,2006,1),(1805,'1021059',144,'105.35, 110.35, 110.45 (tl0)',2953,1998,2006,1),(1806,'1021060',144,'120.35, 120.45 (tl0)',2953,1998,2006,1),(1807,'1021063',144,'125.35, 125.45 (tl0, vl0)',2953,1998,2006,1),(1808,'22727',174,'3.0',2960,1991,1997,1),(1809,'23416',174,'3.0',2988,1991,1995,1),(1810,'23417',174,'3.0',2988,1992,1996,1),(1811,'59712',174,'3.0',2960,1991,1995,1),(1812,'22721',174,'3.0',2960,1983,1987,1),(1813,'22722',174,'3.0',2960,1984,1987,1),(1814,'22723',174,'3.0',2960,1983,1987,1),(1815,'1021980',174,'3.0',2960,1995,1997,1),(1816,'22725',174,'3.0',2960,1987,1991,1),(1817,'22726',174,'3.0',2960,1987,1991,1),(1818,'59711',174,'3.0',2960,1987,1991,1),(1819,'1022485',177,'A33',NULL,1999,2003,1),(1820,'1022489',177,'A32',NULL,1994,1999,1),(1821,'25255',177,'2.0',1995,2000,NULL,1),(1822,'25258',177,'3.0',2988,2000,NULL,1),(1823,'25254',177,'2.0',1995,1994,1999,1),(1824,'25257',177,'3.0',2988,1994,1999,1),(1825,'10680',152,'1.0',988,1970,1978,1),(1826,'4118',152,'1.2',1171,1978,1981,1),(1827,'4119',152,'1.3',1269,1981,1982,1),(1828,'6129',152,'1.0',988,1978,1981,1),(1829,'6132',152,'1.4 i.e.',1397,1980,1981,1),(1830,'4113',152,'1.2',1171,1978,1981,1),(1831,'4116',152,'1.3',1269,1981,1983,1),(1832,'6131',152,'1.4',1397,1980,1981,1),(1833,'4121',152,'1.2',1171,1978,1981,1),(1834,'4123',152,'1.3',1269,1981,1982,1),(1835,'6130',152,'1.4',1397,1980,1981,1),(1836,'4124',152,'1.3',1269,1982,1986,1),(1837,'4126',152,'1.5',1488,1983,1986,1),(1838,'4127',152,'1.7 D',1681,1982,1986,1),(1839,'7299',152,'1.5 ET Turbo',1488,1983,1985,1),(1840,'26300',178,'4.5',4494,2001,NULL,1),(1841,'26308',178,'4.1',4130,1996,2001,1),(1842,'26400',178,'4.1',4130,1991,1996,1),(1843,'1022529',492,'Z10',NULL,1998,2002,1),(1844,'5840',492,'1.5 dCi',1461,2010,NULL,1),(1845,'32803',492,'1.6 16V',1598,2010,NULL,1),(1846,'32804',492,'1.5 dCi',1461,2010,NULL,1),(1847,'7267',165,'1.0 (E10)',981,1974,1978,1),(1848,'7268',165,'F-II 1.0 (BLF10)',981,1975,1980,1),(1849,'7269',165,'F-II 1.0 (WBLF10)',981,1975,1980,1),(1850,'7271',165,'Y 1.2 (B210)',1163,1974,1980,1),(1851,'7274',165,'A F-II 1.2 (LF10)',1164,1975,1980,1),(1852,'7275',165,'Y 1.2 (LB210)',1163,1976,1980,1),(1853,'7270',165,'1.2 (KB210)',1163,1962,1980,1),(1854,'7272',165,'A F-II 1.2 (KLF10)',1164,1975,1980,1),(1855,'10660',165,'1.4',1428,1973,1977,1),(1856,'7276',165,'1.4',1397,1979,1983,1),(1857,'7277',165,'1.6',1579,1973,1982,1),(1858,'7278',165,'1.6 i.e. (A10)',1595,1978,1982,1),(1859,'10661',165,'1.6 (710)',1595,1973,1978,1),(1860,'7279',165,'1.8',1770,1977,1981,1),(1861,'7280',165,'1.8 (KPL810)',1770,1977,1981,1),(1862,'7281',165,'KGT 2.4',2393,1978,1981,1),(1863,'1022514',187,'E51',NULL,2002,2010,1),(1864,'1022516',187,'E50',NULL,1997,2002,1),(1865,'681',179,'3.8 V6',3799,2011,NULL,1),(1866,'27551',179,'3.8 V6',3799,2009,NULL,1),(1867,'55403',179,'3.8 V6',3799,2012,NULL,1),(1868,'107483',179,'3.8 V6',3799,2014,NULL,1),(1869,'113192',179,'3.8 T',3799,2015,NULL,1),(1870,'1021437',179,'v6',3799,2016,NULL,1),(1871,'1022517',189,'F15',NULL,2011,NULL,1),(1872,'34721',189,'1.6',1598,2010,NULL,1),(1873,'34723',189,'1.6 DIG-T 4x4',1618,2010,NULL,1),(1874,'34724',189,'1.6 DIG-T',1618,2010,NULL,1),(1875,'34725',189,'1.5 dCi',1461,2010,NULL,1),(1876,'53454',189,'1.6 DIG-T NISMO 4x4',1618,2013,NULL,1),(1877,'58599',189,'1.6 DIG-T NISMO',1618,2012,NULL,1),(1878,'59302',189,'1.6',1598,2013,NULL,1),(1879,'106276',189,'1.2 DIG-T',1197,2014,NULL,1),(1880,'107628',189,'1.6 DIG-T NISMO RS',1618,2014,NULL,1),(1881,'108986',189,'1.6 DIG-T NISMO RS 4x4',1618,2014,NULL,1),(1882,'17982',169,'1.2',1149,2003,2009,1),(1883,'17983',169,'1.6 16V',1598,2003,2009,1),(1884,'17984',169,'1.5 dCi',1461,2003,2009,1),(1885,'17985',169,'1.5 dCi',1461,2003,2009,1),(1886,'19509',169,'1.2 16V',1149,2006,2009,1),(1887,'19510',169,'1.5 dCi 70',1461,2006,2009,1),(1888,'19511',169,'1.5 dCi 85',1461,2006,2009,1),(1889,'24192',169,'1.5 dCi',1461,2003,2009,1),(1890,'24193',169,'1.5 dCi',1461,2005,2009,1),(1891,'4373',169,'1.5 dCi',1461,2005,NULL,1),(1892,'32981',169,'1.2',1149,2003,NULL,1),(1893,'32982',169,'1.2 16V',1149,2006,NULL,1),(1894,'32984',169,'1.6 16V',1598,2003,NULL,1),(1895,'32986',169,'1.5 dCi',1461,2003,NULL,1),(1896,'32987',169,'1.5 dCi',1461,2003,NULL,1),(1897,'1020840',932,'W30',NULL,1992,1998,1),(1898,'4238',145,'2.0',1998,1977,1983,1),(1899,'4240',145,'2.4',2393,1977,1983,1),(1900,'4243',145,'2.0',1998,1981,1984,1),(1901,'4245',145,'2.4',2393,1981,1984,1),(1902,'4246',145,'2.4',2393,1983,1985,1),(1903,'4248',145,'2.8 D',2792,1981,1985,1),(1904,'4249',145,'2.4',2393,1985,1987,1),(1905,'4253',145,'2.8 D',2792,1985,1987,1),(1906,'4255',145,'2.8 D',2826,1985,1989,1),(1907,'1020839',148,'J30',NULL,1988,1994,1),(1908,'1020869',148,'A32',NULL,1994,1999,1),(1909,'1020870',148,'A33',NULL,1999,2003,1),(1910,'1020871',148,'A34',NULL,2003,2008,1),(1911,'1020872',148,'A35',NULL,2008,2014,1),(1912,'4235',148,'3.0 i',2960,1988,1994,1),(1913,'4745',148,'2.0',1995,1995,2000,1),(1914,'7303',148,'3.0',2988,1995,2000,1),(1915,'14712',148,'2.5 V6 24V',2496,1995,2000,1),(1916,'14716',148,'2.0 V6 24V',1995,2000,2003,1),(1917,'14717',148,'2.5 V6 24V',2496,2000,2003,1),(1918,'14718',148,'3.0 V6 24V',2988,2000,2003,1),(1919,'14713',148,'2.0 QX',1995,1997,NULL,1),(1920,'14714',148,'2.5 V6 24V',2496,1997,NULL,1),(1921,'14715',148,'3.0 QX',2988,1997,NULL,1),(1922,'1022523',146,'K11',NULL,1993,2002,1),(1923,'1022524',146,'K12',NULL,2002,2007,1),(1924,'18970',146,'1.4 16V',1386,2005,NULL,1),(1925,'18972',146,'1.6 160 SR',1598,2005,NULL,1),(1926,'4105',146,'1.0',988,1982,1989,1),(1927,'4107',146,'1.0',988,1982,1989,1),(1928,'4109',146,'1.2',1235,1986,1992,1),(1929,'4110',146,'1.2',1235,1986,1992,1),(1930,'4112',146,'1.0 i 16V',998,1992,2000,1),(1931,'4779',146,'1.3 i 16V',1275,1992,2000,1),(1932,'9539',146,'1.5 D',1527,1998,2003,1),(1933,'15470',146,'1.0 i 16V',998,2000,2003,1),(1934,'15471',146,'1.4 i 16V',1348,2000,2003,1),(1935,'17158',146,'1.2 16V',1240,2003,2010,1),(1936,'17159',146,'1.4 16V',1386,2003,2010,1),(1937,'17180',146,'1.2 16V',1240,2003,2010,1),(1938,'17181',146,'1.5 dCi',1461,2003,2010,1),(1939,'17327',146,'1.5 dCi',1461,2003,2010,1),(1940,'18475',146,'1.0 16V',998,2003,2010,1),(1941,'18973',146,'160 SR',1598,2005,2010,1),(1942,'20080',146,'1.5 dCi',1461,2005,2010,1),(1943,'20082',146,'1.5 dCi',1461,2005,2010,1),(1944,'7043',146,'1.2',1198,2010,NULL,1),(1945,'7050',146,'1.2 DIG',1198,2011,NULL,1),(1946,'1021804',146,'0.9 ig-t',898,2016,NULL,1),(1947,'1021813',146,'1.0',998,2016,NULL,1),(1948,'1021814',146,'1.5 dci',1461,2016,NULL,1),(1949,'1022176',146,'1.0',998,2016,NULL,1),(1950,'1022525',493,'R20',NULL,1988,2006,1),(1951,'1020820',170,'Z50',NULL,2003,2007,1),(1952,'1020821',170,'Z51',NULL,2009,2014,1),(1953,'1020822',170,'Z52',NULL,2015,NULL,1),(1954,'18430',170,'3.5 4x4',3498,2003,NULL,1),(1955,'10309',170,'2.5 dCi 4x4',2488,2010,NULL,1),(1956,'29985',170,'3.5 4x4',3498,2008,NULL,1),(1957,'109569',170,'3.5 4x4',3498,2010,NULL,1),(1958,'119198',170,'3.5 ALL MODE 4x4-i',3498,2014,NULL,1),(1959,'119199',170,'2.5 dCi ALL MODE 4x4-i',2488,2014,NULL,1),(1960,'1021488',170,NULL,3498,2016,NULL,1),(1961,'1021489',170,NULL,3498,2016,NULL,1),(1962,'1021490',170,NULL,2488,2016,NULL,1),(1963,'1022527',172,'D40',NULL,2005,NULL,1),(1964,'1022538',172,'D22',NULL,1997,2004,1),(1965,'57648',172,'2.5 D 4x4',2488,2001,NULL,1),(1966,'1611',172,'2.5 dCi 4WD',2488,2009,NULL,1),(1967,'1620',172,'3.0 dCi 4WD',2993,2010,NULL,1),(1968,'18794',172,'2.5 dCi',2488,2005,NULL,1),(1969,'18795',172,'2.5 dCi 4WD',2488,2005,NULL,1),(1970,'23054',172,'2.5 dCi 4WD',2488,2006,NULL,1),(1971,'59303',172,'2.5 dCi 4WD',2488,2008,NULL,1),(1972,'5841',172,'2.5 dCi',2488,2010,NULL,1),(1973,'5842',172,'3.0 dCi',2993,2010,NULL,1),(1974,'1022536',494,'E11',NULL,2004,2013,1),(1975,'11178',494,'1.5 dCi',1461,2010,NULL,1),(1976,'19174',494,'1.4',1386,2006,NULL,1),(1977,'19175',494,'1.6',1598,2006,NULL,1),(1978,'19176',494,'1.5 dCi',1461,2006,NULL,1),(1979,'19177',494,'1.5 dCi',1461,2006,NULL,1),(1980,'31174',494,'1.5 dCi',1461,2008,NULL,1),(1981,'35456',494,'1.5 dCi',1461,2013,NULL,1),(1982,'58980',494,'1.2',1198,2013,NULL,1),(1983,'58981',494,'1.2 DIG',1198,2013,NULL,1),(1984,'1022537',933,'D22',NULL,1997,2004,1),(1985,'117805',933,'2.3 dCi 4x4 (D231)',2298,2015,NULL,1),(1986,'119256',933,'2.3 dCi',2298,2015,NULL,1),(1987,'1018617',934,'28.12',2488,2014,NULL,1),(1988,'1018626',934,'32.12',2488,2014,NULL,1),(1989,'1018627',934,'35.12',2488,2014,NULL,1),(1990,'1018628',934,'35.14, 35.15',2488,2014,NULL,1),(1991,'1018629',934,'45.15',2488,2014,NULL,1),(1992,'1018662',934,'35.12',2488,2014,NULL,1),(1993,'1018663',934,'35.14',2488,2014,NULL,1),(1994,'1021080',934,'28.12, 32.12, 35.12 (f91an)',2488,2014,NULL,1),(1995,'1021084',934,'35.14, 45.14',2488,2014,NULL,1),(1996,'1021085',934,'35.15, 45.15',2488,2014,NULL,1),(1997,'1021693',934,'35.13',2953,2016,NULL,1),(1998,'1021694',934,'35.15, 45.15',2953,2016,NULL,1),(1999,'1021800',934,'35.13',2953,2016,NULL,1),(2000,'1021801',934,'35.15, 45.15',2953,2016,NULL,1),(2001,'1019296',184,'56.15',2953,2013,NULL,1),(2002,'1019297',184,'65.15',2953,2013,NULL,1),(2003,'1019298',184,'75.18, 75.18 MTA',2953,2013,NULL,1),(2004,'1019299',184,'35.15, 35.15 HD',2953,2013,NULL,1),(2005,'10930',183,'1.5 dci (M20, M20M)',1461,2011,NULL,1),(2006,'10934',183,'1.5 dci (M20, M20M)',1461,2011,NULL,1),(2007,'33587',183,'1.6 16V (M20, M20M)',1598,2010,NULL,1),(2008,'33588',183,'1.5 dci (M20, M20M)',1461,2010,NULL,1),(2009,'108894',183,'e- (ME0)',NULL,2014,NULL,1),(2010,'10933',183,'1.5 dci (M20, M20M)',1461,2011,NULL,1),(2011,'10937',183,'1.5 dci (M20, M20M)',1461,2011,NULL,1),(2012,'33584',183,'1.6 16V (M20, M20M)',1598,2010,NULL,1),(2013,'33585',183,'1.5 dci (M20, M20M)',1461,2010,NULL,1),(2014,'108646',183,'e-NV (ME0)',NULL,2014,NULL,1),(2015,'1021581',935,'1.6 dci 125',1598,2016,NULL,1),(2016,'1021582',935,'1.6 dci 145',1598,2016,NULL,1),(2017,'1021799',935,'1.6 dci 95',1598,2016,NULL,1),(2018,'1021577',935,'1.6 dci 95',1598,2016,NULL,1),(2019,'1021578',935,'1.6 dci 120',1598,2016,NULL,1),(2020,'1021579',935,'1.6 dci 125',1598,2016,NULL,1),(2021,'1021580',935,'1.6 dci 145',1598,2016,NULL,1),(2022,'12540',936,'2.3 dCi',2299,2011,NULL,1),(2023,'12550',936,'2.3 dCi',2299,2011,NULL,1),(2024,'12551',936,'2.3 dCi [RWD]',2299,2011,NULL,1),(2025,'12552',936,'2.3 dCi',2299,2011,NULL,1),(2026,'12553',936,'2.3 dCi [RWD]',2299,2011,NULL,1),(2027,'107563',936,'2.3 dCi',2299,2014,NULL,1),(2028,'107564',936,'2.3 dCi',2299,2014,NULL,1),(2029,'107565',936,'2.3 dCi',2299,2014,NULL,1),(2030,'107566',936,'2.3 dCi [RWD]',2299,2014,NULL,1),(2031,'107567',936,'2.3 dCi [RWD]',2299,2014,NULL,1),(2032,'108457',936,'2.3 dCi [RWD]',2299,2014,NULL,1),(2033,'108461',936,'2.3 dCi',2299,2014,NULL,1),(2034,'1021574',936,'dci 130',2299,2016,NULL,1),(2035,'1021575',936,'dci 130 [rwd]',2299,2016,NULL,1),(2036,'1021576',936,'dci 170',2299,2016,NULL,1),(2037,'12512',936,'2.3 dCi',2299,2011,NULL,1),(2038,'12514',936,'2.3 dCi',2299,2011,NULL,1),(2039,'12518',936,'2.3 dCi',2299,2011,NULL,1),(2040,'107557',936,'2.3 dCi',2299,2014,NULL,1),(2041,'107559',936,'2.3 dCi',2299,2014,NULL,1),(2042,'107561',936,'2.3 dCi',2299,2014,NULL,1),(2043,'108455',936,'2.3 dCi',2299,2014,NULL,1),(2044,'116209',936,'2.3 dCi',2299,2015,NULL,1),(2045,'12513',936,'2.3 dCi',2299,2011,NULL,1),(2046,'12516',936,'2.3 dCi',2299,2011,NULL,1),(2047,'12524',936,'2.3 dCi',2299,2011,NULL,1),(2048,'12538',936,'2.3 dCi [RWD]',2299,2011,NULL,1),(2049,'12539',936,'2.3 dCi [RWD]',2299,2011,NULL,1),(2050,'107558',936,'2.3 dCi',2299,2014,NULL,1),(2051,'107560',936,'2.3 dCi',2299,2014,NULL,1),(2052,'107562',936,'2.3 dCi',2299,2014,NULL,1),(2053,'107568',936,'2.3 dCi [RWD]',2299,2014,NULL,1),(2054,'108459',936,'2.3 dCi [RWD]',2299,2014,NULL,1),(2055,'108460',936,'2.3 dCi',2299,2014,NULL,1),(2056,'111895',936,'2.3 dCi [RWD]',2299,2014,NULL,1),(2057,'1021569',936,'dci 130 [rwd]',2299,2016,NULL,1),(2058,'1021572',936,'dci 130',2299,2016,NULL,1),(2059,'1021573',936,'dci 170',2299,2016,NULL,1),(2060,'1020823',171,'R50',NULL,1996,2004,1),(2061,'1020824',171,'R51',NULL,2005,2012,1),(2062,'1020825',171,'R52',NULL,2013,NULL,1),(2063,'28921',171,'2.4',2389,1986,1989,1),(2064,'28922',171,'2.4 4WD',2389,1986,1995,1),(2065,'9549',171,'3.3 V6 4WD',3275,1997,2004,1),(2066,'9551',171,'2.7 TD 4WD',2664,1997,2004,1),(2067,'9556',171,'3.2 TD 4WD',3153,1997,2004,1),(2068,'15703',171,'3.5 V6 4WD',3498,2000,2004,1),(2069,'17642',171,'3.3 V6 4WD',3275,1998,2000,1),(2070,'18506',171,'2.5 dCi 4WD',2488,2005,NULL,1),(2071,'19182',171,'4.0 4WD',3954,2005,NULL,1),(2072,'23053',171,'2.5 dCi 4WD',2488,2006,NULL,1),(2073,'34757',171,'2.5 dCi 4WD',2488,2010,NULL,1),(2074,'34758',171,'3.0 dCi',2993,2010,NULL,1),(2075,'53614',171,'2.5 dCi 4WD',2488,2005,NULL,1),(2076,'113452',171,'2.5 dCi 4WD',2488,2012,NULL,1),(2077,'113456',171,'3.0 dCi 4WD',2993,2012,NULL,1),(2078,'1021649',171,'3.5 4wd',3498,2014,NULL,1),(2079,'1020826',160,'Y60',NULL,1987,1997,1),(2080,'1020827',160,'Y61',NULL,1997,2013,1),(2081,'1020828',160,'Y62',NULL,2010,NULL,1),(2082,'4326',160,'2.8 TD (Y60A)',2826,1988,1997,1),(2083,'7295',160,'4.2 D (Y60GR)',4169,1988,1997,1),(2084,'10739',160,'4.2 KAT',4169,1988,1998,1),(2085,'9994',160,'2.8 TD',2826,1997,2000,1),(2086,'14902',160,'3.0 DTi',2953,2000,NULL,1),(2087,'19683',160,'3.0 DTi',2953,2000,NULL,1),(2088,'20673',160,'4.8',4759,2000,NULL,1),(2089,'28780',160,'4.2',4169,2000,2002,1),(2090,'28781',160,'2.8 TDiC',2826,1997,2000,1),(2091,'4319',160,'2.8 (K160)',2753,1980,1988,1),(2092,'4320',160,'2.8 (K160)',2753,1980,1988,1),(2093,'4322',160,'3.2 D (K160)',3246,1979,1988,1),(2094,'4324',160,'3.2 TD (K160)',3246,1983,1988,1),(2095,'27192',160,'2.8 D',2820,1983,1989,1),(2096,'27193',160,'2.8 D',2820,1983,1989,1),(2097,'27194',160,'2.8 TD',2820,1984,1989,1),(2098,'4318',160,'2.8 (W160)',2753,1980,1988,1),(2099,'4321',160,'3.2 D (W160)',3246,1979,1988,1),(2100,'4323',160,'3.2 TD (W160)',3246,1983,1988,1),(2101,'8726',160,'3.2 D',3246,1988,1990,1),(2102,'10923',160,'2.8',2753,1986,1990,1),(2103,'11441',160,'2.8 TD',2826,1986,1990,1),(2104,'27198',160,'2.8 D',2826,1989,1996,1),(2105,'27199',160,'2.8 D',2820,1989,1998,1),(2106,'4325',160,'2.8 TD',2826,1989,1995,1),(2107,'7296',160,'3.2 D',3224,1988,1990,1),(2108,'1022435',160,'2.8 d 4x4',2820,1989,1993,1),(2109,'1022436',160,'2.8 d 4x4',2820,1989,1998,1),(2110,'34895',160,'5.6',5552,2010,NULL,1),(2111,'100398',160,'5.6',5552,2013,NULL,1),(2112,'1022531',153,'M11',NULL,1988,1998,1),(2113,'4327',153,'1.8 SGL (M10)',1809,1983,1985,1),(2114,'4328',153,'1.8 SGL (M10)',1809,1985,1987,1),(2115,'4329',153,'2.0 4x4 (NM10)',1974,1986,1988,1),(2116,'7304',153,'1.5 S (M10)',1488,1984,1987,1),(2117,'4330',153,'2.0 i',1974,1988,1992,1),(2118,'4331',153,'2.4 i',2389,1992,1994,1),(2119,'4516',153,'2.0 i 4x4',1974,1988,1992,1),(2120,'9119',153,'2.4 i 4x4',2389,1992,1994,1),(2121,'1022519',190,'U30',NULL,1998,2003,1),(2122,'1020873',154,'P10',NULL,1990,1996,1),(2123,'1020874',154,'P11',NULL,1995,2002,1),(2124,'1020875',154,'P12',NULL,2001,2007,1),(2125,'4264',154,'1.6',1597,1990,1996,1),(2126,'4266',154,'2.0 16V',1998,1990,1996,1),(2127,'4268',154,'2.0 GT',1998,1990,1996,1),(2128,'4269',154,'2.0 D',1974,1991,1996,1),(2129,'4339',154,'2.0 i',1998,1995,1996,1),(2130,'9161',154,'2.0 16V 4x4',1998,1991,1996,1),(2131,'19696',154,'1.6',1597,1993,1996,1),(2132,'7851',154,'1.6 16V',1597,1996,2000,1),(2133,'7852',154,'1.6 16V',1597,1996,2001,1),(2134,'7853',154,'2.0 16V',1998,1996,2001,1),(2135,'7854',154,'2.0 16V',1998,1996,2001,1),(2136,'7855',154,'2.0 16V',1998,1996,2001,1),(2137,'7856',154,'2.0 TD',1974,1996,2001,1),(2138,'13670',154,'1.8 16V',1769,1999,2001,1),(2139,'13740',154,'2.0 16V',1998,1999,2001,1),(2140,'16107',154,'1.6 16V',1597,1996,2001,1),(2141,'16272',154,'1.8',1769,2002,NULL,1),(2142,'16273',154,'2.0',1998,2002,NULL,1),(2143,'16274',154,'2.2 Di',2184,2002,NULL,1),(2144,'16591',154,'1.6',1597,2002,NULL,1),(2145,'17536',154,'1.9 dCi',1870,2003,NULL,1),(2146,'17541',154,'2.2 dCi',2184,2003,NULL,1),(2147,'23185',154,'1.6',1597,2002,NULL,1),(2148,'23201',154,'1.9 dCi',1870,2002,NULL,1),(2149,'4270',154,'1.6',1597,1990,1996,1),(2150,'4271',154,'2.0 16V',1998,1990,1996,1),(2151,'4340',154,'2.0 i',1998,1995,1996,1),(2152,'9162',154,'2.0 16V 4x4',1998,1991,1996,1),(2153,'7857',154,'1.6 16V',1597,1996,2002,1),(2154,'7858',154,'1.6 16V',1597,1996,2002,1),(2155,'7859',154,'2.0 16V',1998,1996,2002,1),(2156,'7860',154,'2.0 16V',1998,1996,2002,1),(2157,'7861',154,'2.0 16V',1998,1996,2002,1),(2158,'7862',154,'2.0 TD',1974,1996,2002,1),(2159,'13671',154,'1.8 16V',1769,1999,2002,1),(2160,'13739',154,'2.0 16V',1998,1999,2002,1),(2161,'16106',154,'1.6 16V',1597,2000,2002,1),(2162,'16921',154,'1.6',1597,2002,NULL,1),(2163,'16922',154,'1.8',1769,2002,NULL,1),(2164,'16923',154,'2.0',1998,2002,NULL,1),(2165,'16924',154,'2.2 Di',2184,2002,NULL,1),(2166,'17538',154,'1.9 dCi',1870,2003,NULL,1),(2167,'17543',154,'2.2 dCi',2184,2003,NULL,1),(2168,'23186',154,'1.6',1597,2002,NULL,1),(2169,'23200',154,'1.9 dCi',1870,2002,NULL,1),(2170,'4272',154,'1.6 i',1597,1990,1998,1),(2171,'4273',154,'2.0 i',1998,1990,1998,1),(2172,'4274',154,'2.0 D',1974,1990,1995,1),(2173,'4337',154,'1.6 i',1597,1991,1998,1),(2174,'9520',154,'1.6 16V',1597,1998,2001,1),(2175,'9521',154,'1.6 16V',1597,1998,2001,1),(2176,'9522',154,'2.0 16V',1998,1996,2001,1),(2177,'9523',154,'2.0 16V',1998,1998,2001,1),(2178,'9524',154,'2.0 TD',1974,1998,2001,1),(2179,'13672',154,'1.8 16V',1769,1999,2001,1),(2180,'13741',154,'2.0 16V',1998,1999,2001,1),(2181,'118805',154,'1.6 16V',1597,1998,2002,1),(2182,'16275',154,'1.8',1769,2002,NULL,1),(2183,'16276',154,'2.0',1998,2002,NULL,1),(2184,'16277',154,'2.2 Di',2184,2002,NULL,1),(2185,'17539',154,'1.9 dCi',1870,2003,NULL,1),(2186,'17540',154,'2.2 dCi',2184,2003,NULL,1),(2187,'20403',154,'1.6 Visia',1597,2002,NULL,1),(2188,'23202',154,'1.9 dCi',1870,2002,NULL,1),(2189,'1022521',191,'N14',NULL,1990,1995,1),(2190,'1022488',173,'J10',NULL,2006,2013,1),(2191,'1022513',173,'J11',NULL,2013,NULL,1),(2192,'100506',173,'1.2 DIG-T',1197,2013,NULL,1),(2193,'100507',173,'1.5 dCi',1461,2013,NULL,1),(2194,'100508',173,'1.6 dCi',1598,2013,NULL,1),(2195,'100509',173,'1.6 dCi 4x4',1598,2013,NULL,1),(2196,'1020948',173,NULL,1997,2014,NULL,1),(2197,'1021277',173,NULL,1997,2015,NULL,1),(2198,'11136',173,'1.5 dCi',1461,2010,NULL,1),(2199,'11137',173,'1.6',1598,2010,NULL,1),(2200,'11138',173,'2.0',1997,2007,NULL,1),(2201,'11140',173,'2.0 Привод на все колеса',1997,2007,NULL,1),(2202,'11757',173,'1.6 dCi Привод на все колеса',1598,2011,NULL,1),(2203,'11758',173,'1.6 dCi',1598,2011,NULL,1),(2204,'19883',173,'1.6',1598,2007,NULL,1),(2205,'19887',173,'1.5 dCi',1461,2007,NULL,1),(2206,'19888',173,'2.0 dCi',1995,2007,NULL,1),(2207,'22942',173,'2.0 dCi Привод на все колеса',1995,2007,NULL,1),(2208,'31058',173,'1.5 dCi',1461,2008,NULL,1),(2209,'1020362',173,'Nissan Qashqai (J10E) 2.0 4WD',1997,2007,NULL,1),(2210,'1022487',186,'R50',NULL,1996,2004,1),(2211,'1022539',937,'_',NULL,1997,2001,1),(2212,'1022522',938,'B17',NULL,2013,NULL,1),(2213,'114374',938,'1.6',1598,2014,NULL,1),(2214,'1022518',161,'C23',NULL,1991,2000,1),(2215,'4305',161,'2.3 D',2283,1995,2001,1),(2216,'4306',161,'2.0 16V',1998,1992,2001,1),(2217,'4307',161,'1.6 16V',1597,1993,2001,1),(2218,'4308',161,'2.0 D',1952,1992,2001,1),(2219,'1021820',161,NULL,1974,1991,2001,1),(2220,'14267',164,'1.8',1770,1979,1983,1),(2221,'4303',164,'2.0 GP',1991,1984,1988,1),(2222,'1021461',164,'2000',1998,1999,2002,1),(2223,'1021462',164,'2000',1998,1999,2002,1),(2224,'1021463',164,'2000 turbo',1998,2000,2003,1),(2225,'1021464',164,'2000 turbo',1998,2000,2003,1),(2226,'1020829',185,'R33',NULL,1993,1998,1),(2227,'1020830',185,'R34',NULL,1998,2002,1),(2228,'4196',156,'1.6',1598,1981,1985,1),(2229,'5055',156,'1.8 SGL',1809,1983,1985,1),(2230,'4197',156,'1.6',1598,1981,1985,1),(2231,'4198',156,'1.8',1809,1981,1985,1),(2232,'4199',156,'1.8',1809,1981,1985,1),(2233,'46480',156,'2.4',2389,1989,1992,1),(2234,'1022520',147,'N14',NULL,1990,1995,1),(2235,'4130',147,'1.4 (HBL310)',1397,1970,1982,1),(2236,'4136',147,'1.4 (HBL310)',1397,1979,1982,1),(2237,'4137',147,'1.5 (HBL310)',1488,1979,1982,1),(2238,'4142',147,'1.5',1488,1982,1986,1),(2239,'4145',147,'1.7 D',1681,1982,1986,1),(2240,'4150',147,'1.5',1488,1982,1986,1),(2241,'4152',147,'1.7 D',1681,1982,1986,1),(2242,'17927',147,'1.3',1269,1982,1990,1),(2243,'4146',147,'1.5',1488,1982,1986,1),(2244,'4155',147,'1.4 LX',1392,1988,1991,1),(2245,'4156',147,'1.6 i',1597,1986,1990,1),(2246,'4161',147,'1.6 i 4x4 (A)',1597,1986,1990,1),(2247,'4164',147,'1.6 i 12V',1597,1988,1991,1),(2248,'4166',147,'1.7 D',1681,1986,1989,1),(2249,'7293',147,'1.3',1269,1986,1991,1),(2250,'7319',147,'1.6',1597,1986,1988,1),(2251,'9149',147,'1.6 GTI 16V',1598,1987,1988,1),(2252,'9151',147,'1.5',1487,1986,1988,1),(2253,'4159',147,'1.6 i 12V',1597,1986,1990,1),(2254,'4172',147,'1.6 i',1597,1986,1990,1),(2255,'4173',147,'1.6 GTI 16V',1598,1987,1989,1),(2256,'4174',147,'1.8 GTI 16V',1809,1989,1991,1),(2257,'4175',147,'1.7 D',1681,1986,1991,1),(2258,'5037',147,'1.4 LX',1392,1989,1991,1),(2259,'7308',147,'1.3',1269,1986,1988,1),(2260,'7320',147,'1.6',1597,1986,1988,1),(2261,'9150',147,'1.5',1487,1986,1988,1),(2262,'4180',147,'1.6 i',1598,1986,1989,1),(2263,'4181',147,'1.6 i 4x4 (A)',1598,1986,1989,1),(2264,'4182',147,'1.6 i 12V',1597,1988,1991,1),(2265,'4183',147,'1.7 D',1681,1986,1991,1),(2266,'7318',147,'1.6',1597,1986,1988,1),(2267,'9153',147,'1.5',1487,1986,1988,1),(2268,'4176',147,'1.6 i',1597,1986,1989,1),(2269,'4177',147,'1.6 i 12V',1597,1988,1991,1),(2270,'4178',147,'1.6 GTI 16V',1598,1987,1989,1),(2271,'4179',147,'1.8 GTI 16V',1809,1989,1991,1),(2272,'7317',147,'1.6',1597,1986,1988,1),(2273,'9152',147,'1.5',1487,1986,1988,1),(2274,'4184',147,'2.0 D',1974,1990,1995,1),(2275,'4185',147,'1.4 i',1392,1990,1995,1),(2276,'4186',147,'1.6 i',1597,1990,1995,1),(2277,'7310',147,'1.6 i 16V',1597,1992,1995,1),(2278,'10659',147,'1.6 i 16V 4WD',1597,1990,1995,1),(2279,'23667',147,'1.6 4x4',1597,1992,1995,1),(2280,'4190',147,'1.4 i',1392,1990,1995,1),(2281,'4191',147,'2.0 GTI 16V',1998,1990,1995,1),(2282,'4192',147,'2.0 D',1974,1990,1995,1),(2283,'4517',147,'2.0 GTI-R 4x4',1998,1990,1995,1),(2284,'4780',147,'1.6 i',1597,1990,1995,1),(2285,'4187',147,'2.0 D',1974,1990,1995,1),(2286,'4188',147,'1.4 i',1392,1990,1995,1),(2287,'4189',147,'1.6 i',1597,1990,1995,1),(2288,'10645',147,'2.0 i 16V',1998,1990,1995,1),(2289,'4193',147,'1.6 i',1597,1991,2000,1),(2290,'4194',147,'1.6 i 16V 4x4',1597,1992,2000,1),(2291,'4195',147,'2.0 D',1974,1991,2000,1),(2292,'10639',147,'1.7 D',1681,1990,2000,1),(2293,'10646',147,'1.6 i 16V',1597,1992,2000,1),(2294,'4139',147,'1.4 (HBL310)',1397,1979,1982,1),(2295,'4141',147,'1.5 (HBL310)',1488,1979,1982,1),(2296,'59576',147,'1.8',1798,2012,NULL,1),(2297,'1020831',182,'J31',NULL,2003,2008,1),(2298,'1020832',182,'J32',NULL,2008,2013,1),(2299,'1020833',182,'L33',NULL,2013,NULL,1),(2300,'33420',182,'2.0',1998,2003,2008,1),(2301,'33421',182,'2.3',2349,2003,2008,1),(2302,'33422',182,'3.5',3498,2003,2008,1),(2303,'33423',182,'3.5',3498,2008,2013,1),(2304,'33424',182,'2.5',2496,2008,2013,1),(2305,'33425',182,'2.3',2349,2008,2013,1),(2306,'1020368',182,'Nissan Teana  (J32) 2.5 4WD',2496,2008,2011,1),(2307,'107402',182,'2.0',1997,2014,NULL,1),(2308,'107403',182,'2.5 (L33L, L33R, L33T)',2488,2014,NULL,1),(2309,'111445',157,'1.6',1598,2013,NULL,1),(2310,'1022122',157,'(d10) 2.0',1998,2014,NULL,1),(2311,'4316',157,'2.4 i 4WD',2389,1987,1993,1),(2312,'4317',157,'2.7 TD 4WD',2664,1989,1996,1),(2313,'7436',157,'3.0 i 4WD',2960,1990,1995,1),(2314,'4314',157,'2.7 TD 4WD',2664,1993,2002,1),(2315,'4315',157,'2.4 i 12V 4WD',2389,1993,1996,1),(2316,'5988',157,'2.4 4WD',2389,1996,2002,1),(2317,'5989',157,'2.4 4WD',2389,1996,2007,1),(2318,'5990',157,'2.7 TDi 4WD',2664,1996,2007,1),(2319,'16773',157,'3.0 Di 4WD',2953,2002,2007,1),(2320,'1022541',157,'R20',NULL,1988,2006,1),(2321,'1020834',175,'C11',NULL,2004,2012,1),(2322,'1020835',175,'C12',NULL,2011,NULL,1),(2323,'25304',175,'1.6',1598,2004,2007,1),(2324,'25351',175,'1.6 4x4',1598,2004,2007,1),(2325,'23467',175,'1.6',1598,2007,NULL,1),(2326,'23468',175,'1.8',1798,2007,NULL,1),(2327,'23469',175,'1.5 dCi',1461,2007,NULL,1),(2328,'1022428',175,'1.6',1598,2012,NULL,1),(2329,'107484',175,'1.2 DIG-T',1197,2014,NULL,1),(2330,'107485',175,'1.5 dCi',1461,2014,NULL,1),(2331,'109967',175,'1.6 DIG-T',1618,2015,NULL,1),(2332,'23488',175,'1.6',1598,2007,NULL,1),(2333,'23489',175,'1.8',1798,2007,NULL,1),(2334,'23490',175,'1.5 dCi',1461,2007,NULL,1),(2335,'28912',939,'2.3 D',2283,1998,2001,1),(2336,'28913',939,'2.7 TD',2664,1998,2004,1),(2337,'28914',939,'3.0 TD',2953,1998,2004,1),(2338,'28918',939,'3.0 TDiC',2953,1996,2001,1),(2339,'30262',939,'2.3 D',2283,1996,2001,1),(2340,'28923',939,'2.0 D',1952,1993,1998,1),(2341,'28924',939,'3.0 D',2953,1993,1998,1),(2342,'28927',939,'2.0 D',1952,1986,1993,1),(2343,'28928',939,'2.8 D',2820,1986,1994,1),(2344,'34266',939,'3.0 D',2953,1996,1998,1),(2345,'34268',939,'3.0 D',2953,1994,1998,1),(2346,'28910',939,'3.0 TDiC',2953,1996,2001,1),(2347,'28919',939,'3.0 TDiC',2953,1996,2001,1),(2348,'28926',939,'2.0 D',1952,1986,1993,1),(2349,'28929',939,'3.0 D',2953,1993,1998,1),(2350,'28930',939,'2.0 D',1952,1993,1998,1),(2351,'34267',939,'100',2953,1996,1998,1),(2352,'34269',939,'75',2283,1997,2000,1),(2353,'7287',158,'2.0 (E23B)',1952,1982,1988,1),(2354,'7289',158,'2.3 D (E23B)',2289,1985,1988,1),(2355,'4312',158,'2.4 i',2389,1989,1993,1),(2356,'4313',158,'2.5 D',2494,1989,1996,1),(2357,'7285',158,'2.0',1982,1981,1982,1),(2358,'7286',158,'2.2 D',2164,1981,1982,1),(2359,'7297',158,'2.3 D',2289,1982,1987,1),(2360,'23655',158,'1.8',1809,1984,1987,1),(2361,'10648',158,'2.0',1952,1987,1997,1),(2362,'10649',158,'2.3 D',2289,1988,1997,1),(2363,'10720',158,'2.5 D',2494,1988,1997,1),(2364,'28789',158,'2.0',1952,1987,1994,1),(2365,'1022530',162,'C22',NULL,1985,1994,1),(2366,'9327',162,'2.3 D',2283,1996,NULL,1),(2367,'9328',162,'2.0 D',1952,1996,NULL,1),(2368,'9329',162,'1.6 i',1597,1996,NULL,1),(2369,'30088',162,'1.6',1597,1994,2001,1),(2370,'9324',162,'1.6 i',1597,1995,NULL,1),(2371,'9326',162,'2.3 D',2283,1995,NULL,1),(2372,'30087',162,'1.6',1597,1994,2001,1),(2373,'1021633',162,'2.0 d',1952,1995,2001,1),(2374,'4333',162,'2.4 i (SLC22)',2389,1986,1995,1),(2375,'4334',162,'2.4 i (SLC22)',2389,1986,1995,1),(2376,'4335',162,'2.0 D (ULC22)',1952,1986,1995,1),(2377,'18493',162,'1.5',1488,1986,1995,1),(2378,'4332',162,'1.5',1488,1983,1987,1),(2379,'10819',162,'2.0 D',1952,1991,1995,1),(2380,'18494',162,'1.5',1488,1986,1995,1),(2381,'1022585',192,'WD22',NULL,1999,2004,1),(2382,'1020836',166,'T30',NULL,2000,2007,1),(2383,'1020837',166,'T31',NULL,2007,2013,1),(2384,'1020838',166,'T32',NULL,2013,NULL,1),(2385,'15969',166,'2.0 4x4',1998,2001,2013,1),(2386,'15970',166,'2.2 Di 4x4',2184,2001,2005,1),(2387,'17194',166,'2.5 4x4',2488,2002,2013,1),(2388,'17887',166,'2.2 dCi 4x4',2184,2003,2013,1),(2389,'19069',166,'2.0',1998,2001,2013,1),(2390,'19070',166,'2.2 dCi',2184,2003,2013,1),(2391,'20823',166,'2.0',1998,2001,2013,1),(2392,'20824',166,'2.5 4x4',2488,2002,2013,1),(2393,'21555',166,'2.0 4x4',1998,2001,2013,1),(2394,'21556',166,'2.0 4x4',1998,2001,2013,1),(2395,'4471',166,'2.0 dCi FWD',1995,2007,2013,1),(2396,'23196',166,'2.0 dCi',1995,2007,2013,1),(2397,'23197',166,'2.0',1997,2007,2013,1),(2398,'23198',166,'2.0 dCi',1995,2007,2013,1),(2399,'23199',166,'2.5 4x4',2488,2007,2013,1),(2400,'29490',166,'2.0 FWD',1998,2008,2013,1),(2401,'29491',166,'2.0',1998,2008,2013,1),(2402,'106464',166,'1.6 dCi',1598,2013,NULL,1),(2403,'106465',166,'1.6 dCi 4x4',1598,2013,NULL,1),(2404,'109636',166,'2.0',1997,2014,NULL,1),(2405,'116533',166,'1.6 DIG-T',1618,2015,NULL,1),(2406,'1020946',166,'2.5 all mode 4x4-i (nt32)',2488,2013,NULL,1),(2407,'1021425',166,'2.0 all mode 4x4-i (nt32)',1997,2014,NULL,1),(2408,'1021956',166,'2.0 dci (t32)',1995,2016,NULL,1),(2409,'1021957',166,'2.0 dci all mode 4x4-i (nt32)',1995,2016,NULL,1),(2410,'55122',248,'2.0',1998,2012,NULL,1),(2411,'1020763',239,'SF',NULL,1997,2002,1),(2412,'1020764',239,'SG',NULL,2002,2004,1),(2413,'1020765',239,'SH',NULL,2008,2012,1),(2414,'1020766',239,'SJ',NULL,2013,2018,1),(2415,'1022608',239,'SG',NULL,2005,NULL,1),(2416,'8785',239,'2.0 AWD',1994,1997,2002,1),(2417,'10159',239,'2.0 S Turbo AWD',1994,1998,2001,1),(2418,'10160',239,'2.0 AWD',1994,1998,2002,1),(2419,'15990',239,'2.0 S Turbo AWD',1994,2001,2002,1),(2420,'16998',239,'2.0 AWD',1994,2002,NULL,1),(2421,'16999',239,'2.0 S Turbo AWD',1994,2002,NULL,1),(2422,'18429',239,'2.5 AWD',2457,2003,NULL,1),(2423,'19156',239,'2.0 X AWD',1994,2005,NULL,1),(2424,'19157',239,'2.5 XT AWD',2457,2005,NULL,1),(2425,'9777',239,'2.0 AWD',1995,2010,NULL,1),(2426,'9778',239,'2.5 AWD',2457,2009,NULL,1),(2427,'30814',239,'2.0 AWD',1994,2008,NULL,1),(2428,'30815',239,'2.0 D AWD',1998,2008,NULL,1),(2429,'56207',239,'2.5 Turbo AWD',2457,2011,NULL,1),(2430,'59877',239,'2.5 AWD',2498,2011,NULL,1),(2431,'111485',239,'2.0 AWD',1998,2012,NULL,1),(2432,'58700',239,'2.0 X AWD',1995,2013,NULL,1),(2433,'58701',239,'2.0 D AWD',1998,2013,NULL,1),(2434,'58702',239,'2.0 XT AWD',1998,2013,NULL,1),(2435,'5352',238,'2.0 AWD',1994,1995,2000,1),(2436,'8838',238,'1.6',1597,1996,2000,1),(2437,'8839',238,'1.6 AWD',1597,1996,2000,1),(2438,'8840',238,'2.0 Turbo AWD',1994,1996,2000,1),(2439,'20454',238,'2.0',1994,1998,2000,1),(2440,'20455',238,'2.0 AWD',1994,1998,2000,1),(2441,'12306',238,'2.5 WRX AWD',2457,2005,2007,1),(2442,'1020360',238,'Subaru Impreza хэтчбек 2.5 4WD',2457,2007,NULL,1),(2443,'59424',238,'1.6 i',1600,2012,NULL,1),(2444,'59425',238,'1.6 i AWD',1600,2012,NULL,1),(2445,'28273',238,'1.5 F',1498,2008,NULL,1),(2446,'29730',238,'2.0 R AWD',1994,2008,NULL,1),(2447,'29732',238,'2.5 WRX STI AWD',2457,2008,NULL,1),(2448,'30355',238,'1.5 AWD',1498,2008,NULL,1),(2449,'30897',238,'2.0 D AWD',1998,2009,NULL,1),(2450,'1020357',238,'Subaru Impreza хэтчбек 1.5 4WD',1498,2007,NULL,1),(2451,'1020364',238,'Subaru Impreza 2.0 TD AWD',1994,2007,NULL,1),(2452,'1022469',238,'2.5 wrx se awd',2457,2008,NULL,1),(2453,'4432',238,'1.6 i AWD',1597,1992,2000,1),(2454,'4434',238,'1.8 i AWD',1820,1992,2000,1),(2455,'4441',238,'2.0 Turbo GT AWD',1994,1994,2000,1),(2456,'5353',238,'2.0 i AWD',1994,1995,2000,1),(2457,'8837',238,'1.6 i',1597,1992,2000,1),(2458,'11411',238,'1.6 i',1597,1998,2000,1),(2459,'11413',238,'2.0 i AWD',1994,1998,2000,1),(2460,'11414',238,'2.0 Turbo GT AWD',1994,1998,2000,1),(2461,'11499',238,'1.6 i AWD',1597,1998,2000,1),(2462,'20427',238,'2.0 AWD',1994,1998,2000,1),(2463,'23584',238,'2.0 i',1994,1998,2000,1),(2464,'28317',238,'2.0 i',1994,1996,1998,1),(2465,'15432',238,'1.6 AWD',1597,2000,NULL,1),(2466,'15435',238,'2.0 i AWD',1994,2000,NULL,1),(2467,'15436',238,'2.0 WRX Turbo AWD',1994,2000,NULL,1),(2468,'16316',238,'2.0 WRX STi AWD',1994,2001,NULL,1),(2469,'17195',238,'2.0 WRX Turbo AWD',1994,2002,NULL,1),(2470,'19151',238,'2.0 i R AWD',1994,2005,NULL,1),(2471,'19152',238,'2.5 i WRX AWD',2457,2005,NULL,1),(2472,'19153',238,'2.5 WRX STi AWD',2457,2005,NULL,1),(2473,'19880',238,'1.5 AWD',1498,2006,NULL,1),(2474,'20808',238,'2.0 AWD',1994,2005,NULL,1),(2475,'1020361',238,'Subaru Impreza седан 1.5 4WD',1498,2008,NULL,1),(2476,'1020367',238,'Subaru Impreza седан 2.0 4WD',1994,2008,NULL,1),(2477,'112818',238,'1.6 AWD',1599,2015,NULL,1),(2478,'55262',238,'2.0 i AWD',1994,2011,NULL,1),(2479,'56222',238,'2.5 WRX STI AWD',2457,2011,NULL,1),(2480,'1022468',238,'2.5 wrx se awd',2457,2011,NULL,1),(2481,'4435',238,'1.6 i AWD',1597,1992,2000,1),(2482,'4438',238,'1.8 i AWD',1820,1992,2000,1),(2483,'4442',238,'2.0 i Turbo AWD',1994,1994,2000,1),(2484,'11412',238,'1.6 i',1597,1998,2000,1),(2485,'11500',238,'2.0 i 16V AWD',1994,1998,2000,1),(2486,'11501',238,'2.0 Turbo GT AWD',1994,1998,2000,1),(2487,'11502',238,'1.6 i AWD',1597,1998,2000,1),(2488,'14204',238,'2.0 i AWD',1994,1995,2000,1),(2489,'15433',238,'1.6 AWD',1597,2000,NULL,1),(2490,'15434',238,'2.0 AWD',1994,2000,NULL,1),(2491,'15437',238,'2.0 Turbo AWD',1994,2000,NULL,1),(2492,'17196',238,'2.0 WRX Turbo AWD',1994,2002,NULL,1),(2493,'19154',238,'2.0 i R AWD',1994,2005,2007,1),(2494,'19155',238,'2.5 WRX AWD',2457,2005,NULL,1),(2495,'19882',238,'1.5 AWD',1498,2006,NULL,1),(2496,'20810',238,'2.0 WRX STi AWD',1994,2005,NULL,1),(2497,'1020767',238,'(GM,GC,GF)',NULL,1992,2000,1),(2498,'1020769',238,'GD,GG',NULL,2000,2007,1),(2499,'1022582',238,'(GJ,GP)',NULL,2011,2016,1),(2500,'1022583',238,'(GE,GV,GH,GR)',NULL,2007,2014,1),(2501,'4403',236,'1000',998,1984,1989,1),(2502,'4407',236,'1000 4WD (KAD-A)',998,1984,1990,1),(2503,'4409',236,'1000',998,1987,1995,1),(2504,'4410',236,'1000 4WD (KAD-A)',998,1987,1994,1),(2505,'4411',236,'1200',1190,1987,1995,1),(2506,'4412',236,'1200 4WD (KAD-A)',1190,1987,1991,1),(2507,'4413',236,'1200 4WD',1190,1990,1994,1),(2508,'4414',236,'1200 4WD',1190,1986,1990,1),(2509,'5214',236,'1.3 GX 4x4',1298,1995,2003,1),(2510,'15954',236,'1.3 4x4',1298,2001,2003,1),(2511,'17656',236,'1.3 AWD',1328,2003,NULL,1),(2512,'17657',236,'1.5 AWD',1490,2003,NULL,1),(2513,'30436',236,'1.0',998,2007,NULL,1),(2514,'1020855',234,'(BD.BG,BK)',NULL,1993,1999,1),(2515,'1020856',234,'(BN,BS)',NULL,2014,NULL,1),(2516,'1020857',234,'(BL,BP)',NULL,2003,2009,1),(2517,'1020858',234,'(BM,BR)',NULL,2009,2014,1),(2518,'1020859',234,'(BC,BF,BJ)',NULL,1989,1993,1),(2519,'1022581',234,'(BE,BH,BT)',NULL,1998,2004,1),(2520,'4420',234,'1800 4WD',1820,1989,1991,1),(2521,'4421',234,'2000 4WD',1994,1991,1994,1),(2522,'4422',234,'2200 4WD',2212,1989,1994,1),(2523,'4423',234,'2000 Turbo 4WD',1994,1992,1994,1),(2524,'13285',234,'1800',1820,1989,1993,1),(2525,'20426',234,'2.0 GL',1994,1991,1993,1),(2526,'28316',234,'2.0',1994,1991,1993,1),(2527,'4425',234,'1800 4WD',1820,1989,1994,1),(2528,'4427',234,'2000 4WD',1994,1991,1994,1),(2529,'4428',234,'2000 Turbo Super 4WD',1994,1992,1994,1),(2530,'4429',234,'2200 Super 4WD',2212,1989,1994,1),(2531,'13286',234,'1800',1820,1989,1994,1),(2532,'17550',234,'2000',1994,1991,1993,1),(2533,'20420',234,'2.2',2212,1989,1991,1),(2534,'4443',234,'2.0 i',1994,1994,1999,1),(2535,'4444',234,'2.0 i 4WD',1994,1994,1999,1),(2536,'4445',234,'2.2 i 4WD',2212,1994,1999,1),(2537,'9387',234,'2.5 i 4WD',2457,1996,1999,1),(2538,'10721',234,'2.2 i 4WD',2212,1996,1999,1),(2539,'20418',234,'1.8 4WD',1820,1996,1998,1),(2540,'4446',234,'2.0 i',1994,1994,1998,1),(2541,'4447',234,'2.0 i 4WD',1994,1994,1998,1),(2542,'4448',234,'2.2 i 4WD',2212,1994,1998,1),(2543,'9388',234,'2.5 i 4WD',2457,1996,1998,1),(2544,'10722',234,'2.2 i 4WD',2212,1996,1998,1),(2545,'11248',234,'2.0 AWD',1994,1999,2003,1),(2546,'11345',234,'2.5 AWD',2457,1998,2003,1),(2547,'20702',234,'2.0 RSK AWD',1994,2000,2003,1),(2548,'11245',234,'2.5 AWD',2457,1998,2003,1),(2549,'11246',234,'2.0 AWD',1994,1998,2003,1),(2550,'17660',234,'2.0 AWD',1994,2003,NULL,1),(2551,'17663',234,'2.5 AWD',2457,2003,NULL,1),(2552,'17664',234,'3.0 R AWD',3000,2003,NULL,1),(2553,'28382',234,'2.0 AWD',1994,2005,NULL,1),(2554,'28383',234,'2.0 AWD',1994,2005,NULL,1),(2555,'28384',234,'2.0 AWD',1994,2005,NULL,1),(2556,'30818',234,'2.0 R AWD',1994,2007,NULL,1),(2557,'30819',234,'2.0 D AWD',1998,2008,NULL,1),(2558,'30820',234,'2.5 i AWD',2457,2007,NULL,1),(2559,'1022118',234,NULL,1994,2005,2012,1),(2560,'17661',234,'2.0 AWD',1994,2003,NULL,1),(2561,'17662',234,'2.5 AWD',2457,2003,NULL,1),(2562,'17665',234,'3.0 R AWD',3000,2003,NULL,1),(2563,'20884',234,'2.0 AWD',1994,2005,NULL,1),(2564,'20885',234,'2.0 AWD',1994,2005,NULL,1),(2565,'20886',234,'2.0 AWD',1994,2005,NULL,1),(2566,'30432',234,'2.5 i AWD',2457,2008,NULL,1),(2567,'30435',234,'2.0 D AWD',1998,2008,NULL,1),(2568,'30817',234,'2.0 R AWD',1994,2007,NULL,1),(2569,'30689',234,'2.5',2457,1996,1999,1),(2570,'32124',234,'2.0 i AWD',1994,2009,NULL,1),(2571,'32125',234,'2.5 i AWD',2457,2009,NULL,1),(2572,'32126',234,'2.0 D AWD',1998,2009,NULL,1),(2573,'33693',234,'2.5 GT AWD',2457,2010,NULL,1),(2574,'32127',234,'2.0 D AWD',1998,2009,NULL,1),(2575,'32128',234,'2.0 i AWD',1994,2009,NULL,1),(2576,'32129',234,'2.5 i AWD',2457,2009,NULL,1),(2577,'59427',234,'2.5 i AWD',2498,2012,NULL,1),(2578,'1021276',234,NULL,1995,2012,2014,1),(2579,'112809',234,'2.5 i AWD',2498,2015,NULL,1),(2580,'4367',233,'1800 4WD',1781,1980,1984,1),(2581,'4368',233,'1800 Turismo 4WD',1781,1980,1984,1),(2582,'10782',233,'1300',1299,1979,1984,1),(2583,'10785',233,'1600',1595,1979,1984,1),(2584,'1022034',233,'1600',1595,1979,1984,1),(2585,'48935',233,'1.6',1595,1986,1987,1),(2586,'1022031',233,NULL,1595,1985,1986,1),(2587,'1022032',233,NULL,1781,1985,1986,1),(2588,'1022035',233,NULL,1781,1985,1986,1),(2589,'4363',233,'1800 4WD',1781,1980,1984,1),(2590,'4364',233,'1800 4WD',1781,1980,1984,1),(2591,'10783',233,'1300',1299,1979,1984,1),(2592,'10789',233,'1600',1595,1979,1984,1),(2593,'4370',233,'1800 4WD (AM)',1781,1980,1984,1),(2594,'4371',233,'1800 Super 4WD (AM, AJ)',1781,1980,1984,1),(2595,'10784',233,'1300',1299,1979,1984,1),(2596,'10790',233,'1600',1595,1979,1984,1),(2597,'13240',233,'1600 4WD',1595,1979,1984,1),(2598,'48959',233,'1600',1595,1978,1980,1),(2599,'1022030',233,'1600',1595,1979,1984,1),(2600,'4381',233,'1800 4WD',1781,1984,1990,1),(2601,'4383',233,'1800 4WD',1782,1988,1990,1),(2602,'4384',233,'1800 Turbo 4WD',1782,1989,1990,1),(2603,'4387',233,'1800 Turbo 4WD',1782,1984,1990,1),(2604,'7679',233,'1800 4WD KAT',1781,1986,1991,1),(2605,'9240',233,'1800 4WD',1782,1988,1990,1),(2606,'9787',233,'1600 4WD',1595,1990,1994,1),(2607,'9788',233,'1600 4WD',1595,1990,1994,1),(2608,'10791',233,'1300',1299,1984,1991,1),(2609,'10792',233,'1600',1595,1984,1991,1),(2610,'20423',233,'1.8 GL',1781,1986,1989,1),(2611,'27754',233,'1.8',1781,1985,1986,1),(2612,'28315',233,'1.8',1781,1985,1987,1),(2613,'4385',233,'1800 4WD',1781,1984,1990,1),(2614,'4388',233,'1800 4WD',1782,1986,1991,1),(2615,'4390',233,'1800 Super 4WD',1781,1989,1990,1),(2616,'4391',233,'1800 Super Turbo 4WD',1781,1984,1990,1),(2617,'7680',233,'1800 Super 4WD KAT',1781,1986,1992,1),(2618,'9241',233,'1800 4WD',1782,1988,1990,1),(2619,'9784',233,'1600 4WD',1595,1990,1994,1),(2620,'9785',233,'1600 4WD',1595,1987,1989,1),(2621,'9786',233,'1600',1595,1990,1994,1),(2622,'1022033',233,'1800',1781,1985,1987,1),(2623,'24185',233,'1800 4WD',1781,1985,1989,1),(2624,'112810',249,'1.6 AWD',1599,2015,NULL,1),(2625,'4415',237,'1.0 4WD (E10, KJ6)',998,1983,1987,1),(2626,'4416',237,'1.2 4WD (E12, KJ8)',1190,1986,2000,1),(2627,'4419',237,'1.2 i 4WD (E12, FA)',1189,1991,2000,1),(2628,'26957',237,'1.2',1189,1987,1994,1),(2629,'28192',237,'1.2 i',1189,1992,1994,1),(2630,'28194',237,'1.2 4WD',1189,1991,1994,1),(2631,'117335',237,'1.2 4WD',1189,1987,1994,1),(2632,'1022423',237,'1.2 4wd',1189,1986,1994,1),(2633,'1022550',243,'_',NULL,1993,1999,1),(2634,'1022551',243,'_',NULL,1999,2004,1),(2635,'1022552',243,'_',NULL,2003,2009,1),(2636,'1022553',243,'_',NULL,2009,2014,1),(2637,'1022554',243,'_',NULL,2014,NULL,1),(2638,'15502',243,'3.0 H6 AWD',3000,2000,2003,1),(2639,'16494',243,'2.5 AWD',2457,2000,2003,1),(2640,'17658',243,'2.5 AWD',2457,2003,2009,1),(2641,'17659',243,'3.0 AWD',3000,2003,2009,1),(2642,'30719',243,'2.0 D AWD',1998,2008,2009,1),(2643,'30720',243,'2.5 AWD',2457,2008,2009,1),(2644,'23836',243,'3.6 AWD',3630,2011,NULL,1),(2645,'32121',243,'2.0 D AWD',1998,2009,NULL,1),(2646,'32122',243,'2.5 i AWD',2457,2009,NULL,1),(2647,'32123',243,'3.6 R AWD',3630,2009,NULL,1),(2648,'59431',243,'2.5 i AWD',2498,2013,NULL,1),(2649,'108469',243,'2.5 AWD',2498,2014,NULL,1),(2650,'108470',243,'2.0 DIT AWD',1998,2014,NULL,1),(2651,'111683',243,'2.5 AWD',2498,2015,NULL,1),(2652,'111688',243,'2.0 D AWD',1998,2015,NULL,1),(2653,'14355',242,'550',544,1977,1981,1),(2654,'14356',242,'400',358,1972,1977,1),(2655,'14357',242,'500',490,1976,1977,1),(2656,'14358',242,'550',544,1981,1987,1),(2657,'14359',242,'700',665,1982,1989,1),(2658,'14360',242,'550 Turbo',544,1984,1987,1),(2659,'14361',242,'550 4WD',544,1983,1987,1),(2660,'14382',242,'550',544,1987,1989,1),(2661,'14383',242,'550 4WD',544,1987,1989,1),(2662,'14388',242,'550 Kompressor',544,1988,1989,1),(2663,'14389',242,'0.5',547,1989,1990,1),(2664,'14390',242,'0.5 4WD',547,1989,1990,1),(2665,'14391',242,'0.8',758,1989,1992,1),(2666,'14392',242,'0.5 Kompressor',547,1989,1990,1),(2667,'14393',242,'0.7',658,1990,1992,1),(2668,'14395',242,'0.7 4WD',658,1990,1992,1),(2669,'14396',242,'0.7 Kompressor 4WD',658,1990,1992,1),(2670,'4430',241,'3.3 i 24V 4WD (CXW)',3319,1992,1994,1),(2671,'4449',241,'3.3 i 24V 4WD (CXW)',3319,1994,1997,1),(2672,'20691',241,'3.3 AWD',3319,1994,1997,1),(2673,'9792',246,'1.3',1329,2011,NULL,1),(2674,'9793',246,'1.4 D',1364,2011,NULL,1),(2675,'1020770',244,'B9',NULL,2006,2014,1),(2676,'18754',244,'3.0',2999,2005,NULL,1),(2677,'19878',244,'3.0',3000,2006,NULL,1),(2678,'31385',244,'3.6',3630,2007,NULL,1),(2679,'9239',240,'660 4WD',658,1992,1995,1),(2680,'23682',240,'0.7',658,1992,1998,1),(2681,'100922',250,'STi 2.5 AWD',2457,2014,NULL,1),(2682,'4395',235,'1.8 Turbo 4WD',1782,1988,1990,1),(2683,'4397',235,'1.8 Turbo 4WD',1782,1987,1990,1),(2684,'4399',235,'1.8 Turbo 4WD',1782,1984,1990,1),(2685,'28121',247,'1.6 i AWD',1600,2012,NULL,1),(2686,'28125',247,'2.0 i AWD',1995,2012,NULL,1),(2687,'29286',247,'2.0 D AWD',1998,2012,NULL,1),(2688,'1022584',247,'_',NULL,2011,NULL,1),(2689,'4424',252,'0.8 (SB308/CA)',796,1986,1988,1),(2690,'112934',252,'0.8',796,1988,1993,1),(2691,'4513',252,'1.0',993,1994,1998,1),(2692,'18724',252,'1.0',993,2000,2002,1),(2693,'28310',252,'1.3',1298,1998,2000,1),(2694,'16713',252,'1.1',1061,2004,2008,1),(2695,'30968',252,'1.0',996,2009,NULL,1),(2696,'1021516',252,NULL,658,2009,NULL,1),(2697,'4417',252,'0.8 (SS80F, SS80G)',796,1982,1984,1),(2698,'4772',259,'1.3 i 16V',1298,1995,2002,1),(2699,'4773',259,'1.6 i 16V',1590,1995,2002,1),(2700,'4774',259,'1.6 i 16V 4x4',1590,1995,2002,1),(2701,'5385',259,'1.8 GTX',1839,1996,2002,1),(2702,'7916',259,'1.3',1298,1996,2002,1),(2703,'9688',259,'1.8 i 4x4',1839,1996,2002,1),(2704,'11540',259,'1.9 TD',1905,1998,2002,1),(2705,'118577',259,'1.0',998,2016,NULL,1),(2706,'118578',259,'1.2',1242,2016,NULL,1),(2707,'118579',259,'1.2 Hybrid',1242,2016,NULL,1),(2708,'4769',259,'1.3 i 16V',1298,1995,2002,1),(2709,'4770',259,'1.6 i 16V',1590,1995,2002,1),(2710,'4771',259,'1.6 i 16V 4x4',1590,1995,2002,1),(2711,'5384',259,'1.8 GTX',1839,1996,2002,1),(2712,'7915',259,'1.3',1298,1996,2002,1),(2713,'9687',259,'1.8 i 4x4',1839,1996,2002,1),(2714,'11539',259,'1.9 TD',1905,1998,2002,1),(2715,'5682',259,'1.6 i 16V',1590,1996,2002,1),(2716,'5683',259,'1.6 i 16V 4x4',1590,1996,2002,1),(2717,'5684',259,'1.8 i 16V',1839,1996,2002,1),(2718,'8700',259,'1.3 16V',1298,1997,2002,1),(2719,'9689',259,'1.8 i 16V 4x4',1839,1996,2002,1),(2720,'11541',259,'1.9 TD',1905,1998,2002,1),(2721,'31002',259,'1.6 i 16V',1590,1996,2002,1),(2722,'31003',259,'1.6 i 16V 4x4',1590,1996,2002,1),(2723,'12839',263,'0.7 (EA11)',657,1992,1995,1),(2724,'14469',253,'1.3',1298,1999,NULL,1),(2725,'19206',253,'1.3 16 V',1298,2000,NULL,1),(2726,'4507',253,'0.8',797,1980,1985,1),(2727,'107857',269,'1.0',998,2014,NULL,1),(2728,'11239',255,'2.5 V6 24V (FT)',2493,1998,2003,1),(2729,'11516',255,'1.6 4x4',1590,1998,2003,1),(2730,'11517',255,'2.0 4x4',1995,1998,2003,1),(2731,'11518',255,'2.0 TD',1998,1998,2003,1),(2732,'15968',255,'2.0 HDI 110 16V',1997,2001,2005,1),(2733,'16550',255,'2.7 4x4',2736,2001,2003,1),(2734,'17763',255,'2.7 4x4',2736,2003,NULL,1),(2735,'18287',255,'2.5 V6 24V 4x4',2493,2001,2003,1),(2736,'34976',255,'2.0 HDI 110',1997,2001,2005,1),(2737,'1022420',255,NULL,1590,2003,2005,1),(2738,'115782',255,'1.6 4x4',1590,1998,2003,1),(2739,'115783',255,'2.0 4x4',1995,1998,2003,1),(2740,'19193',255,'1.6 Привод на все колеса',1586,2005,NULL,1),(2741,'19194',255,'2.0 Привод на все колеса',1995,2005,2015,1),(2742,'19393',255,'1.9 DDiS',1870,2005,2015,1),(2743,'22449',255,'1.6',1586,2005,NULL,1),(2744,'30861',255,'3.2 Привод на все колеса',3195,2009,2015,1),(2745,'30862',255,'2.4 Привод на все колеса',2393,2009,NULL,1),(2746,'31383',255,'2.4 Привод на все колеса',2393,2009,NULL,1),(2747,'54794',255,'2.4',2393,2009,NULL,1),(2748,'1022246',255,NULL,2737,2007,2008,1),(2749,'1022419',255,NULL,1995,2005,2015,1),(2750,'15523',264,'1.3',1328,2000,2003,1),(2751,'15524',264,'1.3 4WD',1328,2000,2003,1),(2752,'1021634',264,'1.2 (atk412)',1242,2016,NULL,1),(2753,'1021635',264,'1.2 allgrip (atk412)',1242,2016,NULL,1),(2754,'1021636',264,'1.2 hybrid (atk412)',1242,2016,NULL,1),(2755,'1021637',264,'1.2 hybrid allgrip (atk412)',1242,2016,NULL,1),(2756,'17698',264,'1.3',1328,2003,NULL,1),(2757,'17699',264,'1.5',1490,2003,NULL,1),(2758,'17700',264,'1.5 4x4',1490,2003,NULL,1),(2759,'17701',264,'1.3 DDiS',1248,2003,NULL,1),(2760,'17870',264,'1.5 Sport',1490,2003,NULL,1),(2761,'26661',264,'1.3 4x4',1328,2003,NULL,1),(2762,'10319',262,'1.3 16V',1298,1998,NULL,1),(2763,'10321',262,'1.3 16V 4WD',1298,1998,NULL,1),(2764,'16094',262,'1.3 16V',1328,2001,NULL,1),(2765,'16095',262,'1.3 16V 4WD',1328,2001,NULL,1),(2766,'18141',262,'1.5 DDiS 4WD',1461,2003,NULL,1),(2767,'19991',262,'1.3 16V 4x4',1328,2005,NULL,1),(2768,'19992',262,'1.5 DDiS 4x4',1461,2005,NULL,1),(2769,'24313',262,'1.3',1328,2004,NULL,1),(2770,'27491',262,'1.3',1298,1988,1998,1),(2771,'1020877',265,'_',NULL,2001,2007,1),(2772,'16635',265,'1.3',1328,2002,NULL,1),(2773,'16646',265,'1.6',1586,2002,NULL,1),(2774,'16647',265,'1.6 4WD',1586,2002,NULL,1),(2775,'17301',265,'1.6 i',1586,2002,NULL,1),(2776,'17302',265,'1.6 4WD',1586,2002,NULL,1),(2777,'18606',265,'1.4 DDiS',1398,2004,NULL,1),(2778,'30332',265,'1.6',1586,2005,NULL,1),(2779,'30333',265,'1.6 4WD',1586,2005,2007,1),(2780,'55679',265,'1.5',1491,2004,2007,1),(2781,'16074',265,'1.3',1328,2001,2007,1),(2782,'16075',265,'1.6',1586,2001,2007,1),(2783,'16076',265,'1.6 4WD',1586,2001,2007,1),(2784,'17303',265,'1.6 i',1586,2002,2007,1),(2785,'17304',265,'1.6 4WD',1586,2002,2007,1),(2786,'18607',265,'1.4 DDiS',1398,2004,2007,1),(2787,'30334',265,'1.6 4WD',1586,2005,2007,1),(2788,'30335',265,'1.6',1586,2005,2007,1),(2789,'55680',265,'2.3',2294,2004,2007,1),(2790,'4470',254,'0.8',797,1980,1984,1),(2791,'4479',257,'1.0 Привод на все колеса (SJ 410)',970,1988,2004,1),(2792,'4480',257,'1.3 Привод на все колеса (SJ 413)',1298,1988,2004,1),(2793,'4482',257,'1.3 Привод на все колеса (SJ 413)',1324,1988,2004,1),(2794,'4483',257,'1.3 (SJ 413)',1324,1988,2004,1),(2795,'11247',257,'1.9 TD',1905,1998,2004,1),(2796,'23277',257,'1.3 Привод на все колеса',1298,2000,2004,1),(2797,'25511',257,'1.9 TD',1870,1998,2004,1),(2798,'4478',256,'1.0 (SJ410)',970,1981,1988,1),(2799,'4477',256,'1.0 (SJ410)',970,1981,1988,1),(2800,'4485',258,'1.3',1324,1986,1990,1),(2801,'4486',258,'1.3',1324,1984,1990,1),(2802,'835',267,'1.2 VVT',1242,2010,NULL,1),(2803,'12055',267,'1.0',996,2011,NULL,1),(2804,'12061',267,'1.2 VVT',1242,2011,NULL,1),(2805,'27528',267,'1.0',996,2008,NULL,1),(2806,'27529',267,'1.2',1242,2008,NULL,1),(2807,'27530',267,'1.3 CDTI',1248,2008,NULL,1),(2808,'4450',251,'1.0 (SF310, AA44)',993,1989,2001,1),(2809,'1022568',251,'(ZC72S, ZC82S, ZC32S)',NULL,2010,2017,1),(2810,'4431',251,'1.0 (SA310, AA41/43)',993,1983,1989,1),(2811,'4433',251,'1.0 Turbo (SA310)',993,1985,1989,1),(2812,'4436',251,'1.3 GTi/GXi (SA413, AA33)',1298,1985,1989,1),(2813,'4437',251,'1.3 (SA413, AA53)',1324,1986,1989,1),(2814,'4439',251,'1.3 (SA413, AA51)',1324,1984,1989,1),(2815,'4440',251,'1.3 (SA413, AA51/53)',1324,1984,1989,1),(2816,'4451',251,'1.0 i (SF310, AA44)',993,1995,2005,1),(2817,'4452',251,'1.0 i (SF310, AA44)',993,1989,1991,1),(2818,'4453',251,'1.3 (SF413, AB35)',1298,1989,2001,1),(2819,'4455',251,'1.3 4WD (SF413, AA35)',1324,1989,2001,1),(2820,'4457',251,'1.3 (SF413, AB35)',1324,1989,1991,1),(2821,'4459',251,'1.3 4WD (SF413, AF35)',1324,1989,1991,1),(2822,'4460',251,'1.3 GTi (SF413, AA34)',1298,1989,2001,1),(2823,'4454',251,'1.3 (SF413, AH35, MA)',1324,1989,2001,1),(2824,'4458',251,'1.3 (SF413, AH35)',1324,1989,1991,1),(2825,'4462',251,'1.6 i (SF416, AH14)',1590,1990,2001,1),(2826,'4465',251,'1.6 i 4WD (SF416, AJ14)',1590,1990,2001,1),(2827,'4466',251,'1.6 (SF416, AH14)',1590,1989,1991,1),(2828,'4467',251,'1.6 4WD (SF416, AJ14)',1590,1989,1991,1),(2829,'19093',251,'1.5',1490,2005,NULL,1),(2830,'19094',251,'1.3',1328,2005,NULL,1),(2831,'19203',251,'1.3 DDiS',1248,2005,NULL,1),(2832,'19205',251,'1.3 4x4',1328,2006,NULL,1),(2833,'23443',251,'1.6',1586,2006,NULL,1),(2834,'28149',251,'1.3 DDiS',1248,2005,NULL,1),(2835,'26',251,'1.2',1242,2010,NULL,1),(2836,'56',251,'1.2 4x4',1242,2010,NULL,1),(2837,'57',251,'1.3 DDiS',1248,2010,NULL,1),(2838,'9087',251,'1.2',1242,2010,NULL,1),(2839,'9113',251,'1.2 4x4',1242,2010,NULL,1),(2840,'11746',251,'1.6',1586,2012,NULL,1),(2841,'4456',251,'1.3 i (SF413, AK35)',1298,1991,1996,1),(2842,'1022565',266,'_',NULL,2006,2014,1),(2843,'816',266,'1.5 VVT',1490,2010,NULL,1),(2844,'9086',266,'1.6 VVT 4x4',1586,2009,NULL,1),(2845,'19547',266,'1.6 VVT 4x4',1586,2006,NULL,1),(2846,'19548',266,'1.9 DDiS 4x4',1910,2006,NULL,1),(2847,'19549',266,'1.5',1490,2006,NULL,1),(2848,'19550',266,'1.6 VVT',1586,2006,NULL,1),(2849,'19551',266,'1.9 DDiS',1910,2006,NULL,1),(2850,'30408',266,'1.6 DDIS',1560,2007,NULL,1),(2851,'32072',266,'1.6 VVT',1586,2009,NULL,1),(2852,'32073',266,'1.6 VVT 4x4',1586,2009,NULL,1),(2853,'32074',266,'2.0 DDiS',1956,2009,NULL,1),(2854,'32076',266,'2.0 DDiS 4x4',1956,2009,NULL,1),(2855,'108353',266,'1.5 VVT 4x4',1490,2010,NULL,1),(2856,'1022348',266,'1.6 vvt',1586,2010,2015,1),(2857,'12928',266,'1.6',1586,2013,NULL,1),(2858,'20735',266,'1.6 DDiS',1598,2013,NULL,1),(2859,'30795',266,'1.6 DDiS',1598,2013,NULL,1),(2860,'33192',266,'1.6',1586,2013,NULL,1),(2861,'1020932',266,'1.6 allgrip (akk 416)',1586,2013,NULL,1),(2862,'1021427',266,'(jy) 1.4 t (akk 414)',1373,2016,NULL,1),(2863,'1021428',266,'(jy) 1.4 t allgrip (akk 414)',1373,2016,NULL,1),(2864,'779',266,'1.6',1586,2007,NULL,1),(2865,'30854',266,'1.6',1586,2007,NULL,1),(2866,'108352',266,'1.6 AWD',1586,2007,NULL,1),(2867,'1021605',266,'1.6 awd (rw 416)',1586,2007,2011,1),(2868,'1020876',255,'JT',NULL,2005,2017,1),(2869,'4496',255,'1.6 Привод на все колеса (TA, TA01)',1589,1988,1998,1),(2870,'4505',255,'1.6 Привод на все колеса (ET)',1589,1988,1991,1),(2871,'4506',255,'1.6 i 16V Привод на все колеса (ET, TA02)',1589,1990,1998,1),(2872,'4768',255,'2.0 V6 24V Привод на все колеса (ET)',1998,1994,1998,1),(2873,'5680',255,'2.0 TD Привод на все колеса (ET)',1998,1994,1998,1),(2874,'7692',255,'2.0 16V Привод на все колеса (ET, TA51)',1995,1996,1998,1),(2875,'7696',255,'1.9 D Привод на все колеса (ET)',1905,1995,1998,1),(2876,'7697',255,'2.5 V6 24V Привод на все колеса (FT)',2493,1995,1998,1),(2877,'7698',255,'2.0 TD Intercooler Привод на все колеса (ET)',1998,1995,1998,1),(2878,'7699',255,'1.9 D Привод на все колеса (ET)',1905,1996,1998,1),(2879,'110038',255,'1.6',1586,2015,NULL,1),(2880,'110039',255,'1.6',1586,2015,NULL,1),(2881,'110040',255,'1.6 DDiS',1598,2015,NULL,1),(2882,'110041',255,'1.6 DDiS',1598,2015,NULL,1),(2883,'116537',255,'1.4',1373,2015,NULL,1),(2884,'116538',255,'1.4',1373,2015,NULL,1),(2885,'1021406',255,'1.6 (apk 416)',1586,2015,NULL,1),(2886,'1021407',255,'1.6 allgrip (apk 416)',1586,2015,NULL,1),(2887,'4493',255,'1.6',1589,1988,1995,1),(2888,'4510',255,'1.6 i 16V',1589,1990,1999,1),(2889,'7691',255,'2.0 16V',1995,1996,1999,1),(2890,'7888',255,'1.9 D (ET)',1905,1996,1999,1),(2891,'16115',255,'1.9 D (ET)',1905,1995,1998,1),(2892,'1022567',255,'(ET,TA)',NULL,1988,1998,1),(2893,'1022566',255,'(FT,GT)',NULL,1998,2005,1),(2894,'27485',940,'1.0',993,2003,2005,1),(2895,'8984',940,'1.0 (MA61)',996,1998,2000,1),(2896,'10170',940,'1.2 4WD',1171,1998,2000,1),(2897,'10171',940,'1.2',1171,1998,2000,1),(2898,'14791',940,'1.3',1298,2000,2004,1),(2899,'16358',940,'1.3 4WD',1298,2001,NULL,1),(2900,'17764',940,'1.3',1328,2003,NULL,1),(2901,'17765',940,'1.3 DDiS',1248,2003,NULL,1),(2902,'19994',940,'1.3 4WD',1328,2003,NULL,1),(2903,'5261',260,'1.6 i 16V 4x4',1590,1995,1997,1),(2904,'5681',260,'1.6 i 16V',1590,1995,1997,1),(2905,'1022564',270,'_',NULL,1998,2006,1),(2906,'1020614',448,'N130',NULL,1989,1995,1),(2907,'1020615',448,'N180',NULL,1996,2002,1),(2908,'1020616',448,'N210',NULL,2002,2009,1),(2909,'1020617',448,'N280',NULL,2009,NULL,1),(2910,'22987',461,'3.0',2995,2003,2008,1),(2911,'22988',461,'3.0 4WD',2995,2003,2008,1),(2912,'25589',461,'2.4',2362,2003,2008,1),(2913,'25590',461,'2.4 4WD',2362,2003,2008,1),(2914,'5846',461,'3.5',3456,2008,2014,1),(2915,'5847',461,'3.5 4WD',3456,2008,2014,1),(2916,'5848',461,'2.4',2362,2008,2014,1),(2917,'5849',461,'2.4 4WD',2362,2008,2014,1),(2918,'50609',461,'3.5',3456,2008,2014,1),(2919,'1022492',941,'XE10',NULL,1998,2005,1),(2920,'25591',941,'2.0 VVTi',1998,1999,2005,1),(2921,'100895',941,'2.0 4WD',1988,1999,2001,1),(2922,'1022508',942,'S140',NULL,1991,1997,1),(2923,'1022509',942,'S160',NULL,1997,2005,1),(2924,'25307',942,'3.0',2997,1997,2004,1),(2925,'25308',942,'3.0',2997,1997,2004,1),(2926,'22713',942,'3.0',2997,1990,1996,1),(2927,'22465',943,'2.2 D',2231,2007,2012,1),(2928,'22466',943,'2.0 D-4D',1998,2007,2012,1),(2929,'22467',943,'1.4 D-4D',1364,2007,2012,1),(2930,'22469',943,'1.6 VVTi',1598,2007,2012,1),(2931,'22470',943,'1.4 VVTi',1398,2007,2012,1),(2932,'31115',943,'1.33 Dual-VVTi',1329,2009,2012,1),(2933,'31116',943,'1.6',1598,2009,2012,1),(2934,'31147',943,'1.8',1798,2009,2012,1),(2935,'34783',943,'1.8 Hybrid',1798,2010,2012,1),(2936,'34982',943,'1.33 Dual-VVTi',1329,2010,2012,1),(2937,'1020365',943,'Toyota Auris 1.6',1598,2007,2009,1),(2938,'57455',943,'1.4 D-4D (NDE180_)',1364,2012,NULL,1),(2939,'57457',943,'1.6 (ZRE181_, ZRE185_)',1598,2012,NULL,1),(2940,'57458',943,'2.0 D-4D (ADE186_)',1998,2012,NULL,1),(2941,'57481',943,'1.3 (NRE180_)',1329,2012,NULL,1),(2942,'57499',943,'1.8 Hybrid (ZWE186_)',1798,2012,NULL,1),(2943,'114559',943,'1.2',1197,2015,NULL,1),(2944,'114567',943,'1.6 D4-D',1598,2015,NULL,1),(2945,'59600',943,'1.3 (NRE180_)',1329,2013,NULL,1),(2946,'59602',943,'1.6 (ZRE185_)',1598,2013,NULL,1),(2947,'59604',943,'1.4 D-4D (NDE180_)',1364,2013,NULL,1),(2948,'59607',943,'2.0 D-4D (ADE186_)',1998,2013,NULL,1),(2949,'59608',943,'1.8 Hybrid (ZWE186_)',1798,2013,NULL,1),(2950,'114560',943,'1.2',1197,2015,NULL,1),(2951,'114568',943,'1.6 D4-D',1598,2015,NULL,1),(2952,'1020634',459,'XX10',NULL,1994,1999,1),(2953,'1020635',459,'XX20',NULL,1999,2004,1),(2954,'1020636',459,'XX30',NULL,2004,2012,1),(2955,'1020637',459,'XX40',NULL,2012,2018,1),(2956,'1020638',459,'XX50',NULL,2018,NULL,1),(2957,'26318',459,'3.5 VVTi',3456,2005,NULL,1),(2958,'49181',459,'3.5',3456,2005,2012,1),(2959,'108641',459,'3.5',3456,2012,NULL,1),(2960,'56027',459,'3.0',2995,1996,1999,1),(2961,'1020627',453,'T220',NULL,1997,2003,1),(2962,'1020628',453,'T250',NULL,2003,2009,1),(2963,'1020629',453,'T270',NULL,2009,2018,1),(2964,'8923',453,'1.6 (AT220_)',1587,1997,2000,1),(2965,'8924',453,'1.6 (AT220_)',1587,1997,2000,1),(2966,'8925',453,'1.8 (AT221_)',1762,1997,2000,1),(2967,'8926',453,'2.0 (ST220_)',1998,1997,2000,1),(2968,'8927',453,'2.0 TD (CT220_)',1975,1997,2003,1),(2969,'14106',453,'2.0 D-4D (CDT220_)',1995,1999,2003,1),(2970,'15515',453,'1.6 VVT-i',1598,2000,2003,1),(2971,'15518',453,'1.8 VVT-i',1794,2000,2003,1),(2972,'15520',453,'2.0 VVT-i',1998,2000,2003,1),(2973,'27219',453,'2.0 D',1974,1997,1998,1),(2974,'17344',453,'1.8',1794,2003,2008,1),(2975,'17345',453,'2.0',1998,2003,2008,1),(2976,'17346',453,'2.4',2362,2003,2008,1),(2977,'17347',453,'2.0 D-4D',1995,2003,2008,1),(2978,'17709',453,'2.4',2362,2003,2008,1),(2979,'18878',453,'1.6 VVT-i',1598,2003,2008,1),(2980,'19246',453,'2.2 D-4D',2231,2005,2008,1),(2981,'19249',453,'2.2 D-CAT',2231,2005,2008,1),(2982,'19830',453,'2.0 D-4D',1998,2006,2008,1),(2983,'8928',453,'1.6 (AT220_)',1587,1997,2000,1),(2984,'8929',453,'1.6 (AT220_)',1587,1997,2000,1),(2985,'8930',453,'1.8 (AT221_)',1762,1997,2000,1),(2986,'8931',453,'2.0 (ST220_)',1998,1997,2000,1),(2987,'8932',453,'2.0 TD (CT220_)',1975,1997,2003,1),(2988,'14105',453,'2.0 D-4D (CDT220_)',1995,1999,2003,1),(2989,'15514',453,'1.6 VVT-i',1598,2000,2003,1),(2990,'15517',453,'1.8 VVT-i',1794,2000,2003,1),(2991,'15519',453,'2.0 VVT-i',1998,2000,2003,1),(2992,'8933',453,'1.6 (AT220_)',1587,1997,2000,1),(2993,'8934',453,'1.6 (AT220_)',1587,1997,2000,1),(2994,'8935',453,'1.8 (AT221_)',1762,1997,2000,1),(2995,'8936',453,'2.0 (ST220_)',1998,1997,2000,1),(2996,'8937',453,'2.0 TD (CT220_)',1975,1997,2003,1),(2997,'14107',453,'2.0 D-4D (CDT220_)',1995,1999,2003,1),(2998,'15516',453,'1.6 VVT-i',1598,2000,2003,1),(2999,'15521',453,'2.0 VVT-i',1998,2000,2003,1),(3000,'15522',453,'1.8 VVT-i',1794,2000,2003,1),(3001,'16026',453,'2.0 VVT-i',1998,2001,2009,1),(3002,'16027',453,'2.0 D-4D',1995,2001,2005,1),(3003,'17216',453,'1.8',1794,2003,2008,1),(3004,'17217',453,'2.0',1998,2003,2008,1),(3005,'17218',453,'2.0 D-4D',1995,2003,2008,1),(3006,'17222',453,'2.4',2362,2003,2008,1),(3007,'17708',453,'2.4',2362,2003,2008,1),(3008,'18879',453,'1.6 VVT-i',1598,2003,2008,1),(3009,'19247',453,'2.2 D-4D',2231,2005,2008,1),(3010,'19250',453,'2.2 D-CAT',2231,2005,2008,1),(3011,'19831',453,'2.0 D-4D',1998,2006,2008,1),(3012,'14017',453,'2.0 D-4D',1998,2011,NULL,1),(3013,'30874',453,'1.6',1598,2008,NULL,1),(3014,'30875',453,'1.8',1798,2008,NULL,1),(3015,'30876',453,'2.0',1987,2008,NULL,1),(3016,'30877',453,'2.0 D-4D',1998,2008,NULL,1),(3017,'30878',453,'2.2 D-4D',2231,2008,NULL,1),(3018,'30879',453,'2.2 D-4D',2231,2008,NULL,1),(3019,'113326',453,'1.6 D4-D',1598,2015,NULL,1),(3020,'113339',453,'2.0 D-4D',1995,2015,NULL,1),(3021,'1021684',453,NULL,1998,2008,2011,1),(3022,'17219',453,'1.8',1794,2003,2008,1),(3023,'17220',453,'2.0',1998,2003,2008,1),(3024,'17221',453,'2.0 D-4D',1995,2003,2008,1),(3025,'17223',453,'2.4',2362,2003,2008,1),(3026,'17710',453,'2.4',2362,2003,2008,1),(3027,'18880',453,'1.6 VVT-i',1598,2003,2008,1),(3028,'19248',453,'2.2 D-4D',2231,2005,2008,1),(3029,'19251',453,'2.2 D-CAT',2231,2005,2008,1),(3030,'19832',453,'2.0 D-4D',1998,2006,2008,1),(3031,'14018',453,'2.0 D-4D',1998,2011,NULL,1),(3032,'30880',453,'1.6',1598,2009,NULL,1),(3033,'30881',453,'1.8',1798,2009,NULL,1),(3034,'30882',453,'2.0',1987,2009,NULL,1),(3035,'30883',453,'2.0 D-4D',1998,2009,NULL,1),(3036,'30884',453,'2.2 D-4D',2231,2009,NULL,1),(3037,'30885',453,'2.2 D-4D',2231,2009,NULL,1),(3038,'113327',453,'1.6 D4-D',1598,2015,NULL,1),(3039,'113342',453,'2.0 D-4D',1995,2015,NULL,1),(3040,'1020684',944,'T190',NULL,1992,1997,1),(3041,'1020685',944,'T210',NULL,1997,2002,1),(3042,'26095',944,'2.0',1998,1992,1997,1),(3043,'26285',944,'1.8',1762,1992,1997,1),(3044,'26286',944,'2.0',1998,1992,1997,1),(3045,'26288',944,'2.0 TD',1974,1994,1997,1),(3046,'26289',944,'2.0',1998,1994,1997,1),(3047,'1021866',944,NULL,1838,1992,1996,1),(3048,'1021868',944,NULL,1975,1996,1997,1),(3049,'1021870',944,NULL,1998,1992,1997,1),(3050,'1021902',944,NULL,1998,1992,1997,1),(3051,'26096',944,'2.2 TD',2184,1997,2001,1),(3052,'26097',944,'1.8',1762,1997,2001,1),(3053,'26098',944,'2.0 4WD',1998,1997,2001,1),(3054,'26099',944,'2.0 4WD',1998,2000,2001,1),(3055,'1021871',944,NULL,1998,1997,2002,1),(3056,'1022260',944,NULL,2184,1997,2002,1),(3057,'26100',944,'2.0',1998,2002,2007,1),(3058,'1020639',449,'XV10',NULL,1991,1996,1),(3059,'1020640',449,'XV20',NULL,1996,2001,1),(3060,'1020641',449,'XV30',NULL,2002,2006,1),(3061,'1020642',449,'XV40',NULL,2006,2011,1),(3062,'1020643',449,'XV50',NULL,2011,2017,1),(3063,'1020644',449,'XV70',NULL,2018,NULL,1),(3064,'1022607',449,'MCV35',NULL,2005,2006,1),(3065,'3547',449,'2.2 (SXV10)',2164,1991,1996,1),(3066,'3548',449,'3.0 (VCV10)',2959,1991,1996,1),(3067,'7917',449,'3.0 24V (MCV20_)',2995,1996,2001,1),(3068,'7918',449,'2.2 (SXV20_)',2164,1996,2001,1),(3069,'16163',449,'2.2',2164,2000,2001,1),(3070,'16164',449,'3.0 V6',2995,1996,2001,1),(3071,'23663',449,'3.0 (VDV10)',2959,1996,2001,1),(3072,'3542',449,'2.0 (SV21_, SV25_)',1998,1986,1991,1),(3073,'3543',449,'2.0 Gli 16V (SV21_, SV25_)',1998,1986,1991,1),(3074,'3544',449,'2.5 V6 GXI (VZV21_)',2508,1988,1991,1),(3075,'3545',449,'2.0 Turbo-D (CV20_)',1975,1986,1991,1),(3076,'3546',449,'2.0 Turbo-D (CV20_)',1975,1988,1991,1),(3077,'7344',449,'1.8 i (SV20_)',1832,1986,1988,1),(3078,'23014',449,'2.0 4WD',1998,1988,1991,1),(3079,'1022605',449,'(ACV36,MCV36)',NULL,NULL,NULL,1),(3080,'16362',449,'2.4 VVT-i',2362,2001,2006,1),(3081,'16363',449,'3.0 V6',2995,2001,2006,1),(3082,'1020359',449,'Toyota Camry (V30) 2.0 (ACV31)',1998,2001,NULL,1),(3083,'3538',449,'1.8',1832,1983,1986,1),(3084,'6693',449,'1.8 Turbo-D',1840,1984,1988,1),(3085,'6694',449,'2.0',1995,1986,1988,1),(3086,'22719',449,'3.0',2995,2000,2002,1),(3087,'23003',449,'2.2',2164,2000,2002,1),(3088,'25713',449,'3.0',2995,2000,2002,1),(3089,'23005',449,'2.4',2362,2004,2008,1),(3090,'23006',449,'3.0',2995,2004,2008,1),(3091,'23007',449,'3.3',3311,2004,2008,1),(3092,'25710',449,'3.3',3311,2004,2008,1),(3093,'22718',449,'3.0',2995,1998,2001,1),(3094,'22996',449,'2.2',2164,1998,2001,1),(3095,'25712',449,'3.0',2995,1998,2001,1),(3096,'22998',449,'2.4',2362,2003,2008,1),(3097,'23001',449,'3.0',2995,2003,2008,1),(3098,'23002',449,'3.3',3311,2003,2008,1),(3099,'25770',449,'3.3',3311,2003,2008,1),(3100,'3549',449,'2.0 (SV21_)',1998,1986,1991,1),(3101,'3550',449,'2.0 GLi 16V (SV21_)',1998,1986,1991,1),(3102,'3551',449,'2.0 Turbo-D (CV20_)',1975,1986,1991,1),(3103,'3552',449,'2.0 Turbo-D (CV20_)',1975,1988,1991,1),(3104,'3554',449,'2.5 (VZV21_)',2508,1990,1991,1),(3105,'15726',449,'1.8 (SV20_)',1832,1986,1988,1),(3106,'3553',449,'2.2 (SXV10)',2164,1992,1996,1),(3107,'3555',449,'3.0 (VCV10)',2959,1992,1996,1),(3108,'1022601',449,'V40',NULL,1994,1998,1),(3109,'1022602',449,'V50',NULL,1998,2003,1),(3110,'3539',449,'1.8',1832,1983,1986,1),(3111,'3540',449,'2.0 GLI',1995,1983,1986,1),(3112,'6670',449,'2.0',1995,1986,1988,1),(3113,'10519',449,'1.8 Turbo-D',1840,1983,1988,1),(3114,'10455',449,'2.0 VVT-i',1998,2006,2011,1),(3115,'10477',449,'2.4 VVT-i Hybrid',2362,2006,2011,1),(3116,'11803',449,'3.5',3456,2008,2011,1),(3117,'12236',449,'2.5 VVTi',2494,2010,2011,1),(3118,'20331',449,'2.4 VVTi Hybrid',2362,2006,2011,1),(3119,'20332',449,'2.4 VVTi',2362,2006,2011,1),(3120,'34837',449,'2.4 VVTi',2362,2006,2011,1),(3121,'57752',449,'2.4 VVTi',2362,2006,2011,1),(3122,'1020369',449,'Toyota Camry (V40) 3.5 (GSV40)',3500,2006,2011,1),(3123,'9445',449,'2.5 (ASV50)',2494,2011,NULL,1),(3124,'50523',449,'3.5',3456,2011,NULL,1),(3125,'57579',449,'2.0',1998,2011,NULL,1),(3126,'114315',449,'3.5 VVTI',3456,2012,NULL,1),(3127,'1021661',449,NULL,1998,2015,NULL,1),(3128,'1020625',450,'T190',NULL,1992,1997,1),(3129,'1020626',450,'T210',NULL,1996,2001,1),(3130,'1020931',450,'ED ST200',NULL,1993,1998,1),(3131,'6700',450,'1.6',1588,1976,1978,1),(3132,'6701',450,'1.6 (TA12)',1588,1973,1978,1),(3133,'10740',450,'1.6',1588,1975,1978,1),(3134,'3512',450,'1.6 (TA4L, TA60L)',1588,1978,1983,1),(3135,'7437',450,'1.8',1770,1978,1983,1),(3136,'10521',450,'1.8',1770,1982,1983,1),(3137,'14318',450,'1.8 D',1840,1982,1983,1),(3138,'3627',450,'1.6 GLI (AT190)',1587,1992,1997,1),(3139,'3630',450,'2.0 GLI (ST191)',1998,1992,1997,1),(3140,'3631',450,'2.0 GTi (ST191)',1998,1992,1994,1),(3141,'3851',450,'2.0 GTi 16V (ST191_)',1998,1994,1997,1),(3142,'4731',450,'1.6 (AT190)',1587,1993,1997,1),(3143,'4732',450,'1.8 (AT191)',1762,1995,1997,1),(3144,'5688',450,'1.6 (AT190)',1587,1993,1997,1),(3145,'5689',450,'2.0 D (CT190)',1975,1992,1996,1),(3146,'5690',450,'2.0 i (ST191)',1998,1993,1997,1),(3147,'5691',450,'2.0 TD (CT190)',1975,1996,1997,1),(3148,'10822',450,'1.6 16V',1587,1995,1997,1),(3149,'3632',450,'1.6 GLI (AT190_)',1587,1993,1997,1),(3150,'3633',450,'2.0 GLI (ST191_)',1998,1993,1997,1),(3151,'4775',450,'1.6 i (AT190_)',1587,1995,1997,1),(3152,'4776',450,'1.8 i (AT191_)',1762,1995,1997,1),(3153,'5692',450,'2.0 D (CT190_)',1975,1993,1996,1),(3154,'5693',450,'2.0 i (ST191_)',1998,1995,1997,1),(3155,'5694',450,'2.0 TD (CT190_)',1975,1996,1997,1),(3156,'3625',450,'1.6 (AT190)',1587,1993,1997,1),(3157,'3628',450,'2.0 (ST191)',1998,1993,1997,1),(3158,'3850',450,'2.0 GTi 16V (ST191_)',1998,1994,1997,1),(3159,'4729',450,'1.6 (AT190)',1587,1995,1997,1),(3160,'4730',450,'1.8 i 16V (AT191)',1762,1995,1997,1),(3161,'5685',450,'1.6 (AT190)',1587,1995,1997,1),(3162,'5686',450,'2.0 D (CT190)',1975,1992,1996,1),(3163,'5687',450,'2.0 i (ST191)',1998,1992,1997,1),(3164,'10820',450,'2.0 TD (CT190_)',1975,1996,1997,1),(3165,'10821',450,'1.6 16V (AT190_)',1587,1994,1997,1),(3166,'15727',450,'2.0 GTi (ST191_)',1998,1992,1994,1),(3167,'3517',450,'1.6 (AT151)',1587,1983,1987,1),(3168,'3519',450,'1.6 (AT151)',1588,1983,1987,1),(3169,'3521',450,'1.6 (AT151)',1588,1986,1987,1),(3170,'3523',450,'1.8 GLI (ST150)',1832,1983,1987,1),(3171,'3524',450,'2.0 D (CT150)',1974,1985,1987,1),(3172,'6702',450,'2.0 D',1974,1984,1988,1),(3173,'3526',450,'1.6 (AT171)',1587,1987,1989,1),(3174,'3528',450,'1.6 (AT171)',1587,1987,1992,1),(3175,'3530',450,'2.0 GLI (ST171)',1998,1987,1992,1),(3176,'3532',450,'1.6 (AT171)',1587,1987,1992,1),(3177,'6705',450,'2.0 D',1974,1988,1992,1),(3178,'3533',450,'1.6 (AT171)',1587,1987,1989,1),(3179,'3534',450,'1.6 (AT171)',1587,1987,1992,1),(3180,'3535',450,'1.6 (AT171)',1587,1987,1992,1),(3181,'5659',450,'2.0 D (CT170)',1975,1987,1992,1),(3182,'7350',450,'2.0',1998,1987,1992,1),(3183,'3516',450,'1.6 (AT151)',1587,1983,1987,1),(3184,'3518',450,'1.6 (AT151)',1588,1983,1987,1),(3185,'3522',450,'1.8 GLI (ST150)',1832,1983,1987,1),(3186,'6703',450,'2.0 D',1974,1984,1988,1),(3187,'3525',450,'1.6 (AT171)',1587,1987,1990,1),(3188,'3527',450,'1.6 (AT171)',1587,1987,1992,1),(3189,'3529',450,'2.0 GLI (ST171)',1998,1987,1992,1),(3190,'3531',450,'1.6 (AT171)',1587,1987,1992,1),(3191,'6704',450,'2.0 D',1974,1988,1992,1),(3192,'3514',450,'1.6 (TA4K)',1588,1981,1982,1),(3193,'6699',450,'1.6 (TA4K, TA60LG)',1588,1978,1983,1),(3194,'7438',450,'1.8',1770,1982,NULL,1),(3195,'14317',450,'1.8 D',1840,1982,1983,1),(3196,'59422',450,'1.8',1770,1980,1983,1),(3197,'26124',945,'2.4',2393,1994,2000,1),(3198,'1020841',451,'T200',NULL,1993,1999,1),(3199,'3582',451,'2.0',1998,1987,1989,1),(3200,'6717',451,'1.6',1588,1986,1989,1),(3201,'8823',451,'1.6 GT 16V',1587,1986,1989,1),(3202,'6706',451,'1.6 LT (TA22)',1577,1973,1978,1),(3203,'6707',451,'1.6 ST (TA2, TA22)',1588,1973,1978,1),(3204,'6708',451,'1.6 GT (TA2, TA22)',1588,1974,1978,1),(3205,'6709',451,'1.6 LT (TA2)',1588,1976,1978,1),(3206,'14320',451,'2.0',1968,1975,1977,1),(3207,'3847',451,'1.8 i 16V (AT200/ST)',1762,1993,1999,1),(3208,'3848',451,'2.0 i 16V (ST202/GT)',1998,1993,1999,1),(3209,'3849',451,'2.0 i Turbo 4WD (ST205)',1998,1994,1999,1),(3210,'8826',451,'2.0 i 16V',1998,1996,1999,1),(3211,'3568',451,'1.6 ST (TA60)',1588,1977,1981,1),(3212,'3571',451,'1.6 ST (TA60)',1588,1979,1981,1),(3213,'3573',451,'2.0 XT (RA40)',1968,1980,1981,1),(3214,'3574',451,'2.0 XT (RA40)',1968,1979,1981,1),(3215,'3575',451,'2.0 GT (RA63)',1968,1977,1981,1),(3216,'3576',451,'2.0 XT (RA61)',1972,1982,1985,1),(3217,'14169',451,'1.8 16V VT-i (ZZT230_)',1794,1999,2005,1),(3218,'14534',451,'1.8 16V TS (ZZT231_)',1796,1999,2005,1),(3219,'3591',451,'2.8 i',2759,1981,1985,1),(3220,'1022452',451,'2.8 (ma61_)',2759,1981,1985,1),(3221,'3617',451,'2.0 GTi (ST182)',1998,1989,1993,1),(3222,'8827',451,'2.0 i 16V',1998,1993,1999,1),(3223,'3583',451,'2.0 GT (ST162)',1998,1985,1989,1),(3224,'3584',451,'2.0 GT (ST162)',1998,1986,1989,1),(3225,'6714',451,'2.0',1972,1982,1985,1),(3226,'6715',451,'2.0',1968,1982,1985,1),(3227,'6716',451,'1.6',1587,1983,1985,1),(3228,'3615',451,'1.6 STI (AT180)',1587,1989,1993,1),(3229,'3616',451,'2.0 GTi (ST182)',1998,1989,1993,1),(3230,'3618',451,'2.0 Turbo 4WD (ST185)',1998,1989,1993,1),(3231,'3619',451,'2.0 Turbo 4WD (ST185)',1998,1989,1993,1),(3232,'3566',451,'1.6 LT (TA4C)',1588,1979,1981,1),(3233,'3567',451,'1.6 ST (TA4C, TA60)',1588,1977,1981,1),(3234,'3572',451,'1.6 ST (TA60)',1588,1979,1981,1),(3235,'6712',451,'1.6 GT (TA4C)',1588,1978,1981,1),(3236,'6713',451,'1.6 GT (TA4C)',1588,1980,1981,1),(3237,'3581',451,'2.0 Turbo 4WD',1998,1988,1989,1),(3238,'3577',451,'1.6 GT 16V',1587,1985,1989,1),(3239,'3578',451,'2.0 GT',1998,1985,1989,1),(3240,'3579',451,'1.6 GT',1587,1987,1989,1),(3241,'3580',451,'2.0 GT',1998,1985,1989,1),(3242,'6718',451,'1.6',1588,1986,1989,1),(3243,'110597',451,'1.6 GTI 16V',1587,1988,1989,1),(3244,'1020686',946,'X90',NULL,1992,1996,1),(3245,'1020687',946,'X100',NULL,1996,2001,1),(3246,'22918',946,'2.5 VVTi',2491,1996,2001,1),(3247,'22920',946,'2.5 VVTi',2491,1996,2001,1),(3248,'25607',946,'3.0 VVTi',2997,1996,2001,1),(3249,'117698',946,'2.0 VVTi',1988,1996,2001,1),(3250,'1021898',946,'2.4 td (lx100_)',2446,1996,1999,1),(3251,'1021906',946,'2.0 (gx100_)',1988,1996,2001,1),(3252,'22807',946,'2.0',1988,1986,1991,1),(3253,'25604',946,'2.0 24V',1988,1986,1991,1),(3254,'1021864',946,'1.8 (sx80)',1839,1990,1992,1),(3255,'108326',946,'2.5 (JZX90, JZX93)',2491,1992,1996,1),(3256,'117699',946,'2.0 VVTi',1988,1992,1996,1),(3257,'1020630',442,'E100',NULL,1991,2002,1),(3258,'1020631',442,'E120',NULL,2000,2007,1),(3259,'1020632',442,'E150',NULL,2006,2013,1),(3260,'1020633',442,'E170',NULL,2013,NULL,1),(3261,'3634',442,'1.3 XLI 16V (EE101)',1332,1992,1995,1),(3262,'5269',442,'1.3 XLI (EE101_)',1332,1995,1997,1),(3263,'5270',442,'1.6 Si (AE101_)',1587,1995,1997,1),(3264,'5271',442,'2.0 D (CE100_)',1975,1992,1997,1),(3265,'15732',442,'1.3 12V (EE100_)',1296,1992,1997,1),(3266,'55549',442,'1.6',1587,1994,1997,1),(3267,'8326',442,'1.4 (EE111_)',1332,1997,2000,1),(3268,'8328',442,'1.6 Aut. (AE111_)',1587,1997,2000,1),(3269,'8329',442,'2.0 D (CE110_)',1975,1997,2000,1),(3270,'14692',442,'1.4 16V (ZZE111_)',1398,2000,2001,1),(3271,'14695',442,'1.6 16V (ZZE112_)',1598,2000,2001,1),(3272,'14720',442,'1.9 D (WZE110_)',1867,2000,2001,1),(3273,'16033',442,'2.0 D-4D',1995,2000,2001,1),(3274,'20535',442,'2.0 D-4D',1995,2000,2001,1),(3275,'28327',442,'1.3',1295,1997,2001,1),(3276,'1021796',442,'1.6',1587,1997,2000,1),(3277,'3456',442,'1.3 (KE70)',1290,1979,1983,1),(3278,'3457',442,'1.3 (KE70)',1290,1982,1983,1),(3279,'6733',442,'1.6 (TE71)',1588,1982,1983,1),(3280,'6734',442,'1.8 D (CE70)',1839,1983,NULL,1),(3281,'3472',442,'1.3 (AE80)',1296,1983,1984,1),(3282,'3473',442,'1.3 (AE80/EE80)',1295,1984,1987,1),(3283,'3474',442,'1.6 (AE82)',1588,1983,1987,1),(3284,'6737',442,'1.8 D',1840,1983,1988,1),(3285,'6738',442,'1.8 D',1839,1983,1989,1),(3286,'6739',442,'1.6',1587,1985,1988,1),(3287,'10762',442,'1.6 (AE82)',1587,1985,1987,1),(3288,'20147',442,'1.3',1295,1983,1987,1),(3289,'3488',442,'1.6 (AE92)',1587,1987,1989,1),(3290,'3497',442,'1.3 i (EE90)',1296,1987,1992,1),(3291,'6719',442,'1.6 i',1587,1989,1993,1),(3292,'6720',442,'1.8 D',1840,1989,1993,1),(3293,'6744',442,'1.8 D',1840,1987,1993,1),(3294,'15993',442,'1.6 i 4WD',1587,1987,1990,1),(3295,'20150',442,'1.6 XL',1587,1989,1992,1),(3296,'9732',442,'1.8 VVTL-i TS',1796,2005,2006,1),(3297,'16373',442,'1.4 VVT-i',1398,2002,2006,1),(3298,'16374',442,'1.6 VVT-i',1598,2002,2006,1),(3299,'16375',442,'1.8 VVTL-i TS',1796,2002,2007,1),(3300,'16376',442,'2.0 D-4D',1995,2002,2006,1),(3301,'16377',442,'2.0 D-4D (CDE120R_, CDE120L_)',1995,2002,2006,1),(3302,'17439',442,'2.0 D-4D (CDE120R_, CDE120L_)',1995,2003,2007,1),(3303,'18734',442,'1.4 D',1364,2004,2007,1),(3304,'19252',442,'1.8 VVTL-i TS',1796,2005,2007,1),(3305,'29587',442,'1.8 4WD',1794,2001,2007,1),(3306,'3454',442,'1.2 (KE20, KE25, KE30)',1166,1974,1980,1),(3307,'6721',442,'1.2 (KE20, KE25)',1166,1972,1977,1),(3308,'6724',442,'1.2 (KE36)',1166,1975,1980,1),(3309,'3635',442,'1.3 XLI 16V (EE101)',1332,1992,1995,1),(3310,'3637',442,'1.6 Si (AE101_)',1587,1992,1997,1),(3311,'4809',442,'2.0 D (CE100_)',1975,1992,1997,1),(3312,'5262',442,'1.3 XLI (EE101_)',1332,1995,1997,1),(3313,'15728',442,'1.3 12V (EE100_)',1296,1992,1995,1),(3314,'15729',442,'1.8 GT (AE102_)',1762,1992,1995,1),(3315,'27645',442,'1.8 GTi 4WD',1762,1992,1995,1),(3316,'34629',442,'1.6 i (AE101)',1587,1994,1999,1),(3317,'8330',442,'1.4 (EE111_)',1332,1997,2000,1),(3318,'8331',442,'1.6 (AE111_)',1587,1997,2000,1),(3319,'8332',442,'1.6 Aut. (AE111_)',1587,1997,2000,1),(3320,'8333',442,'2.0 D (CE110_)',1975,1997,2000,1),(3321,'14689',442,'1.4 (ZZE111_)',1398,2000,2002,1),(3322,'14690',442,'1.6 (ZZE112_)',1598,2000,2002,1),(3323,'15565',442,'2.0 D-4D',1995,2000,2002,1),(3324,'15717',442,'1.9 D (WZE110_)',1867,2000,2002,1),(3325,'20538',442,'2.0 D-4D',1995,2000,2001,1),(3326,'3490',442,'1.6 GTi (AE92, AE93)',1587,1987,1992,1),(3327,'3491',442,'1.6 (AE92)',1587,1987,1992,1),(3328,'3492',442,'1.8 D (CE90)',1840,1987,1992,1),(3329,'3495',442,'1.8 D (CE90)',1840,1989,1992,1),(3330,'3498',442,'1.3 (EE90)',1296,1987,1989,1),(3331,'3500',442,'1.6 i (AE92)',1587,1989,1992,1),(3332,'20156',442,'1.6 XL',1587,1989,1992,1),(3333,'3469',442,'1.6 GT 16V',1587,1985,1987,1),(3334,'5015',442,'1.3',1295,1985,1987,1),(3335,'5016',442,'1.8 D',1839,1985,1987,1),(3336,'6742',442,'1.8 D',1839,1985,1988,1),(3337,'22830',442,'1.6 GT',1587,1991,1997,1),(3338,'22835',442,'1.6 GT-Z',1587,1991,1997,1),(3339,'22866',442,'1.5 S',1497,1991,1997,1),(3340,'3636',442,'1.3 XLI (EE101_)',1332,1992,1997,1),(3341,'3638',442,'1.6 GLI (AE101_)',1587,1992,1997,1),(3342,'4810',442,'2.0 D (CE100_)',1975,1992,1997,1),(3343,'15730',442,'1.3 12V (EE100_)',1296,1992,1995,1),(3344,'15731',442,'1.8 GT (AE102_)',1762,1992,1995,1),(3345,'8334',442,'1.6 (AE111_)',1587,1997,2000,1),(3346,'8335',442,'1.4 (EE111_)',1332,1997,2000,1),(3347,'8336',442,'1.6 Aut. (AE111_)',1587,1997,2000,1),(3348,'8337',442,'2.0 D (CE110)',1975,1997,2000,1),(3349,'14691',442,'1.4 (ZZE111_)',1398,2000,2002,1),(3350,'14694',442,'1.6 (ZZE112_)',1598,2000,2002,1),(3351,'15566',442,'2.0 D-4D',1995,2000,2002,1),(3352,'15718',442,'1.9 D (WZE110_)',1867,2000,2002,1),(3353,'3464',442,'1.3 (AE80)',1296,1983,1984,1),(3354,'3465',442,'1.3 (EE80)',1296,1985,1987,1),(3355,'3467',442,'1.6 (AE82)',1587,1985,1987,1),(3356,'3468',442,'1.6 (AE82)',1588,1983,1987,1),(3357,'3470',442,'1.8 D (CE80)',1839,1983,1987,1),(3358,'6740',442,'1.8 D',1839,1983,1988,1),(3359,'6741',442,'1.6',1587,1985,1988,1),(3360,'3489',442,'1.6 (AE92)',1587,1987,1992,1),(3361,'3493',442,'1.8 D (CE90)',1839,1987,1992,1),(3362,'3494',442,'1.8 D (CE90)',1840,1989,1992,1),(3363,'3496',442,'1.3 i (EE90)',1296,1987,1992,1),(3364,'3504',442,'1.6 (AE92)',1587,1989,1992,1),(3365,'6745',442,'1.6 GTI',1587,1987,1993,1),(3366,'23525',442,'1.6 4WD',1587,1989,1992,1),(3367,'34631',442,'1.6 EFi (AE92, AE93)',1587,1991,1994,1),(3368,'3462',442,'1.3 (KE70)',1290,1979,1982,1),(3369,'3463',442,'1.3 (KE70)',1290,1982,1987,1),(3370,'13170',442,'1.8 D (CE70)',1839,1983,1987,1),(3371,'3499',442,'1.6 XLI 4WD (AE95)',1587,1988,1992,1),(3372,'3501',442,'1.3 (EE90)',1296,1987,1992,1),(3373,'3502',442,'1.8 D (CE90)',1839,1987,1992,1),(3374,'3503',442,'1.8 D (CE90)',1840,1989,1992,1),(3375,'7689',442,'1.6 XLI',1587,1989,1992,1),(3376,'15994',442,'1.6 (AE92)',1587,1988,1992,1),(3377,'17713',442,'1.6 (AE92)',1587,1987,1992,1),(3378,'16384',442,'1.6 VVT-i',1598,2002,2004,1),(3379,'16385',442,'2.0 D-4D',1995,2002,2004,1),(3380,'16514',442,'1.8 VVT-i',1794,2002,2004,1),(3381,'23805',442,'2.0 D-4D',1995,2001,2004,1),(3382,'18039',442,'1.6',1598,2004,2009,1),(3383,'18040',442,'1.8',1794,2004,2009,1),(3384,'18041',442,'2.0 D-4D',1995,2004,2009,1),(3385,'19068',442,'2.2 D-4D',2231,2005,2009,1),(3386,'19245',442,'2.2 D-4D',2231,2005,2009,1),(3387,'8321',442,'1.4 (EE111_)',1332,1997,2000,1),(3388,'8322',442,'1.6 (AE111_)',1587,1997,2000,1),(3389,'8323',442,'1.6 Aut. (AE111_)',1587,1997,2000,1),(3390,'8324',442,'1.8 4WD (AE115_)',1762,1997,2001,1),(3391,'8325',442,'2.0 D (CE110_)',1975,1997,2000,1),(3392,'14693',442,'1.4 16V (ZZE111_)',1398,2000,2001,1),(3393,'14696',442,'1.6 16V (ZZE112_)',1598,2000,2001,1),(3394,'14721',442,'1.9 D (WZE110_)',1867,2000,2001,1),(3395,'15567',442,'2.0 D-4D',1995,2000,2001,1),(3396,'23803',442,'2.0 D-4D',1995,1997,2001,1),(3397,'28340',442,'1.8',1762,1997,2001,1),(3398,'3639',442,'1.3 XLI 16V (EE101_)',1332,1992,1995,1),(3399,'4811',442,'2.0 D (CE100_)',1975,1992,1997,1),(3400,'5264',442,'1.3 XLI (EE101_)',1332,1995,1997,1),(3401,'5266',442,'1.6 Si (AE101_)',1587,1992,1997,1),(3402,'5268',442,'1.8 16V 4WD (AE103_)',1762,1995,1997,1),(3403,'15733',442,'1.3 12V (EE100_)',1296,1992,1995,1),(3404,'20177',442,'1.8 XL',1762,1992,1993,1),(3405,'28293',442,'1.8',1762,1992,1997,1),(3406,'1020950',442,'1.6 (ae92_)',1587,1987,1989,1),(3407,'1021936',442,'1.6 (ae92_)',1587,1987,1992,1),(3408,'3475',442,'1.6 GT 16V (AE86)',1587,1983,1987,1),(3409,'6743',442,'1.6 16V',1587,1985,1987,1),(3410,'6723',442,'1.2 (KE35)',1166,1975,1980,1),(3411,'3455',442,'1.3 (KE70)',1290,1979,1982,1),(3412,'3458',442,'1.3 (KE70)',1290,1982,1983,1),(3413,'3459',442,'1.6 (TE71)',1588,1979,1983,1),(3414,'3460',442,'1.6 (TE71)',1588,1979,1983,1),(3415,'3461',442,'1.6 (TE71)',1588,1979,1983,1),(3416,'6732',442,'1.6 GT (TE71)',1588,1980,1983,1),(3417,'13171',442,'1.8 D (CE70)',1839,1983,NULL,1),(3418,'59430',442,'1.8 (TE72)',1770,1982,1983,1),(3419,'59878',442,'1.6 (KE70)',1587,1979,1983,1),(3420,'6725',442,'1.2',1166,1976,1980,1),(3421,'6726',442,'1.6',1588,1976,1980,1),(3422,'6727',442,'1.6',1588,1976,1980,1),(3423,'16381',442,'1.4 VVT-i',1398,2002,2007,1),(3424,'16382',442,'1.6 VVT-i',1598,2002,2007,1),(3425,'17856',442,'2.0 D-4D',1995,2002,2007,1),(3426,'18735',442,'1.4 D-4D',1364,2004,2007,1),(3427,'20532',442,'1.5',1497,2001,2007,1),(3428,'20534',442,'1.8',1794,2001,2005,1),(3429,'20843',442,'2.0 D-4D',1995,2004,2007,1),(3430,'12155',442,'1.4 VVT-i',1398,2007,NULL,1),(3431,'30715',442,'2.0 D-4D',1998,2007,NULL,1),(3432,'30716',442,'1.6 Dual VVTi',1598,2007,NULL,1),(3433,'31148',442,'1.33',1329,2007,NULL,1),(3434,'31149',442,'1.6',1598,2009,NULL,1),(3435,'31150',442,'1.4 D-4D',1364,2007,NULL,1),(3436,'34643',442,'1.8 VVTL-i (ZZE152)',1798,2007,NULL,1),(3437,'56850',442,'1.6 VVTi',1598,2012,NULL,1),(3438,'59037',442,'1.8',1798,2009,NULL,1),(3439,'52438',442,'1.3',1329,2013,NULL,1),(3440,'52439',442,'1.4 D-4D',1364,2013,NULL,1),(3441,'52440',442,'1.6',1598,2013,NULL,1),(3442,'52456',442,'1.8 VVTi',1798,2013,NULL,1),(3443,'16378',442,'1.4 VVT-i',1398,2002,2007,1),(3444,'16379',442,'1.6 VVT-i',1598,2002,2007,1),(3445,'16380',442,'2.0 D-4D',1995,2002,2007,1),(3446,'18220',442,'2.0 D-4D',1995,2004,2007,1),(3447,'18733',442,'1.4 D4-D',1364,2004,2007,1),(3448,'6748',443,'2.0 Mark II (RX22)',1955,1975,1977,1),(3449,'6749',443,'2.0 (RT104)',1968,1976,1979,1),(3450,'6746',443,'1.8 (TT1)',1770,1979,1981,1),(3451,'3505',443,'1.8',1770,1979,1981,1),(3452,'22867',443,'2.0 S',1988,1985,1988,1),(3453,'22797',443,'2.0',1998,1992,1997,1),(3454,'22789',443,'2.0 EXE',1988,1997,2003,1),(3455,'10741',443,'2.0',1968,1975,1979,1),(3456,'6659',445,'2.0 (RX35)',1968,1977,1981,1),(3457,'110599',445,'2.0',1968,1977,1981,1),(3458,'6750',445,'2.0',1972,1981,1985,1),(3459,'6751',445,'2.2 D',2173,1981,1985,1),(3460,'22868',445,'2.0 S',1988,1992,1996,1),(3461,'22869',445,'2.5 S',2491,1992,1996,1),(3462,'3509',445,'2.0 (RX60)',1972,1981,1985,1),(3463,'3510',445,'2.0 GLI',1988,1982,1984,1),(3464,'5058',445,'2.2 D (LX60)',2173,1980,1984,1),(3465,'21347',445,'2.0 GLi',1988,1982,1992,1),(3466,'22886',445,'2.4 TD',2446,1985,1988,1),(3467,'59447',445,'2.4 TD',2446,1985,1988,1),(3468,'22831',445,'2.0',1988,1988,1991,1),(3469,'22888',445,'2.4 TD',2446,1988,1993,1),(3470,'25608',445,'2.5 Turbo',2491,1991,1992,1),(3471,'3506',445,'2.0 (RX30)',1968,1977,1981,1),(3472,'22887',445,'2.4 TD',2446,1984,1988,1),(3473,'22889',445,'2.4 TD',2446,1988,1992,1),(3474,'22916',445,'2.5 VVTi',2491,1996,2001,1),(3475,'22919',445,'2.0 VVTi',1988,1996,2001,1),(3476,'25616',445,'2.0 VVTi  24V',1988,1996,2001,1),(3477,'1021872',445,'2.4 td',2446,1996,2001,1),(3478,'1020842',464,'(XR10,XR20)',NULL,1990,1999,1),(3479,'1020843',464,'(XR30,XR40)',NULL,2000,2005,1),(3480,'1020844',455,'AN50,AN60',NULL,2004,2015,1),(3481,'10516',455,'4.0 VVTi 4WD',3956,2010,2015,1),(3482,'11798',455,'3.0 D 4WD',2982,2004,2015,1),(3483,'12214',455,'2.5 D-4D 4WD',2494,2009,2015,1),(3484,'12217',455,'2.5 D-4D 4WD',2494,2009,2015,1),(3485,'25326',455,'2.7 VVTi',2694,2004,2015,1),(3486,'25355',455,'2.7 VVTi 4WD',2694,2004,2015,1),(3487,'33692',455,'3.0 D 4WD',2982,2009,2015,1),(3488,'100025',455,'3.0 D',2982,2009,2015,1),(3489,'1020645',947,'H100',NULL,1989,2004,1),(3490,'1020646',947,'H200',NULL,2004,NULL,1),(3491,'10453',947,'3.0 D',2982,2005,NULL,1),(3492,'30483',947,'2.7 VVTi',2694,2005,NULL,1),(3493,'3592',947,'1.6',1587,1979,1982,1),(3494,'10742',947,'2.0 (RH25-32)',1968,1977,1983,1),(3495,'10743',947,'2.2 D (LH20-30)',2173,1979,1983,1),(3496,'10764',947,'1.6 (RH20-30)',1587,1977,1983,1),(3497,'3593',947,'2.0 (H5G)',1998,1985,1989,1),(3498,'3594',947,'2.4 D (H5G)',2446,1984,1989,1),(3499,'6754',947,'2.2 D (H5G)',2173,1983,1989,1),(3500,'6755',947,'1.8 (H5G)',1812,1983,1989,1),(3501,'6756',947,'2.4 D 4WD (H5F)',2446,1987,1988,1),(3502,'6757',947,'1.8',1812,1983,1989,1),(3503,'6758',947,'2.2 D',2173,1983,1989,1),(3504,'6759',947,'2.4 D',2446,1984,1989,1),(3505,'10765',947,'2.0',1998,1984,1989,1),(3506,'59445',947,'1.8',1812,1987,1995,1),(3507,'3620',947,'2.0 (RZH102)',1998,1989,1998,1),(3508,'3621',947,'2.4 D (LH102)',2446,1989,1995,1),(3509,'3622',947,'2.4 (RZH103)',2438,1989,1995,1),(3510,'3853',947,'2.4 D',2446,1989,1995,1),(3511,'9279',947,'2.4 4WD',2438,1989,1995,1),(3512,'18553',947,'2.4 D 4WD',2446,1989,1995,1),(3513,'6760',947,'2.4 D',2446,1990,1995,1),(3514,'6761',947,'2.0',1998,1990,1995,1),(3515,'9259',947,'2.4',2438,1989,1995,1),(3516,'9280',947,'2.4 4WD',2438,1989,1995,1),(3517,'18554',947,'2.4 D 4WD',2446,1989,1995,1),(3518,'28334',947,'2.0',1998,1996,2000,1),(3519,'23129',947,'2.4 D',2446,1995,2006,1),(3520,'23130',947,'2.4 D',2446,1999,2006,1),(3521,'5386',947,'2.4 D',2446,1995,2006,1),(3522,'5387',947,'2.4 TD (LXH12_, LXH22_)',2446,1995,2006,1),(3523,'5388',947,'2.4 (RCH12_, RCH22_)',2438,1995,1998,1),(3524,'14325',947,'2.4 4WD (RCH18_)',2438,1995,1998,1),(3525,'14326',947,'2.7 (RCH13_, RCH23_)',2694,1998,2001,1),(3526,'14329',947,'2.4 TD 4WD (H18/28)',2446,1995,2006,1),(3527,'14330',947,'2.7 4WD (RCH19_)',2694,1998,2006,1),(3528,'14436',947,'2.4 D',2446,1999,2006,1),(3529,'16546',947,'2.5 D-4D',2494,2001,2006,1),(3530,'16547',947,'2.5 D-4D',2494,2001,2006,1),(3531,'16556',947,'2.7',2694,2001,2006,1),(3532,'22698',947,'2.5 D-4D',2494,2006,NULL,1),(3533,'22699',947,'2.5 D-4D',2494,2006,NULL,1),(3534,'33641',947,'2.5 D-4D 4WD',2494,2006,NULL,1),(3535,'56288',947,'2.7',2694,2009,NULL,1),(3536,'58716',947,'2.7 4WD',2694,2001,NULL,1),(3537,'59373',947,'2.5 D-4D 4WD',2494,2001,2006,1),(3538,'10766',947,'2.4 (RCH12_, RCH22_)',2438,1995,2005,1),(3539,'10768',947,'2.4 D (LXH12_, LXH22_)',2446,1995,2006,1),(3540,'10779',947,'2.4 TD (LXH12_, LXH22_)',2446,1995,2006,1),(3541,'14324',947,'2.4 4WD (RCH18_, RCH28_)',2438,1995,1998,1),(3542,'14327',947,'2.7 (RCH13_, RCH23_)',2694,1998,2006,1),(3543,'14328',947,'2.4 TD 4WD (LXH18_, LXH28_)',2446,1995,2006,1),(3544,'14331',947,'2.7 4WD (RCH19_, RCH29_)',2694,1998,NULL,1),(3545,'16557',947,'2.5 D-4D',2494,2001,2006,1),(3546,'16558',947,'2.5 D-4D',2494,2001,2006,1),(3547,'19625',947,'2.5 D-4D 4WD',2494,2001,2006,1),(3548,'27278',947,'2.5 D-4D',2494,2006,NULL,1),(3549,'27279',947,'2.5 D-4D 4WD',2494,2006,NULL,1),(3550,'33640',947,'2.5 D-4D',2494,2006,NULL,1),(3551,'1022437',947,'2.5 d-4d 4wd (klh18, klh28_)',2494,2001,2006,1),(3552,'1022388',947,'2.7 (trh2_)',2694,2015,NULL,1),(3553,'1020647',456,'XU20',NULL,2000,2007,1),(3554,'1020648',456,'XU40',NULL,2007,2013,1),(3555,'1020649',456,'XU50',NULL,2013,NULL,1),(3556,'25826',456,'3.0',2995,2000,2007,1),(3557,'26160',456,'3.0 4WD',2995,2000,2007,1),(3558,'26163',456,'3.3',3311,2003,2007,1),(3559,'26164',456,'3.3 4WD',3311,2003,2007,1),(3560,'59032',456,'2.4',2362,2000,2007,1),(3561,'59033',456,'2.4 4WD',2362,2000,2003,1),(3562,'59034',456,'3.3 Hybrid',3311,2005,2007,1),(3563,'59035',456,'3.3 Hybrid 4WD',3311,2005,2007,1),(3564,'25828',456,'2.7 VVTi 4WD',2671,2007,NULL,1),(3565,'33532',456,'3.5',3456,2007,NULL,1),(3566,'33534',456,'3.5 4WD',3456,2007,NULL,1),(3567,'59036',456,'2.7 VVTi',2671,2007,NULL,1),(3568,'1020933',456,NULL,2672,2008,2013,1),(3569,'1021725',456,'3.5 awd',3456,2014,NULL,1),(3570,'1020691',452,'(AN10,AN20,AN30)',NULL,2004,2015,1),(3571,'1020694',452,'(N140,N150,N160,N170)',NULL,1997,2005,1),(3572,'1020698',452,'(AN120,AN150)',NULL,2015,NULL,1),(3573,'59437',452,'2.2 D',2188,1979,1983,1),(3574,'3612',452,'2.4 D',2446,1992,2005,1),(3575,'8712',452,'2.4 i 4WD',2366,1989,2005,1),(3576,'8713',452,'2.4 i 4WD',2383,1989,2005,1),(3577,'8714',452,'2.4 D 4WD',2446,1994,2005,1),(3578,'8715',452,'2.0',1998,1984,1986,1),(3579,'8716',452,'2.2 4WD (YN106_, YN110_)',2237,1987,1989,1),(3580,'9561',452,'2.4 i 4WD',2438,1997,2005,1),(3581,'10079',452,'2.4 TD 4WD',2446,1998,2002,1),(3582,'10473',452,'1.8 (YN85_, YN90_)',1812,1988,1994,1),(3583,'10479',452,'2.4 D',2446,1995,2005,1),(3584,'10759',452,'2.4 D',2446,1988,2005,1),(3585,'10760',452,'2.4 D 4WD',2446,1988,2005,1),(3586,'14473',452,'2.4 D (LN150, LN145)',2446,1998,2002,1),(3587,'16548',452,'2.5 D-4D',2494,2001,2005,1),(3588,'16549',452,'2.5 D-4D 4WD',2494,2001,2005,1),(3589,'20093',452,'2.4 D 4WD',2446,1984,1988,1),(3590,'20642',452,'2.4 D 4WD (LN110L-CRM)',2446,1991,1997,1),(3591,'25198',452,'2.5 D 4WD',2494,2005,NULL,1),(3592,'25451',452,'2.5 D-4D 4WD',2494,2007,NULL,1),(3593,'25452',452,'2.5 D-4D',2494,2007,NULL,1),(3594,'25453',452,'3.0 D-4D 4WD',2982,2007,NULL,1),(3595,'28515',452,'2.5 D-4D',2494,2005,NULL,1),(3596,'34585',452,'3.0 D (KUN16)',2982,2006,NULL,1),(3597,'34943',452,'2.5 D-4D 4WD',2494,2007,NULL,1),(3598,'110594',452,'2.5 D-4D 4WD',2494,2004,2005,1),(3599,'1021570',452,NULL,2494,2005,2008,1),(3600,'1022313',452,'2.4 d',2446,1984,1988,1),(3601,'1022500',452,'N130',NULL,1989,1995,1),(3602,'1022501',452,'N180',NULL,1996,2002,1),(3603,'1021964',452,'2.4 d 4wd (ln10_)',2446,1994,1998,1),(3604,'1021835',452,'2.4 d',2446,1997,2005,1),(3605,'1020981',452,'2.4 d (gun112_, gun122_, gun135_)',2393,2015,NULL,1),(3606,'1020982',452,'2.4 d 4wd (gun125_)',2393,2015,NULL,1),(3607,'1020650',444,'J90',NULL,1996,2002,1),(3608,'1020651',444,'J70',NULL,1990,1996,1),(3609,'1020652',444,'J200',NULL,2007,NULL,1),(3610,'1020653',444,'J120',NULL,2002,2009,1),(3611,'1020654',444,'J150',NULL,2009,NULL,1),(3612,'1020682',444,'J80',NULL,1995,1997,1),(3613,'1020683',444,'J100',NULL,1998,2007,1),(3614,'3606',444,'4.0 Diesel (HJ60)',3980,1982,1985,1),(3615,'3607',444,'4.0 Diesel (HJ60)',3980,1985,1987,1),(3616,'3608',444,'4.0 Turbo-D (HJ61_V)',3980,1985,1989,1),(3617,'6765',444,'4.2 (FJ60_V)',4230,1981,1988,1),(3618,'6766',444,'4.0 Diesel (HJ60_V)',3980,1981,1988,1),(3619,'9281',444,'4.0 (FJ62_G)',3956,1987,1989,1),(3620,'15749',444,'3.4 Diesel (BJ60_V)',3432,1981,1987,1),(3621,'15750',444,'4.0 (FJ62_V)',3956,1984,1987,1),(3622,'20679',444,'2.5 TD 4WD',2498,1984,1989,1),(3623,'15743',444,'3.9 (FJ40_, FJ43_, FJ45_, FJ55_V)',3878,1969,1975,1),(3624,'15744',444,'4.2 (FJ40_V, FJ43_, FJ45_V, FJ55_)',4230,1975,1986,1),(3625,'15745',444,'3.6 D (HJ45_V)',3576,1979,1980,1),(3626,'15746',444,'4.0 D (HJ47_V)',3980,1980,1984,1),(3627,'15747',444,'3.0 D (BJ40_V, BJ43_)',2977,1974,1984,1),(3628,'15748',444,'3.4 D (BJ42_V, BJ45_V, BJ46_)',3432,1980,1984,1),(3629,'5336',444,'4.0 (GRJ120)',3956,2005,2009,1),(3630,'17229',444,'4.0 (GRJ12, GRJ125)',3956,2003,2009,1),(3631,'17230',444,'3.0 D-4D (KDJ120, KDJ150, KDJ125)',2982,2003,2009,1),(3632,'18685',444,'3.0 D-4D (KDJ120, KDJ125)',2982,2004,2009,1),(3633,'22697',444,'3.0 D-4D (KDJ120, KDJ125)',2982,2002,2009,1),(3634,'30469',444,'3.0 D-4D (KZJ12)',2982,2002,2009,1),(3635,'1021732',444,NULL,2982,2004,2009,1),(3636,'1022197',444,NULL,3956,2003,2009,1),(3637,'3598',444,'2.4 (RJ70_, RJ73_)',2367,1984,1993,1),(3638,'3599',444,'2.4 (RJ70_, RJ73_)',2367,1984,1993,1),(3639,'3600',444,'2.4 D (LJ70_)',2446,1984,1985,1),(3640,'3601',444,'2.4 TD (LJ70_, LJ73_)',2446,1985,1990,1),(3641,'3602',444,'2.4 TD (LJ70)',2446,1990,1993,1),(3642,'3604',444,'3.0 TD (KZJ70_, KZJ73_, KZJ77_)',2982,1993,1996,1),(3643,'6767',444,'3.4 D (BJ70_V, BJ73_)',3432,1984,1996,1),(3644,'9283',444,'2.4 (RJ70_V, RJ73_V)',2366,1988,1996,1),(3645,'15751',444,'3.4 TD (BJ71_V)',3431,1985,1986,1),(3646,'15752',444,'4.2 TD (HZJ7__V)',4164,1990,NULL,1),(3647,'20202',444,'2.5 TD 4x4',2498,1984,1989,1),(3648,'20203',444,'3.5 D 4x4 (PZJ75, PZJ70)',3470,1990,1994,1),(3649,'27381',444,'4.0 D 4x4',3980,1987,1989,1),(3650,'27382',444,'4.0 TD 4x4',3980,1997,2001,1),(3651,'55974',444,'4.2 TD 4x4 (HZJ74, HZJ78, HZJ75)',4164,1990,2001,1),(3652,'9559',444,'4.7 (UZJ100_)',4664,1998,2007,1),(3653,'9560',444,'4.2 TD (HDJ100_)',4164,1998,2007,1),(3654,'17320',444,'4.7 (UZJ100)',4664,2002,2007,1),(3655,'34682',444,'4.2 D (HZJ105)',4164,1998,2007,1),(3656,'5898',444,'4.6 V8 (_URJ202W_)',4608,2012,NULL,1),(3657,'11797',444,'4.5 D4-D',4461,2007,NULL,1),(3658,'19884',444,'4.5 D4-D',4461,2012,NULL,1),(3659,'29492',444,'4.7 V8 (UZJ200)',4664,2008,NULL,1),(3660,'29493',444,'4.5 D V8 (VDJ200)',4461,2008,NULL,1),(3661,'50526',444,'4.6 V8',4608,2010,NULL,1),(3662,'3597',444,'4.2 TD (HDJ80)',4164,1990,1997,1),(3663,'4777',444,'4.2 TD 24V (HDJ80_)',4164,1995,1997,1),(3664,'4778',444,'4.5 24V (FZJ80_)',4477,1992,1997,1),(3665,'4812',444,'4.2 TD (HDJ80)',4164,1992,1997,1),(3666,'9282',444,'4.0 (FJ80_)',3956,1990,1992,1),(3667,'15753',444,'4.2 D (HZJ80_)',4164,1990,1997,1),(3668,'20193',444,'3.0 TD',2982,1990,1991,1),(3669,'20194',444,'3.5 D',3470,1990,1992,1),(3670,'23528',444,'2.4 (FJ80)',2367,1990,1993,1),(3671,'23529',444,'3.4 D',3431,1990,1996,1),(3672,'1021584',444,'4.5 4wd (fzj80_)',4477,1992,1997,1),(3673,'5695',444,'3.4 i 24V (VZJ90_, VZJ95_)',3378,1996,NULL,1),(3674,'5697',444,'3.0 TD (KZJ90_, KZJ95_)',2982,1996,NULL,1),(3675,'15587',444,'3.0 D-4D (KDJ90, KDJ95, KDJ 125)',2982,2000,NULL,1),(3676,'20477',444,'4.2 TD',4164,1999,2001,1),(3677,'3603',444,'2.4 TD (LJ77)',2446,1990,1996,1),(3678,'3605',444,'3.0 TD',2982,1993,1996,1),(3679,'837',444,'4.0 V6 VVT-i',3956,2010,NULL,1),(3680,'843',444,'3.0 D-4D',2982,2010,NULL,1),(3681,'10122',444,'2.7',2694,2010,NULL,1),(3682,'33574',444,'3.0 D-4D',2982,2010,NULL,1),(3683,'115779',444,'2.8 D-4D',2755,2015,NULL,1),(3684,'1022282',444,NULL,3456,2015,NULL,1),(3685,'15738',444,'3.9 (FJ45_P)',3878,1969,1975,1),(3686,'15739',444,'4.2 (FJ45_P)',4230,1975,1986,1),(3687,'15740',444,'3.6 D (HJ45_P)',3576,1975,1980,1),(3688,'15741',444,'4.0 D (HJ47_P)',3980,1980,1984,1),(3689,'15742',444,'3.4 D (BJ45_P)',3432,1980,1984,1),(3690,'1022603',446,'(R40,R50)',NULL,1996,2007,1),(3691,'18327',446,'1.3',1290,1979,1985,1),(3692,'18328',446,'1.8 D',1839,1982,1985,1),(3693,'15861',446,'1.5 (KR21LG)',1486,1992,1995,1),(3694,'15862',446,'2.0 D (CR21LG)',1974,1992,1994,1),(3695,'15863',446,'2.2 (YR22LG)',2237,1992,1995,1),(3696,'3596',446,'1.5 (KM30LG)',1486,1985,1989,1),(3697,'6764',446,'1.5 (KM30LG)',1486,1989,1992,1),(3698,'15647',446,'2.0 D (CM30LG)',1975,1988,1992,1),(3699,'27395',446,'1.8 D',1839,1985,1988,1),(3700,'15864',446,'1.5 (KR27_V)',1486,1992,1995,1),(3701,'15865',446,'2.2 (YR29LV)',2237,1992,1995,1),(3702,'15866',446,'2.0 D (CR27_V)',1974,1992,1994,1),(3703,'6763',446,'1.5 (KM31_V, KM36_V)',1486,1986,1991,1),(3704,'15648',446,'1.8 D (CM35_V)',1839,1985,1988,1),(3705,'15649',446,'2.0 D (CM36_V)',1975,1988,1992,1),(3706,'27383',446,'1.8 D',1839,1985,1988,1),(3707,'3595',446,'1.3',1290,1979,1986,1),(3708,'23536',446,'1.8 D',1839,1982,1985,1),(3709,'1020688',458,'X90',NULL,1992,NULL,1),(3710,'1020689',458,'X100',NULL,1996,2000,1),(3711,'1020690',458,'X110',NULL,2000,2007,1),(3712,'26191',458,'2.5 4WD',2491,1992,1996,1),(3713,'26193',458,'2.5',2491,1992,1996,1),(3714,'26194',458,'2.0 VVTi',1988,1996,2001,1),(3715,'1021865',458,'2.5 4wd',2491,2002,2004,1),(3716,'1021876',458,'2.5',2491,2002,2004,1),(3717,'1021877',458,'2.0 vvti',1988,2002,2007,1),(3718,'1021878',458,'2.0 vvti 4wd',1988,2002,2007,1),(3719,'26202',458,'2.5',2497,1996,2001,1),(3720,'1020669',948,'E130',NULL,2003,2008,1),(3721,'1020670',948,'E140',NULL,2009,2014,1),(3722,'57836',948,'1.8',1797,2008,NULL,1),(3723,'57839',948,'2.4',2362,2008,NULL,1),(3724,'24950',948,'1.8 VVTi 4WD',1794,2001,2004,1),(3725,'49357',948,'1.8',1795,2002,2006,1),(3726,'1021921',948,NULL,1794,2002,2007,1),(3727,'1021963',948,NULL,1796,2003,2006,1),(3728,'1022259',948,NULL,1796,2002,2005,1),(3729,'26169',457,'2.0',1998,2001,2007,1),(3730,'1021558',457,'2.0',1987,2007,2013,1),(3731,'1022483',949,'_',NULL,2001,2009,1),(3732,'1022499',949,'_',NULL,1995,2001,1),(3733,'7919',949,'2.0 16V (SXM10_)',1998,1996,2001,1),(3734,'8938',949,'2.2 D (CMX10_)',2184,1997,2001,1),(3735,'16165',949,'2.0',1998,2001,NULL,1),(3736,'1022194',949,NULL,1998,1996,2001,1),(3737,'1022431',949,NULL,1998,1996,2001,1),(3738,'1020845',950,'XR50',NULL,2006,NULL,1),(3739,'1022543',950,'(XR10,XR20)',NULL,1990,1999,1),(3740,'1022545',950,'(XR30,XR40)',NULL,2000,2005,1),(3741,'14888',950,'2.4',2362,2000,2006,1),(3742,'16025',950,'2.0 D-4D',1995,2001,2006,1),(3743,'23713',950,'3.5',3456,2000,2006,1),(3744,'23714',950,'3.5 4WD',3456,2000,2006,1),(3745,'3624',950,'2.4',2438,1990,2000,1),(3746,'6768',950,'2.4 4WD',2438,1990,2000,1),(3747,'20589',950,'2.4 GX',2438,1994,1997,1),(3748,'109668',950,'2.4',2438,1993,1997,1),(3749,'10140',950,'3.5 4WD',3456,2006,NULL,1),(3750,'25973',950,'2.4',2362,2005,NULL,1),(3751,'1021787',950,NULL,2362,2006,NULL,1),(3752,'1020665',951,'XW10',NULL,1997,2003,1),(3753,'1020666',951,'XW20',NULL,2003,2009,1),(3754,'1020667',951,'XW30',NULL,2009,2015,1),(3755,'1020668',951,'XW40',NULL,2015,NULL,1),(3756,'31134',951,'1.8 Hybrid',1798,2009,NULL,1),(3757,'117912',951,'1.8 Hybrid',1798,2015,NULL,1),(3758,'1022361',951,'1.8 plug-in hybrid (zvw52_)',1798,2016,NULL,1),(3759,'10538',951,'1.8 Hybrid',1798,2011,NULL,1),(3760,'1021795',951,NULL,1798,2011,NULL,1),(3761,'17711',951,'1.5',1497,2003,2009,1),(3762,'15651',951,'1.5 Hybrid',1497,2000,2004,1),(3763,'1021255',952,'2.0 d (mpy6_)',1997,2016,NULL,1),(3764,'1021278',952,'1.6 d (mpy9_)',1560,2016,NULL,1),(3765,'1021279',952,'1.6 d (mpy2_)',1560,2016,NULL,1),(3766,'1021280',952,'2.0 d (mpy4_)',1997,2016,NULL,1),(3767,'1021252',952,'1.6 d (mdz9_)',1560,2016,NULL,1),(3768,'1021253',952,'1.6 d (mdz2_)',1560,2016,NULL,1),(3769,'1021254',952,'2.0 d (mdz4_)',1997,2016,NULL,1),(3770,'1021256',952,'2.0 d (mdz3_)',1997,2016,NULL,1),(3771,'1021414',952,'2.0 d (mdz6_)',1997,2016,NULL,1),(3772,'59583',952,'1.6 D-4D',1560,2013,NULL,1),(3773,'59584',952,'2.0 D-4D',1997,2013,NULL,1),(3774,'59586',952,'2.0 D-4D',1997,2013,NULL,1),(3775,'1022019',952,'(mdx_) 2.0 d 4wd (mdx4_)',1997,2013,2016,1),(3776,'1020655',441,'XA10',NULL,1997,2000,1),(3777,'1020656',441,'XA20',NULL,2000,2005,1),(3778,'1020657',441,'XA30',NULL,2005,2012,1),(3779,'1020658',441,'XA40',NULL,2012,2018,1),(3780,'1020659',441,'XA50',NULL,2018,NULL,1),(3781,'3857',441,'2.0 4WD',1998,1994,2000,1),(3782,'9565',441,'2.0 16V 4WD',1998,1997,2000,1),(3783,'14906',441,'1.8 VVTi',1794,2000,2005,1),(3784,'14907',441,'2.0 VVTi 4WD',1998,2000,2005,1),(3785,'16252',441,'2.0 D-4D 4WD',1995,2001,2005,1),(3786,'19295',441,'2.0 VVT-i 4WD',1998,2006,NULL,1),(3787,'19296',441,'2.2 D-4D 4WD',2231,2006,NULL,1),(3788,'19297',441,'2.2 D-CAT 4WD',2231,2006,NULL,1),(3789,'20645',441,'2.4 VVTi',2362,2005,NULL,1),(3790,'31135',441,'2.0',1987,2008,NULL,1),(3791,'31136',441,'2.0 4WD',1987,2008,NULL,1),(3792,'31139',441,'2.2 D-4D 4WD',2231,2008,NULL,1),(3793,'34938',441,'2.2 D-4D',2231,2008,NULL,1),(3794,'50843',441,'2.0 VVT-i',1987,2009,NULL,1),(3795,'50844',441,'2.0 VVT-i 4WD',1987,2009,NULL,1),(3796,'58616',441,'2.0 D4-D',1998,2012,NULL,1),(3797,'58618',441,'2.0 VVT-i 4WD',1987,2012,NULL,1),(3798,'58623',441,'2.2 D4-D 4WD',2231,2012,NULL,1),(3799,'58747',441,'2.5 VVT-i 4WD',2494,2012,NULL,1),(3800,'100490',441,'2.0 D4-D 4WD',1998,2013,NULL,1),(3801,'105959',441,'2.5 VVT-i 4WD',2494,2012,NULL,1),(3802,'113171',441,'2.0 VVT-i 4WD',1987,2015,NULL,1),(3803,'117414',441,'2.5 Hybrid',2494,2015,NULL,1),(3804,'117415',441,'2.5 Hybrid 4WD',2494,2015,NULL,1),(3805,'117809',441,'2.0 D-4D',1995,2015,NULL,1),(3806,'1022503',462,'_',NULL,2000,2007,1),(3807,'1022504',462,'_',NULL,2008,NULL,1),(3808,'26078',462,'4.7',4664,2000,2007,1),(3809,'26079',462,'4.7 4WD',4664,2000,2007,1),(3810,'10116',462,'4.7 4WD',4664,2007,NULL,1),(3811,'10117',462,'5.7 4WD',5663,2007,NULL,1),(3812,'12266',462,'4.7',4664,2007,NULL,1),(3813,'30286',462,'4.6 VVTi (USK60)',4608,2010,2012,1),(3814,'107616',462,'5.7',5663,2007,NULL,1),(3815,'1022443',462,NULL,5663,2007,NULL,1),(3816,'1020701',953,'XL10',NULL,1997,2002,1),(3817,'1020702',953,'XL20',NULL,2003,2009,1),(3818,'1020703',953,'XL30',NULL,2010,NULL,1),(3819,'12264',953,'3.5 VVTi',3456,2010,NULL,1),(3820,'51850',953,'2.7',2672,2010,2013,1),(3821,'55582',953,'3.5 VVTi 4WD',3456,2010,NULL,1),(3822,'111426',953,'2.7',2671,2012,NULL,1),(3823,'111427',953,'3.5 4WD',3456,2011,2012,1),(3824,'111428',953,'3.5',3456,2011,NULL,1),(3825,'26427',953,'3.0',2995,1997,2003,1),(3826,'26426',953,'3.3 4WD',3311,2003,2009,1),(3827,'49433',953,'3.3',3311,2003,2006,1),(3828,'3450',954,'1.0 (EP70L)',999,1984,1989,1),(3829,'3451',954,'1.3 (EP71L)',1295,1984,1989,1),(3830,'3452',954,'1.5 D (NP70L)',1453,1986,1989,1),(3831,'3453',954,'1.3 12V (EP81) KAT',1296,1989,1996,1),(3832,'14315',954,'1.5 D (NP80_)',1453,1989,1996,1),(3833,'15991',954,'1.0 (EP80_)',999,1989,1992,1),(3834,'15992',954,'1.3 12V (EP81_)',1296,1989,1992,1),(3835,'5400',954,'1.3',1332,1996,1999,1),(3836,'3446',954,'1.0 (KP60)',993,1978,1984,1),(3837,'3447',954,'1.2 S (KP62)',1166,1978,1982,1),(3838,'3448',954,'1.3 S (KP61)',1290,1982,1984,1),(3839,'6690',954,'1.0',993,1974,1978,1),(3840,'6692',954,'1.0',993,1976,1978,1),(3841,'3449',954,'1.0 (KP60)',993,1978,1984,1),(3842,'13079',954,'1.2',1166,1978,1982,1),(3843,'110425',954,'1.2',1166,1979,1982,1),(3844,'3585',447,'3.0 24V',2954,1986,1988,1),(3845,'3586',447,'3.0 Turbo',2954,1987,1993,1),(3846,'3587',447,'3.0 Turbo',2954,1988,1993,1),(3847,'3856',447,'3.0 i Bi-Turbo',2997,1993,2002,1),(3848,'1022464',447,NULL,2997,1993,2002,1),(3849,'30430',447,'2,8 24V',2759,1981,1985,1),(3850,'1020848',955,'_',NULL,2005,2015,1),(3851,'1020849',955,'_',NULL,1996,2004,1),(3852,'3537',956,'1.3 (AL20, AL11)',1296,1979,1988,1),(3853,'17024',956,'1.45 (AL21)',1452,1983,1985,1),(3854,'3613',956,'1.5 4WD',1452,1982,1988,1),(3855,'3614',956,'1.5 4WD (AL25)',1452,1986,1988,1),(3856,'1021875',956,'1.3 (al20_)',1295,1982,1986,1),(3857,'25768',956,'1.5',1452,1982,1987,1),(3858,'1022604',957,'(R40,R50)',NULL,1996,2007,1),(3859,'25748',957,'2.0 D',1974,1992,1995,1),(3860,'1021841',957,'2.0',1998,1996,1999,1),(3861,'25835',957,'2.0 D',1974,1992,1995,1),(3862,'1020846',463,'_',NULL,2000,2006,1),(3863,'1020847',463,'_',NULL,2007,NULL,1),(3864,'10130',463,'3.4 4WD',3378,1999,2003,1),(3865,'1021518',463,NULL,4664,1999,2006,1),(3866,'1021549',463,NULL,4664,1999,2006,1),(3867,'10124',463,'5.7',5663,2007,NULL,1),(3868,'10125',463,'5.7 4WD',5663,2007,NULL,1),(3869,'51856',463,'4.0 4WD',3956,2007,2011,1),(3870,'51857',463,'4.0',3956,2007,2011,1),(3871,'51862',463,'4.7 4WD',4663,2007,2009,1),(3872,'51863',463,'4.7',4663,2007,2009,1),(3873,'1022496',958,'GV10',NULL,2008,2016,1),(3874,'29535',958,'2.7 4WD',2671,2008,NULL,1),(3875,'29594',958,'3.5 4WD',3456,2008,NULL,1),(3876,'29743',958,'3.5',3456,2008,NULL,1),(3877,'29747',958,'2.7',2671,2008,NULL,1),(3878,'1020671',454,'XP10',NULL,1999,2005,1),(3879,'1020672',454,'XP90',NULL,2005,2013,1),(3880,'1020676',454,'(XP130,XP150)',NULL,2011,NULL,1),(3881,'5886',454,'1.3',1329,2011,NULL,1),(3882,'5887',454,'1.0',998,2011,NULL,1),(3883,'11253',454,'1.4 D-4D',1364,2011,NULL,1),(3884,'11830',454,'1.3',1329,2011,NULL,1),(3885,'55249',454,'1.5 Hybrid',1497,2012,NULL,1),(3886,'116073',454,'1.5 Hybrid',1497,2015,NULL,1),(3887,'1022155',454,NULL,1496,2017,NULL,1),(3888,'10466',454,'1.0 16V',998,1999,2005,1),(3889,'14287',454,'1.3 16V',1299,1999,2005,1),(3890,'15984',454,'1.5 VVT-i TS',1497,2001,2005,1),(3891,'16364',454,'1.4 D-4D',1364,2001,2005,1),(3892,'17319',454,'1.3',1298,2002,2005,1),(3893,'17569',454,'1.0 16V',998,2003,2005,1),(3894,'17705',454,'1.5 TS',1497,2003,2005,1),(3895,'19612',454,'1.5 VVT-i TS',1497,2003,2005,1),(3896,'59386',454,'1.4 D-4D',1364,2005,NULL,1),(3897,'1020366',454,'Toyota Yaris (P90) 1.5 (NCP93)',1497,2005,2011,1),(3898,'9257',454,'1.33 VVT-i',1329,2010,NULL,1),(3899,'19254',454,'1.0 VVT-i',998,2005,NULL,1),(3900,'19255',454,'1.4 D-4D',1364,2005,NULL,1),(3901,'19256',454,'1.3 VVT-i',1298,2005,NULL,1),(3902,'22475',454,'1.8 VVTi',1798,2007,NULL,1),(3903,'30845',454,'1.33 VVT-i',1329,2009,NULL,1),(3904,'13663',454,'1.3 (NCP22)',1299,1999,2002,1),(3905,'15633',454,'1.5 (NCP21)',1497,2000,2005,1),(3906,'16365',454,'1.4 D-4D (NLP22)',1364,2001,2005,1),(3907,'17706',454,'1.3 (NCP22)',1299,2002,2005,1),(3908,'17707',454,'1.5 (NCP21)',1497,2003,2005,1),(3909,'1020733',311,'RB',NULL,2011,2017,1),(3910,'1020734',311,'HC',NULL,2017,NULL,1),(3911,'4537',311,'1.3',1341,1994,2000,1),(3912,'4538',311,'1.3',1341,1994,2000,1),(3913,'4539',311,'1.3 i 12V',1341,1994,2000,1),(3914,'4540',311,'1.5 i 12V',1495,1994,2000,1),(3915,'5365',311,'1.5 i 16V',1495,1995,2000,1),(3916,'111954',311,'1.5 16V',1495,1994,2000,1),(3917,'14597',311,'1.3',1341,2000,2005,1),(3918,'15380',311,'1.5',1495,2000,2005,1),(3919,'15952',311,'1.3',1341,2000,2005,1),(3920,'16590',311,'1.5',1495,2000,2005,1),(3921,'16811',311,'1.5 CRDi',1493,2002,2005,1),(3922,'17757',311,'1.3',1341,2002,2005,1),(3923,'17767',311,'1.6',1599,2002,2005,1),(3924,'16721',311,'1.5',1495,2000,2005,1),(3925,'17769',311,'1.6',1599,2002,2005,1),(3926,'18693',311,'1.3',1341,2000,2005,1),(3927,'18694',311,'1.3',1341,2000,2005,1),(3928,'18695',311,'1.5 CRDi',1493,2002,2005,1),(3929,'24636',311,'1.5',1495,1999,2002,1),(3930,'1020949',311,'1.5',1495,2000,2006,1),(3931,'19900',311,'1.4 GL',1399,2005,2010,1),(3932,'19902',311,'1.6 GLS',1599,2005,2010,1),(3933,'19903',311,'1.5 CRDi GLS',1493,2005,2010,1),(3934,'19904',311,'1.4 GL',1399,2005,2010,1),(3935,'19906',311,'1.6 GLS',1599,2005,2010,1),(3936,'19907',311,'1.5 CRDi GLS',1493,2005,2010,1),(3937,'4541',311,'1.3',1341,1994,2000,1),(3938,'4542',311,'1.3',1341,1994,2000,1),(3939,'4543',311,'1.3 i 12V',1341,1994,2000,1),(3940,'4544',311,'1.5 i 12V',1495,1994,2000,1),(3941,'5366',311,'1.5 i 16V',1495,1995,2000,1),(3942,'1012517',959,'290',11149,1991,NULL,1),(3943,'1012519',959,'220',11149,1991,NULL,1),(3944,'1012520',959,'290',11149,1991,NULL,1),(3945,'1012462',960,'185',7545,2004,NULL,1),(3946,'1012463',960,'196',6606,2004,NULL,1),(3947,'1012464',960,'220',6606,2004,NULL,1),(3948,'8982',961,'1.0 i',999,1998,2002,1),(3949,'16169',961,'1.0 i',999,2001,NULL,1),(3950,'19804',961,'1.1',1086,2004,NULL,1),(3951,'20622',961,'0.8',798,1999,2003,1),(3952,'20623',961,'1.1',1086,2003,2005,1),(3953,'15379',961,'1.0 i',999,1999,NULL,1),(3954,'16170',961,'1.0 i',999,2001,NULL,1),(3955,'18032',961,'1.1',1086,2003,NULL,1),(3956,'22943',961,'1.1',1086,2005,NULL,1),(3957,'1020850',962,'HD',NULL,2007,2010,1),(3958,'1012507',339,'100',3568,2004,NULL,1),(3959,'1012509',339,'115',3298,2004,NULL,1),(3960,'1012510',339,'120',3907,2004,NULL,1),(3961,'1012511',339,'130',3907,2004,NULL,1),(3962,'1012512',339,'140',3907,2004,NULL,1),(3963,'16369',312,'2.0',1975,2002,2009,1),(3964,'16370',312,'2.7 V6',2656,2002,2009,1),(3965,'17266',312,'2.0 GLS',1975,2003,2009,1),(3966,'18843',312,'1.6 16V',1599,2002,2009,1),(3967,'18844',312,'1.6 16V',1599,2002,2009,1),(3968,'28620',312,'2.0',1975,2001,2009,1),(3969,'32001',312,'2.7 V6',2656,2007,2009,1),(3970,'5854',312,'2.0 16V',1975,1996,2002,1),(3971,'10161',312,'1.6 16V',1599,1998,2002,1),(3972,'11139',312,'1.6 i 16V',1599,1996,2002,1),(3973,'16168',312,'2.0 16V',1975,2001,2002,1),(3974,'1020759',963,'GS',NULL,2015,NULL,1),(3975,'1021035',963,'1.6',1591,2016,NULL,1),(3976,'1021398',963,'2.0',1999,2016,NULL,1),(3977,'1021399',963,'2.0 4wd',1999,2016,NULL,1),(3978,'1020735',319,'HD',NULL,2007,2010,1),(3979,'1020736',319,'(MD,UD)',NULL,2011,2015,1),(3980,'1020738',319,'AD',NULL,2016,NULL,1),(3981,'15127',319,'1.6',1599,2000,2006,1),(3982,'15128',319,'2.0',1975,2000,2006,1),(3983,'15949',319,'1.8',1795,2000,2006,1),(3984,'15951',319,'2.0',1975,2000,2006,1),(3985,'15971',319,'2.0 CRDi',1991,2001,2006,1),(3986,'17497',319,'2.0',1975,2003,2006,1),(3987,'17571',319,'1.6',1599,2003,2006,1),(3988,'19742',319,'1.6',1599,2003,2006,1),(3989,'19758',319,'1.8',1795,2002,2006,1),(3990,'20802',319,'1.8',1795,2000,2003,1),(3991,'27967',319,'1.6',1599,2000,2006,1),(3992,'1022391',319,'1.6',1591,2016,NULL,1),(3993,'7305',319,'1.6 CVVT',1591,2006,2011,1),(3994,'18892',319,'2.0 CVVT',1975,2006,2010,1),(3995,'110520',319,'1.6 CRDi',1582,2005,2011,1),(3996,'25918',319,'1.6 CRDi',1582,2011,NULL,1),(3997,'58679',319,'1.6',1591,2011,NULL,1),(3998,'118531',319,'2.0 GDI',1999,2016,NULL,1),(3999,'118532',319,'1.6 CRDi',1582,2016,NULL,1),(4000,'1022309',319,'1.6',1591,2011,2015,1),(4001,'15129',319,'1.6',1599,2000,2006,1),(4002,'15130',319,'2.0',1975,2000,2006,1),(4003,'15948',319,'1.8',1795,2000,2006,1),(4004,'15950',319,'2.0',1975,2000,2006,1),(4005,'15972',319,'2.0 CRDi',1991,2001,2006,1),(4006,'17496',319,'2.0',1975,2003,2006,1),(4007,'17570',319,'1.6',1599,2003,2006,1),(4008,'20801',319,'1.8',1795,2000,2003,1),(4009,'23718',319,'1.6',1599,2000,2006,1),(4010,'111955',319,'1.5 16V',1495,2000,2006,1),(4011,'111956',319,'1.5 D',1493,2000,2006,1),(4012,'24881',341,'4.5',4498,1999,2003,1),(4013,'111963',341,'3.0 24V',2972,1999,2009,1),(4014,'7421',341,'4.6 V8',4627,2009,NULL,1),(4015,'54904',341,'3.8',3778,2009,NULL,1),(4016,'54905',341,'4.6 V8',4627,2009,NULL,1),(4017,'54906',341,'5.0 GDi',5038,2009,NULL,1),(4018,'54907',341,'3.8 GDi',3778,2009,NULL,1),(4019,'16933',320,'2.5 TD',2477,1991,1998,1),(4020,'16934',320,'2.5 TD intercooler',2477,1991,1998,1),(4021,'16935',320,'3.0 V6',2972,1991,1998,1),(4022,'15144',320,'3.0 V6',2972,1998,2003,1),(4023,'15145',320,'2.5 TD intercooler',2476,1998,2003,1),(4024,'16932',320,'2.5 TCi D',2476,1998,2003,1),(4025,'16943',320,'2.5 TD',2476,1998,2003,1),(4026,'1020744',340,'DH',NULL,2013,NULL,1),(4027,'7330',340,'3.8 V6',3778,2008,NULL,1),(4028,'52428',340,'3.8 V6',3778,2008,NULL,1),(4029,'111966',340,'3.3 24V',3342,2008,NULL,1),(4030,'111979',340,'3.3 24V',3342,2008,NULL,1),(4031,'107700',340,'3.0 GDI',2999,2014,NULL,1),(4032,'107701',340,'3.0 GDI 4WD',2999,2014,NULL,1),(4033,'107702',340,'3.3 GDI',3342,2014,NULL,1),(4034,'107703',340,'3.3 GDI 4WD',3342,2014,NULL,1),(4035,'108014',340,'3.8 GDI 4WD',3778,2014,NULL,1),(4036,'108015',340,'3.0 GDI',2999,2014,NULL,1),(4037,'108016',340,'3.0 GDI 4WD',2999,2014,NULL,1),(4038,'116899',340,'3.8 GDI',3778,2014,NULL,1),(4039,'1020988',340,'3.8 gdi',3778,2014,NULL,1),(4040,'7337',340,'2.0 T',1998,2008,NULL,1),(4041,'7405',340,'3.8 V6',3778,2008,NULL,1),(4042,'55397',340,'3.8 V6',3778,2012,NULL,1),(4043,'55398',340,'2.0 T',1998,2012,NULL,1),(4044,'59399',340,'3.8 V6',3778,2011,NULL,1),(4045,'59400',340,'2.0 T',1998,2011,NULL,1),(4046,'117566',340,'2.0 CVVT',1998,2013,NULL,1),(4047,'1020851',325,'TB',NULL,2002,2011,1),(4048,'16812',325,'1.5 CRDi',1493,2003,2005,1),(4049,'16813',325,'1.6',1599,2002,2005,1),(4050,'16814',325,'1.3 i',1341,2002,2004,1),(4051,'16978',325,'1.1',1086,2002,2005,1),(4052,'18027',325,'1.3',1341,2003,2005,1),(4053,'19715',325,'1.1',1086,2005,2009,1),(4054,'19917',325,'1.4 i',1399,2005,NULL,1),(4055,'19918',325,'1.5 CRDi',1493,2005,2009,1),(4056,'20853',325,'1.5 CRDi GLS',1493,2005,2009,1),(4057,'117567',344,'2.4',2351,1997,2004,1),(4058,'9135',321,'2.2 CRDi Привод на все колеса',2199,2013,NULL,1),(4059,'100253',321,'3.0 GDi Привод на все колеса',2999,2013,NULL,1),(4060,'100254',321,'3.3 GDi Привод на все колеса',3342,2013,NULL,1),(4061,'116617',321,'2.0 T-GDI',1998,2015,NULL,1),(4062,'116960',321,'2.2 CRDi Привод на все колеса',2199,2015,NULL,1),(4063,'1021885',321,'3.3',3342,2014,NULL,1),(4064,'117588',327,'3.0',2972,1989,1992,1),(4065,'1020762',327,'HG',NULL,2012,2017,1),(4066,'10430',327,'2.7',2656,2011,NULL,1),(4067,'57224',327,'2.4',2359,2011,NULL,1),(4068,'57225',327,'3.0',2999,2011,NULL,1),(4069,'58102',327,'3.0',2999,2011,NULL,1),(4070,'111980',327,'2.2 D',2199,2011,NULL,1),(4071,'111981',327,'2.4 16V',2359,2011,NULL,1),(4072,'111982',327,'3.8',3778,2011,NULL,1),(4073,'117591',327,'2.4',2359,2011,NULL,1),(4074,'6645',327,'3.3',3342,2010,NULL,1),(4075,'19185',327,'3.3',3342,2005,NULL,1),(4076,'21590',327,'3.8',3778,2005,NULL,1),(4077,'23306',327,'2.2 CRDi',2188,2006,NULL,1),(4078,'23307',327,'2.2 CRDi',2188,2006,NULL,1),(4079,'28025',327,'2.7',2656,2006,NULL,1),(4080,'111975',327,'2.4',2359,2006,NULL,1),(4081,'117587',327,'3.0',2972,1992,1999,1),(4082,'1022294',327,'3.0',2972,1992,1999,1),(4083,'1020854',315,'TQ',NULL,2007,NULL,1),(4084,'8421',315,'2.4',2351,1997,2004,1),(4085,'8422',315,'2.5 TD',2476,1997,2004,1),(4086,'9554',315,'2.4 4WD',2351,1998,2004,1),(4087,'9555',315,'2.5 TD 4WD',2476,1998,2004,1),(4088,'9938',315,'2.4 4WD',2351,2001,2004,1),(4089,'15033',315,'2.5 CRDi',2497,1997,2004,1),(4090,'15921',315,'2.5 D',2476,1997,2004,1),(4091,'20542',315,'2.5 TCi',2476,1997,2007,1),(4092,'20543',315,'2.5 TCi',2476,2004,2007,1),(4093,'20544',315,'2.5 CRDi',2497,2002,2004,1),(4094,'20546',315,'2.5 CRDi 4WD',2497,2002,2004,1),(4095,'23310',315,'2.5 TD 4WD',2476,2001,2004,1),(4096,'23311',315,'2.5 TD 4WD',2476,2001,2004,1),(4097,'23312',315,'2.5 CRDi',2497,2006,2007,1),(4098,'27961',315,'2.4',2351,2001,2004,1),(4099,'54936',315,'2.5 CRDi',2497,2002,2004,1),(4100,'22054',315,'2.5 D',2476,2000,2005,1),(4101,'23798',315,'2.5 CRDi',2497,2002,NULL,1),(4102,'26617',315,'2.5 CRDi',2497,2008,NULL,1),(4103,'33153',315,'2.5 CRDi',2497,2008,NULL,1),(4104,'55576',315,'2.5 CRDi',2497,2008,NULL,1),(4105,'55577',315,'2.5 CRDi',2497,2011,NULL,1),(4106,'55578',315,'2.5 CRDi',2497,2009,NULL,1),(4107,'1022450',315,'2.4',2359,2010,NULL,1),(4108,'11235',315,'2.5 CRDI',2497,2008,NULL,1),(4109,'31132',315,'2.5 CRDi',2497,2008,NULL,1),(4110,'56238',315,'2.4 i',2359,2008,NULL,1),(4111,'57267',315,'2.5 CRDi',2497,2011,NULL,1),(4112,'107665',315,'2.5 CRDi',2497,2010,NULL,1),(4113,'14736',315,'2.5 TD',2476,2000,NULL,1),(4114,'14737',315,'2.4',2351,2000,2004,1),(4115,'15381',315,'2.5 TD',2476,2000,2004,1),(4116,'17466',315,'2.5 TD',2476,2001,2004,1),(4117,'17758',315,'2.5 CRDi',2497,2003,2007,1),(4118,'23317',315,'2.5 CRDi',2497,2001,2004,1),(4119,'31489',964,'2.5 TD',2477,2006,NULL,1),(4120,'8169',964,'2.5 D',2477,1994,2000,1),(4121,'8367',964,'2.4',2351,1997,2000,1),(4122,'14190',964,'2.5 D',2477,1993,1994,1),(4123,'14192',964,'2.4',2351,1993,2000,1),(4124,'15919',964,'2.5 TD',2476,1993,2000,1),(4125,'10559',964,'2.5 D',2477,1994,2000,1),(4126,'10560',964,'2.5 D',2477,1993,1994,1),(4127,'113122',965,'2.5 CRDI',2497,2015,NULL,1),(4128,'113123',965,'2.5 CRDI',2497,2015,NULL,1),(4129,'113116',965,'2.5 CRDI',2497,2015,NULL,1),(4130,'113118',965,'2.5 CRDI',2497,2015,NULL,1),(4131,'113119',965,'2.5 CRDI',2497,2015,NULL,1),(4132,'113120',965,'2.5 CRDI',2497,2015,NULL,1),(4133,'1012488',338,'HD 500',12300,2006,NULL,1),(4134,'1012489',338,'HD 1000',12300,2006,NULL,1),(4135,'1012490',338,'HD 270',12300,2006,NULL,1),(4136,'1012491',338,'HD 270',12300,2006,NULL,1),(4137,'1012492',338,'HD 370',12300,2006,NULL,1),(4138,'1012493',338,'HD 250',12300,2006,NULL,1),(4139,'1012494',338,'HD 260',12300,2006,NULL,1),(4140,'1012495',338,'HD 170',11149,2006,NULL,1),(4141,'1012501',338,'HD 160',7545,2006,NULL,1),(4142,'1012502',338,'HD 160',7545,2006,NULL,1),(4143,'1012503',338,'HD 250',11149,2006,NULL,1),(4144,'1012504',338,'HD 320',11149,2006,NULL,1),(4145,'1012505',338,'HD 320',12300,2006,NULL,1),(4146,'1012506',338,'HD 320',12300,2006,NULL,1),(4147,'1012465',338,'HD 45',2607,2006,NULL,1),(4148,'1012466',338,'HD 65',3568,2006,NULL,1),(4149,'1012467',338,'HD 65',3298,2006,NULL,1),(4150,'1012468',338,'HD 65',3907,2006,NULL,1),(4151,'1012469',338,'HD 72',3298,2006,NULL,1),(4152,'1012470',338,'HD 72',3907,2006,NULL,1),(4153,'1012471',338,'HD 72',3907,2006,NULL,1),(4154,'1012472',338,'HD 72',3907,2006,NULL,1),(4155,'1012473',338,'HD 78',3907,2006,NULL,1),(4156,'1012474',338,'HD 78',3907,2006,NULL,1),(4157,'1012497',338,'HD 65',3907,2006,NULL,1),(4158,'1012498',338,'HD 65',3907,2006,NULL,1),(4159,'1012508',338,'HD 35',3907,2007,NULL,1),(4160,'1012518',338,'HD 75',3933,2009,NULL,1),(4161,'1012496',338,'HD 120',6606,2006,NULL,1),(4162,'1012499',338,'HD 120',7545,2006,NULL,1),(4163,'1012500',338,'HD 120',6606,2006,NULL,1),(4164,'1012583',338,'HD 120',7545,2006,NULL,1),(4165,'100581',329,'1.0',998,2013,NULL,1),(4166,'100584',329,'1.2',1248,2013,NULL,1),(4167,'9892',329,'1.1',1086,2011,NULL,1),(4168,'9893',329,'1.2',1248,2011,NULL,1),(4169,'26584',329,'1.1',1086,2008,NULL,1),(4170,'26585',329,'1.1 CRDi',1120,2008,NULL,1),(4171,'30842',329,'1.2',1248,2008,NULL,1),(4172,'59401',329,'1.0',998,2011,NULL,1),(4173,'108798',330,'1.2',1248,2014,NULL,1),(4174,'108806',330,'1.2',1248,2014,NULL,1),(4175,'108807',330,'1.4',1368,2014,NULL,1),(4176,'108809',330,'1.1 CRDi',1120,2014,NULL,1),(4177,'108810',330,'1.4 CRDi',1396,2014,NULL,1),(4178,'117331',330,'1.2',1248,2015,NULL,1),(4179,'118529',330,'1.0 T-GDI',998,2016,NULL,1),(4180,'118530',330,'1.0 T-GDI',998,2016,NULL,1),(4181,'5904',330,'1.4 CRDi',1396,2009,NULL,1),(4182,'30901',330,'1.2',1248,2008,NULL,1),(4183,'30902',330,'1.4',1396,2008,NULL,1),(4184,'30903',330,'1.6',1591,2008,NULL,1),(4185,'30904',330,'1.6 CRDi',1582,2008,NULL,1),(4186,'34801',330,'1.4 CRDi',1396,2008,NULL,1),(4187,'57272',330,'1.1 CRDi',1120,2012,NULL,1),(4188,'57273',330,'1.2',1248,2012,NULL,1),(4189,'59405',330,'1.6 CRDi',1582,2009,NULL,1),(4190,'1021507',330,'1.0 t-gdi',998,2015,NULL,1),(4191,'1021510',330,'1.0 t-gdi',998,2015,NULL,1),(4192,'1021513',330,'1.4 crdi',1396,2015,NULL,1),(4193,'1021539',330,'1.4',1368,2015,NULL,1),(4194,'114617',330,'1.4',1368,2015,NULL,1),(4195,'114618',330,'1.4 CRDi',1396,2015,NULL,1),(4196,'119123',330,'1.0 T-GDI',998,2016,NULL,1),(4197,'119185',330,'1.0 T-GDI',998,2016,NULL,1),(4198,'1021394',330,NULL,1248,2015,NULL,1),(4199,'1021395',330,NULL,1120,2015,NULL,1),(4200,'1020852',331,'GD',NULL,2011,2017,1),(4201,'23433',331,'1.4',1396,2007,2011,1),(4202,'23434',331,'1.6',1591,2007,2011,1),(4203,'23435',331,'2.0',1975,2007,2011,1),(4204,'23436',331,'1.6 CRDi',1582,2007,2011,1),(4205,'23437',331,'2.0 CRDi',1991,2007,2011,1),(4206,'28579',331,'1.4',1396,2007,2011,1),(4207,'28580',331,'1.6',1591,2007,2011,1),(4208,'28581',331,'1.6 CRDi',1582,2007,2011,1),(4209,'30900',331,'1.6',1591,2008,2011,1),(4210,'58603',331,'2.0 CRDi',1991,2007,2011,1),(4211,'3784',331,'1.4',1396,2011,NULL,1),(4212,'4144',331,'1.4 CRDi',1396,2011,NULL,1),(4213,'9441',331,'1.6',1591,2012,NULL,1),(4214,'16283',331,'1.6 GDI',1591,2011,NULL,1),(4215,'55571',331,'1.6 CRDi',1582,2011,NULL,1),(4216,'55786',331,'1.6 GDI',1591,2011,NULL,1),(4217,'56806',331,'1.6 CRDi',1582,2011,NULL,1),(4218,'109980',331,'1.6 T-GDI',1591,2015,NULL,1),(4219,'111071',331,'1.6 CRDi',1582,2011,NULL,1),(4220,'111078',331,'1.4',1368,2014,NULL,1),(4221,'1022152',331,'1.4 mpi',1368,2016,NULL,1),(4222,'10609',331,'1.4',1396,2007,2012,1),(4223,'25448',331,'1.6',1591,2008,2012,1),(4224,'25449',331,'2.0',1975,2008,2012,1),(4225,'25450',331,'1.6 CRDi',1582,2008,2012,1),(4226,'28583',331,'1.6 CRDi',1582,2008,2012,1),(4227,'28584',331,'2.0 CRDi',1991,2008,2012,1),(4228,'28585',331,'1.6',1591,2008,2012,1),(4229,'33176',331,'1.4',1396,2009,2012,1),(4230,'58604',331,'2.0 CRDi',1991,2008,2012,1),(4231,'56798',331,'1.4',1396,2012,NULL,1),(4232,'56799',331,'1.6',1591,2012,NULL,1),(4233,'56800',331,'1.6 GDI',1591,2012,NULL,1),(4234,'56801',331,'1.4 CRDi',1396,2012,NULL,1),(4235,'56802',331,'1.6 CRDi',1582,2012,NULL,1),(4236,'56803',331,'1.6 CRDi',1582,2012,NULL,1),(4237,'56804',331,'1.6',1591,2012,NULL,1),(4238,'109978',331,'1.4',1368,2015,NULL,1),(4239,'109979',331,'1.6 CRDi',1582,2015,NULL,1),(4240,'59318',331,'1.4',1396,2013,NULL,1),(4241,'59319',331,'1.6 GDI',1591,2013,NULL,1),(4242,'59320',331,'1.4 CRDi',1396,2013,NULL,1),(4243,'59321',331,'1.6 CRDi',1582,2013,NULL,1),(4244,'111156',331,'1.6 T-GDI',1591,2015,NULL,1),(4245,'117964',331,'1.6 CRDi',1582,2016,NULL,1),(4246,'117967',331,'1.6 CRDi',1582,2016,NULL,1),(4247,'117970',331,'1.4',1368,2014,NULL,1),(4248,'1021832',331,'1.6 mpi',1591,2016,NULL,1),(4249,'1020853',333,'VF',NULL,2011,NULL,1),(4250,'55572',333,'1.6 GDI',1591,2012,NULL,1),(4251,'55573',333,'2.0 GDI',1999,2012,NULL,1),(4252,'55574',333,'1.7 CRDi',1685,2012,NULL,1),(4253,'55575',333,'1.7 CRDi',1685,2012,NULL,1),(4254,'111080',333,'2.0 GDi',1999,2012,NULL,1),(4255,'115229',333,'1.7 CRDI',1685,2015,NULL,1),(4256,'117569',333,'2.0 CVVT',1999,2012,NULL,1),(4257,'10618',333,'1.6 GDI',1591,2011,NULL,1),(4258,'10620',333,'2.0 GDI',1999,2011,NULL,1),(4259,'10622',333,'1.7 CRDi',1685,2011,NULL,1),(4260,'10623',333,'1.7 CRDi',1685,2011,NULL,1),(4261,'113136',333,'1.7 CRDi',1685,2015,NULL,1),(4262,'115231',333,'2.0 GDi',1999,2012,NULL,1),(4263,'117570',333,'2.0 CVVT',1999,2012,NULL,1),(4264,'2557',330,'1.4',1396,2010,NULL,1),(4265,'2621',330,'1.6',1591,2010,NULL,1),(4266,'2698',330,'1.4 CRDi',1396,2010,NULL,1),(4267,'10602',330,'1.6 CRDI',1582,2011,NULL,1),(4268,'10604',330,'1.4 CRDi',1396,2011,NULL,1),(4269,'59408',330,'1.6 CRDI',1582,2011,NULL,1),(4270,'1022586',332,'LM',NULL,2009,2015,1),(4271,'9446',332,'2.0 CRDi',1995,2012,NULL,1),(4272,'9930',332,'1.6',1591,2010,NULL,1),(4273,'9931',332,'1.7 CRDi',1685,2010,NULL,1),(4274,'33131',332,'2.0',1998,2010,NULL,1),(4275,'33132',332,'2.0 4WD',1998,2010,NULL,1),(4276,'33133',332,'2.0 CRDi',1995,2010,NULL,1),(4277,'33134',332,'2.0 CRDi 4WD',1995,2010,NULL,1),(4278,'33135',332,'2.0 CRDi 4WD',1995,2010,NULL,1),(4279,'100805',332,'2.0 GDi 4WD',1999,2013,NULL,1),(4280,'100807',332,'2.0 GDi',1999,2013,NULL,1),(4281,'109541',332,'Fuel Cell',NULL,2014,NULL,1),(4282,'110519',332,'2.4 DCVVT-I 4WD',2359,2010,2013,1),(4283,'114089',332,'2.0 CVVT',1998,2009,NULL,1),(4284,'118799',332,'2.0 CVVT AWD',1998,2009,NULL,1),(4285,'1021939',332,'2.0 4wd',1999,2014,NULL,1),(4286,'1022387',332,'2.0 gdi 4wd',1999,2013,2015,1),(4287,'1022389',332,'2.0 gdi',1999,2013,2015,1),(4288,'12258',334,'3.0 V6 CRDi 4WD',2959,2011,NULL,1),(4289,'31215',334,'3.0 V6 CRDi 4WD',2959,2008,NULL,1),(4290,'55399',334,'3.8 V6',3778,2011,NULL,1),(4291,'55400',334,'3.8 V6 4WD',3778,2011,NULL,1),(4292,'57897',334,'3.8 V6 4WD',3778,2007,NULL,1),(4293,'1022320',334,'3.0 v6 crdi 4wd',2959,2012,NULL,1),(4294,'108908',345,'1.8',1796,1993,1996,1),(4295,'108910',345,'2.0',1997,1993,1998,1),(4296,'108911',345,'2.0',1997,1993,1998,1),(4297,'108912',345,'3.0',2972,1993,1998,1),(4298,'1020761',323,'FC',NULL,2001,2010,1),(4299,'16001',323,'1.6',1599,2001,2010,1),(4300,'16212',323,'1.8',1795,2001,2010,1),(4301,'16286',323,'1.5 CRDi',1496,2001,2010,1),(4302,'18753',323,'1.5 CRDi',1493,2004,2010,1),(4303,'20825',323,'1.5 CRDi VGT',1493,2005,2010,1),(4304,'111973',323,'1.5',1495,2001,2010,1),(4305,'14151',316,'1.2',1238,1974,1982,1),(4306,'14152',316,'1.4',1439,1977,1982,1),(4307,'4549',316,'1.3',1299,1989,1995,1),(4308,'4550',316,'1.5',1468,1989,1995,1),(4309,'4551',316,'1.5 i',1468,1989,1995,1),(4310,'4552',316,'1.5 i',1468,1989,1995,1),(4311,'4553',316,'1.5',1468,1990,1995,1),(4312,'4554',316,'1.5 i',1468,1990,1995,1),(4313,'4576',316,'1.5 i',1468,1990,1995,1),(4314,'14153',316,'1.2',1238,1978,NULL,1),(4315,'14154',316,'1.4',1439,1978,NULL,1),(4316,'14155',316,'1.3',1299,1985,1989,1),(4317,'14156',316,'1.5',1468,1985,1989,1),(4318,'1020757',335,'_',NULL,1996,2004,1),(4319,'1020758',335,'_',NULL,2004,NULL,1),(4320,'117369',335,'2.5 D',2476,2005,NULL,1),(4321,'117370',335,'2.5 D',2497,2012,NULL,1),(4322,'26837',335,'2.5 TD',2477,1994,2004,1),(4323,'26867',335,'2.5 TD',2476,1994,2004,1),(4324,'26997',335,'2.5 CRDi',2497,2003,2004,1),(4325,'26838',335,'2.5 TD',2476,1994,2004,1),(4326,'26840',335,'2.5 TD',2477,1994,2004,1),(4327,'26998',335,'2.5 CRDi',2497,2003,2004,1),(4328,'4555',312,'1.5 i',1468,1990,1996,1),(4329,'4556',312,'1.5 i',1495,1992,1996,1),(4330,'4557',312,'1.5 i Turbo',1495,1991,1996,1),(4331,'1020748',321,'SM',NULL,2000,2006,1),(4332,'1020749',321,'CM',NULL,2006,2012,1),(4333,'1020750',321,'DM,NC',NULL,2013,2018,1),(4334,'1020751',321,'TM',NULL,2019,NULL,1),(4335,'10569',321,'2.7',2656,2004,2006,1),(4336,'15376',321,'2.4 16V',2351,2001,2006,1),(4337,'15378',321,'2.7 V6 4x4',2656,2001,2006,1),(4338,'15974',321,'2.0 CRDi 4x4',1991,2001,2006,1),(4339,'16002',321,'2.4 16V 4x4',2351,2001,2006,1),(4340,'16171',321,'2.4 16V',2351,2001,2006,1),(4341,'16172',321,'2.4 16V 4x4',2351,2001,2006,1),(4342,'16282',321,'2.0 CRDi',1991,2001,2006,1),(4343,'18024',321,'2.0',1997,2001,2006,1),(4344,'19611',321,'2.0 CRDi 4x4',1991,2003,2006,1),(4345,'6647',321,'2.0 CRDi',1995,2010,NULL,1),(4346,'6648',321,'2.4',2359,2010,NULL,1),(4347,'6649',321,'2.0 CRDi 4x4',1995,2010,NULL,1),(4348,'19730',321,'2.7 4x4',2657,2006,NULL,1),(4349,'19731',321,'2.7',2657,2006,NULL,1),(4350,'19732',321,'2.2 CRDi',2188,2006,NULL,1),(4351,'19733',321,'2.2 CRDi 4x4',2188,2006,NULL,1),(4352,'19838',321,'2.7 V6 GLS',2656,2006,NULL,1),(4353,'19839',321,'2.7 V6 GLS 4x4',2656,2006,NULL,1),(4354,'19840',321,'2.2 CRDi GLS',2188,2006,NULL,1),(4355,'19841',321,'2.2 CRDi GLS 4x4',2188,2006,NULL,1),(4356,'20104',321,'2.2 CRDi',2188,2006,NULL,1),(4357,'20105',321,'2.2 CRDi 4x4',2188,2006,NULL,1),(4358,'34960',321,'2.2 CRDi',2199,2009,NULL,1),(4359,'34961',321,'2.2 CRDi 4x4',2199,2009,NULL,1),(4360,'111969',321,'2.0 CRDi 4x4',1995,2006,NULL,1),(4361,'111971',321,'2.0 CRDi 4x4',1991,2006,NULL,1),(4362,'46009',321,'3.0 GDi',2999,2013,NULL,1),(4363,'46047',321,'3.0 GDi 4WD',2999,2013,NULL,1),(4364,'55794',321,'2.4',2359,2012,NULL,1),(4365,'55795',321,'2.0 CRDi',1995,2012,NULL,1),(4366,'55796',321,'2.2 CRDi',2199,2012,NULL,1),(4367,'55797',321,'2.2 CRDi 4WD',2199,2012,NULL,1),(4368,'56796',321,'2.4 4WD',2359,2012,NULL,1),(4369,'56797',321,'2.0 CRDi 4WD',1995,2012,NULL,1),(4370,'116947',321,'2.2 CRDi 4WD',2199,2015,NULL,1),(4371,'117223',321,'2.4 GDI',2359,2015,NULL,1),(4372,'117225',321,'2.4 GDI 4WD',2359,2015,NULL,1),(4373,'117226',321,'2.2 CRDi',2199,2015,NULL,1),(4374,'117229',321,'2.0 CRDi',1995,2015,NULL,1),(4375,'117568',321,'3.4 AWD',3342,2014,NULL,1),(4376,'117585',321,'2.4 CCVT',2359,2012,NULL,1),(4377,'117586',321,'2.4 CCVT AWD',2359,2012,NULL,1),(4378,'15595',322,'2.0 16V',1997,1999,NULL,1),(4379,'15596',322,'2.0 16V 4x4',1997,1999,NULL,1),(4380,'1020752',342,'RB',NULL,2010,2017,1),(4381,'1020753',342,'HCR',NULL,2017,NULL,1),(4382,'7424',342,'1.4',1396,2010,NULL,1),(4383,'7451',342,'1.6',1591,2010,NULL,1),(4384,'1020953',342,NULL,1591,2010,NULL,1),(4385,'1021880',342,NULL,1582,2015,NULL,1),(4386,'55641',342,'1.4',1396,2010,NULL,1),(4387,'55644',342,'1.6',1591,2010,NULL,1),(4388,'109976',342,'1.6 CCVT-I',1591,2010,NULL,1),(4389,'109977',342,'1.6 CRDI',1582,2011,NULL,1),(4390,'1022356',342,'1.4',1368,2017,NULL,1),(4391,'1022357',342,'1.6',1591,2017,NULL,1),(4392,'1020739',313,'Y3',NULL,1996,1998,1),(4393,'1020740',313,'EF',NULL,1998,2005,1),(4394,'1020741',313,'NF',NULL,2005,2009,1),(4395,'1020742',313,'YF',NULL,2010,2014,1),(4396,'1020743',313,'LF',NULL,2015,NULL,1),(4397,'4558',313,'2.0 i',1997,1991,1993,1),(4398,'4559',313,'2.0 i 16V',1997,1991,1993,1),(4399,'4560',313,'3.0 i V6',2972,1991,1993,1),(4400,'14078',313,'1.8 i',1796,1988,1993,1),(4401,'14170',313,'2.4 i',2351,1988,1991,1),(4402,'14171',313,'2.0 i',1997,1988,1991,1),(4403,'4561',313,'2.0 i',1997,1994,1996,1),(4404,'4562',313,'2.0 i 16V',1997,1993,1998,1),(4405,'4563',313,'3.0 i V6',2972,1993,1998,1),(4406,'5852',313,'2.0 i 16V',1997,1996,1998,1),(4407,'14077',313,'1.8 i',1796,1993,1998,1),(4408,'14193',313,'2.0 i',1997,1996,1998,1),(4409,'20432',313,'1.8 GLS',1795,1996,1998,1),(4410,'9420',313,'2.5 V6 24V',2493,1998,2001,1),(4411,'9819',313,'2.0 16V',1997,1998,2001,1),(4412,'11513',313,'2.4 16V',2351,1998,2001,1),(4413,'16367',313,'2.0 16V',1997,2001,2004,1),(4414,'16368',313,'2.7 V6',2656,2001,2004,1),(4415,'19741',313,'2.7 V6',2656,2002,2004,1),(4416,'20840',313,'2.0 CRDi Dynamic',1991,2001,2004,1),(4417,'7306',313,'2.0',1998,2009,NULL,1),(4418,'7325',313,'2.4',2359,2009,NULL,1),(4419,'55638',313,'2.4',2359,2009,NULL,1),(4420,'105638',313,'2.0 Hybrid',1999,2014,NULL,1),(4421,'1021197',313,'2.0 hybrid',1999,2011,2014,1),(4422,'1021291',313,'2.0 gdi hybrid',1999,2014,NULL,1),(4423,'1021292',313,'2.0 hybrid',1999,2014,NULL,1),(4424,'1020754',324,'HP',NULL,2001,2007,1),(4425,'16284',324,'2.5 TD',2476,2001,2006,1),(4426,'17424',324,'2.9 CRDi 4WD',2902,2001,2006,1),(4427,'18031',324,'2.9 CRDi 4WD',2902,2003,2006,1),(4428,'18825',324,'3.5 i V6 4WD',3497,2001,2006,1),(4429,'27982',324,'2.9 CRDi',2902,2001,2003,1),(4430,'1020755',318,'_',NULL,1999,2007,1),(4431,'14749',318,'2.0',1997,2000,2008,1),(4432,'15377',318,'2.7 V6',2656,2000,2008,1),(4433,'15973',318,'2.0 CRDi',1991,2001,2008,1),(4434,'18028',318,'2.0',1975,2004,2008,1),(4435,'1020745',326,'JM',NULL,2005,2010,1),(4436,'1020746',326,'LM',NULL,2010,2015,1),(4437,'1020747',326,'TL',NULL,2016,NULL,1),(4438,'18207',326,'2.0',1975,2004,2010,1),(4439,'18208',326,'2.0 Привод на все колеса',1975,2004,2010,1),(4440,'18209',326,'2.7 Привод на все колеса',2656,2004,2010,1),(4441,'18210',326,'2.0 CRDi',1991,2004,2010,1),(4442,'18211',326,'2.0 CRDi Привод на все колеса',1991,2004,2010,1),(4443,'19623',326,'2.0 CRDi',1991,2006,2010,1),(4444,'19624',326,'2.0 CRDi Привод на все колеса',1991,2006,2010,1),(4445,'23308',326,'2.0 CRDi',1991,2006,2010,1),(4446,'23309',326,'2.0 CRDi Привод на все колеса',1991,2006,2010,1),(4447,'31271',326,'2.0 CRDi',1991,2009,2010,1),(4448,'31272',326,'2.0 CRDi Привод на все колеса',1991,2009,2010,1),(4449,'114608',326,'2.0 CRDi Привод на все колеса',1995,2015,NULL,1),(4450,'114609',326,'1.6 T-GDI Привод на все колеса',1591,2015,NULL,1),(4451,'115212',326,'1.6 T-GDI',1591,2015,NULL,1),(4452,'115216',326,'1.6 GDi',1591,2015,NULL,1),(4453,'115218',326,'1.7 CRDI',1685,2015,NULL,1),(4454,'115220',326,'2.0 CRDI Привод на все колеса',1995,2015,NULL,1),(4455,'115221',326,'2.0 CRDi',1995,2015,NULL,1),(4456,'117220',326,'2.0 GDI',1999,2015,NULL,1),(4457,'117221',326,'2.0 GDI 4WD',1999,2015,NULL,1),(4458,'119016',326,'2.0 CRDI FWD',1995,2015,NULL,1),(4459,'119122',326,'1.7 CDi FWD',1685,2015,NULL,1),(4460,'1012513',337,'320',11149,2007,NULL,1),(4461,'1012514',337,'340',11149,2007,NULL,1),(4462,'1012515',337,'380',12300,2007,NULL,1),(4463,'1012516',337,'410',12300,2007,NULL,1),(4464,'1012521',337,'290',11149,2007,NULL,1),(4465,'1020756',343,'FS',NULL,2011,2014,1),(4466,'9815',343,'1.6 GDI',1591,2011,NULL,1),(4467,'56736',343,'1.6 T-GDI',1591,2012,NULL,1),(4468,'57228',343,'1.6',1591,2011,NULL,1),(4469,'109975',343,'1.6 MPI',1591,2011,NULL,1),(4470,'11511',317,'250',2493,1998,2005,1),(4471,'11512',317,'30',2972,1998,2005,1),(4472,'17756',317,'350',3497,2002,2005,1),(4473,'28348',317,'300',2972,1999,2003,1),(4474,'1021869',317,'250',2493,2003,2005,1),(4475,'24321',366,'1.3',1324,1995,2001,1),(4476,'24322',366,'1.5',1498,1997,2001,1),(4477,'24319',366,'1.3',1324,1995,2001,1),(4478,'24320',366,'1.5',1498,1997,2001,1),(4479,'57903',350,'2.2 D',2184,1992,1997,1),(4480,'10793',350,'2.2 D',2184,1996,2003,1),(4481,'24327',367,'2.4 TDCi',2477,2003,NULL,1),(4482,'24332',367,'2.4 D',2417,1990,1999,1),(4483,'24333',367,'2.4 TD',2417,1990,1997,1),(4484,'57690',966,'3.0 CRDi 4WD',2959,2007,NULL,1),(4485,'58056',966,'3.8 4WD',3778,2008,NULL,1),(4486,'55695',373,'2.4',2359,2010,NULL,1),(4487,'111475',373,'2.4',2359,2013,NULL,1),(4488,'1020704',373,'VG',NULL,2010,2016,1),(4489,'1020705',373,'YG',NULL,2017,NULL,1),(4490,'28961',370,'2.0',1991,1991,1997,1),(4491,'1021014',370,'1.5',1498,1991,1995,1),(4492,'28963',370,'2.0',1998,1990,1991,1),(4493,'1020706',357,'RS',NULL,1999,2006,1),(4494,'1020707',357,'UN',NULL,2006,2013,1),(4495,'1020708',357,'RP',NULL,2013,NULL,1),(4496,'15580',357,'1.8 i',1793,2000,2002,1),(4497,'20819',357,'2.0 GSX',1975,2001,2002,1),(4498,'16936',357,'1.6',1594,2002,NULL,1),(4499,'16937',357,'1.8',1793,2002,NULL,1),(4500,'16938',357,'2.0 CRDi',1991,2002,NULL,1),(4501,'18286',357,'2.0 CVVT',1975,2004,NULL,1),(4502,'19802',357,'2.0 CRDi',1991,2005,NULL,1),(4503,'8451',357,'1.6 CVVT',1591,2010,NULL,1),(4504,'8469',357,'1.6 CRDi 128',1582,2010,NULL,1),(4505,'8470',357,'2.0 CRDi 115',1991,2007,NULL,1),(4506,'19751',357,'2.0 CVVT',1998,2006,NULL,1),(4507,'19752',357,'2.0 CRDi 140',1991,2006,NULL,1),(4508,'33606',357,'1.6 CVVT',1591,2009,NULL,1),(4509,'33607',357,'2.0 CRDi 135',1991,2009,NULL,1),(4510,'59293',357,'1.6 CRDi 110',1582,2010,NULL,1),(4511,'58619',357,'1.6 GDi',1591,2013,NULL,1),(4512,'58620',357,'2.0 GDi',1999,2013,NULL,1),(4513,'58621',357,'1.7 CRDi',1685,2013,NULL,1),(4514,'58622',357,'1.7 CRDi',1685,2013,NULL,1),(4515,'58894',357,'2.0 GDi',1999,2013,NULL,1),(4516,'1020709',352,'GQ',NULL,2002,2005,1),(4517,'1020710',352,'VQ',NULL,2006,2014,1),(4518,'1020711',352,'YP',NULL,2015,NULL,1),(4519,'5963',352,'2.2 CRDi',2199,2010,NULL,1),(4520,'5970',352,'2.2 CRDi',2199,2010,NULL,1),(4521,'19507',352,'2.7 V6',2656,2006,NULL,1),(4522,'19508',352,'2.9 CRDi',2902,2006,NULL,1),(4523,'20928',352,'2.9 CRDi LX',2902,2006,NULL,1),(4524,'13140',352,'2.5 V6',2497,1999,2001,1),(4525,'13141',352,'2.9 TD',2903,1999,2001,1),(4526,'16356',352,'2.5 V6',2497,2001,NULL,1),(4527,'16357',352,'2.9 CRDi',2902,2001,NULL,1),(4528,'16821',352,'3.5',3497,2002,NULL,1),(4529,'56854',967,'1.4 CVVT',1396,2012,NULL,1),(4530,'56855',967,'1.6 GDI',1591,2012,NULL,1),(4531,'56856',967,'1.4 CRDi 90',1396,2012,NULL,1),(4532,'56858',967,'1.6 CRDi 128',1582,2012,NULL,1),(4533,'59295',967,'1.6 CRDi 110',1582,2013,NULL,1),(4534,'116492',967,'1.0 T-GDI',998,2015,NULL,1),(4535,'116493',967,'1.0 T-GDI',998,2015,NULL,1),(4536,'116503',967,'1.6 CRDi 136',1582,2015,NULL,1),(4537,'117348',967,'1.4 MPI',1368,2015,NULL,1),(4538,'1021529',967,'1.6 cvvt',1591,2014,NULL,1),(4539,'1020712',967,'ED',NULL,2006,2012,1),(4540,'1020713',967,'JD',NULL,2012,2018,1),(4541,'23662',967,'1.4 CVVT',1396,2012,NULL,1),(4542,'23708',967,'1.6 CVVT',1591,2012,NULL,1),(4543,'23791',967,'1.6 CRDi 90',1582,2012,NULL,1),(4544,'24030',967,'1.6 CRDi 115',1582,2012,NULL,1),(4545,'55073',967,'1.4 CVVT',1396,2012,NULL,1),(4546,'55074',967,'1.6 GDI',1591,2012,NULL,1),(4547,'55076',967,'1.4 CRDi 90',1396,2012,NULL,1),(4548,'55077',967,'1.6 CRDi 128',1582,2012,NULL,1),(4549,'116489',967,'1.0 T-GDI',998,2015,NULL,1),(4550,'116490',967,'1.0 T-GDI',998,2015,NULL,1),(4551,'116491',967,'1.6 CRDi 136',1582,2015,NULL,1),(4552,'117347',967,'1.4 MPI',1368,2015,NULL,1),(4553,'1021527',967,'1.6 cvvt',1591,2013,NULL,1),(4554,'4851',967,'1.4 CVVT',1396,2010,2012,1),(4555,'4852',967,'1.6 CVVT',1591,2009,2012,1),(4556,'4875',967,'1.4',1396,2010,2012,1),(4557,'5135',967,'1.6',1591,2007,2012,1),(4558,'8450',967,'1.6 CRDi 128',1582,2010,2012,1),(4559,'22493',967,'1.4',1396,2007,2012,1),(4560,'22494',967,'1.6',1591,2007,2012,1),(4561,'22495',967,'2.0',1975,2007,2012,1),(4562,'22496',967,'1.6 CRDi 90',1582,2007,2012,1),(4563,'22497',967,'1.6 CRDi 115',1582,2007,2012,1),(4564,'23288',967,'2.0 CRDi 140',1991,2007,2012,1),(4565,'26636',967,'1.6',1591,2007,2012,1),(4566,'5972',967,'1.4 CVVT',1396,2010,2012,1),(4567,'8448',967,'1.6 CVVT',1591,2010,2012,1),(4568,'8449',967,'1.6 CRDi 128',1582,2010,2012,1),(4569,'9809',967,'1.6',1591,2007,2012,1),(4570,'9810',967,'1.4',1396,2006,2012,1),(4571,'19938',967,'1.4',1396,2006,2012,1),(4572,'19939',967,'1.6',1591,2006,2012,1),(4573,'19940',967,'2.0',1975,2006,2012,1),(4574,'19941',967,'1.6 CRDi 90',1582,2006,2012,1),(4575,'19942',967,'1.6 CRDi 115',1582,2006,2012,1),(4576,'23289',967,'2.0 CRDi 140',1991,2007,2012,1),(4577,'26637',967,'1.6',1591,2008,2012,1),(4578,'53618',967,'2.0 CRDi',1991,2007,2012,1),(4579,'1020714',363,'LD',NULL,2003,2008,1),(4580,'1020715',363,'TD',NULL,2008,2013,1),(4581,'1020716',363,'YD',NULL,2013,2018,1),(4582,'17950',363,'1.6',1599,2004,NULL,1),(4583,'17951',363,'2.0',1975,2004,NULL,1),(4584,'17952',363,'2.0 CRDi',1991,2004,NULL,1),(4585,'18981',363,'1.5 CRDi',1493,2005,NULL,1),(4586,'23297',363,'1.6 CRDi',1582,2005,NULL,1),(4587,'33359',363,'2.0',1998,2009,NULL,1),(4588,'55348',363,'1.6 CVVT',1591,2009,NULL,1),(4589,'57669',363,'1.6',1591,2010,NULL,1),(4590,'57670',363,'1.6',1591,2010,NULL,1),(4591,'33360',363,'2.0',1998,2009,NULL,1),(4592,'55349',363,'1.6 CVVT',1591,2009,NULL,1),(4593,'107325',363,'1.6 CVVT',1591,2013,NULL,1),(4594,'1021530',363,'1.6 cvvt',1591,2010,2013,1),(4595,'114295',363,'2.0 MPi',1998,2013,NULL,1),(4596,'57209',363,'1.8',1793,2001,2004,1),(4597,'49728',363,'2.0 MPi',1997,2013,NULL,1),(4598,'52005',363,'1.6 MPi',1591,2013,NULL,1),(4599,'24330',368,'2.4 D',2417,1985,1990,1),(4600,'24331',368,'2.4 TD',2417,1985,1990,1),(4601,'5937',349,'1.8 i 16V',1793,1996,NULL,1),(4602,'5939',349,'2.0 i 16V',1998,1996,NULL,1),(4603,'10259',349,'1.8 i 16V',1793,1998,NULL,1),(4604,'10260',349,'2.0 i 16V',1998,1998,NULL,1),(4605,'117703',375,'2.5',2494,1997,NULL,1),(4606,'14613',355,'2.0',1997,2000,NULL,1),(4607,'17556',355,'2.0',1997,2001,NULL,1),(4608,'16028',358,'2.0',1997,2001,NULL,1),(4609,'16029',358,'2.5 V6',2493,2001,NULL,1),(4610,'10871',358,'2.0 CRDi',1991,2005,2008,1),(4611,'19211',358,'2.0',1998,2005,NULL,1),(4612,'19212',358,'2.7',2656,2005,NULL,1),(4613,'19213',358,'2.0 CRDi',1991,2006,NULL,1),(4614,'33369',358,'2.0',1998,2009,NULL,1),(4615,'33370',358,'2.7 V6',2656,2009,NULL,1),(4616,'33371',358,'2.0 CRDi',1991,2006,NULL,1),(4617,'1021383',968,'1.6 gdi hybrid',1580,2016,NULL,1),(4618,'1021384',968,'1.6 gdi hybrid',1580,2016,NULL,1),(4619,'17838',361,'3.5',3497,2003,NULL,1),(4620,'23052',361,'3.8 V6',3778,2006,NULL,1),(4621,'28378',361,'2.7',2656,2006,NULL,1),(4622,'117705',361,'3.0 GH300',2972,2003,NULL,1),(4623,'31178',372,'2.0',1999,2012,NULL,1),(4624,'31183',372,'2.4',2359,2010,NULL,1),(4625,'32002',372,'2.4 Hybrid',2359,2011,NULL,1),(4626,'33268',372,'2.0',1998,2010,NULL,1),(4627,'33510',372,'1.7 CRDi',1685,2012,NULL,1),(4628,'53380',372,'2.0 CVVT Hybrid',1999,2012,NULL,1),(4629,'57469',372,'2.0 CVVT Hybrid',1999,2012,NULL,1),(4630,'1020717',372,'TF',NULL,2010,2015,1),(4631,'1020718',372,'JF',NULL,2015,NULL,1),(4632,'1022345',372,'2.0 cvvt',1999,2010,2015,1),(4633,'118979',372,'2.0 CVVL',1999,2015,NULL,1),(4634,'1021027',372,'2.4 gdi',2359,2015,NULL,1),(4635,'1021382',372,'2.0 t-gdi',1998,2015,NULL,1),(4636,'1021642',372,'2.0 gdi hybrid',1999,2016,NULL,1),(4637,'1021643',372,'2.0 gdi hybrid',1999,2016,NULL,1),(4638,'1021477',372,'2.0 cvvl',1999,2016,NULL,1),(4639,'1021478',372,'2.0 t-gdi',1998,2016,NULL,1),(4640,'1021479',372,'1.7 crdi',1685,2016,NULL,1),(4641,'1022347',372,'2.0 gdi hybrid',1999,2017,NULL,1),(4642,'1020720',364,'TA',NULL,2011,2017,1),(4643,'1020721',364,'JA',NULL,2017,NULL,1),(4644,'18042',364,'1.1',1086,2004,NULL,1),(4645,'19195',364,'1.0',999,2004,NULL,1),(4646,'19214',364,'1.1 CRDi',1120,2005,NULL,1),(4647,'34737',364,'1.0',999,2009,NULL,1),(4648,'1022191',364,'1.0',998,2017,NULL,1),(4649,'1022192',364,'1.2',1248,2017,NULL,1),(4650,'7067',364,'1.0',998,2011,NULL,1),(4651,'7068',364,'1.0 Bi-Fuel',998,2011,NULL,1),(4652,'7072',364,'1.2',1248,2011,NULL,1),(4653,'53302',364,'1.0 LPG',998,2013,NULL,1),(4654,'114210',364,'1.0',998,2015,NULL,1),(4655,'28964',351,'2.5 D',2477,1995,2004,1),(4656,'11863',351,'2.7 D',2665,1997,NULL,1),(4657,'17309',351,'2.5 TCi D',2476,2002,NULL,1),(4658,'5574',348,'1.3 16V',1324,1990,NULL,1),(4659,'5576',348,'1.3 16V',1324,1990,NULL,1),(4660,'7825',348,'1.3 16V',1324,1996,NULL,1),(4661,'11981',348,'1.1 i',1138,1991,NULL,1),(4662,'11983',348,'1.3 i',1324,1990,NULL,1),(4663,'23600',348,'1.3',1324,1994,1997,1),(4664,'13139',348,'1.3',1324,1999,NULL,1),(4665,'56859',969,'1.4 CVVT',1396,2013,NULL,1),(4666,'56860',969,'1.6 GDI',1591,2013,NULL,1),(4667,'56862',969,'1.4 CRDi 90',1396,2013,NULL,1),(4668,'56863',969,'1.6 CRDi 128',1582,2013,NULL,1),(4669,'59292',969,'1.6 CRDi 110',1582,2013,NULL,1),(4670,'59722',969,'1.6 GT',1591,2013,NULL,1),(4671,'116504',969,'1.0 T-GDI',998,2015,NULL,1),(4672,'116506',969,'1.0 T-GDI',998,2015,NULL,1),(4673,'116507',969,'1.6 CRDi 136',1582,2015,NULL,1),(4674,'117350',969,'1.4 MPI',1368,2015,NULL,1),(4675,'1021528',969,'1.6 cvvt',1591,2013,NULL,1),(4676,'8446',969,'1.6 CVVT',1591,2010,2013,1),(4677,'8447',969,'1.6 CRDi 128',1582,2010,2012,1),(4678,'9934',969,'1.4',1396,2008,2012,1),(4679,'23470',969,'1.4',1396,2008,2012,1),(4680,'23471',969,'1.6',1591,2008,2012,1),(4681,'23472',969,'2.0',1975,2008,2012,1),(4682,'23474',969,'1.6 CRDi 90',1582,2008,2012,1),(4683,'23475',969,'1.6 CRDi 115',1582,2008,2012,1),(4684,'23476',969,'2.0 CRDi 140',1991,2008,2012,1),(4685,'26635',969,'1.6',1591,2008,2012,1),(4686,'28120',969,'1.4 CVVT',1396,2010,2012,1),(4687,'55129',969,'2.0 LPG',1975,2009,NULL,1),(4688,'113198',374,'3.8 GDI',3778,2015,NULL,1),(4689,'1021531',374,'3.8',3778,2013,NULL,1),(4690,'1021974',374,'5.0 gdi',5038,2015,NULL,1),(4691,'1020722',356,'UB',NULL,2012,2017,1),(4692,'1020723',356,'YB',NULL,2017,NULL,1),(4693,'18796',356,'1.4 16V',1399,2005,NULL,1),(4694,'18797',356,'1.6 CVVT',1599,2005,NULL,1),(4695,'18798',356,'1.5 CRDi',1493,2005,NULL,1),(4696,'53616',356,'1.5 CRDi',1493,2008,NULL,1),(4697,'18799',356,'1.4 16V',1399,2005,NULL,1),(4698,'18800',356,'1.6 16V',1599,2005,NULL,1),(4699,'18801',356,'1.5 CRDi',1493,2005,NULL,1),(4700,'110765',356,'1.5 CRDi',1493,2008,NULL,1),(4701,'11018',356,'1.25 CVVT',1248,2011,NULL,1),(4702,'11033',356,'1.4 CVVT',1396,2011,NULL,1),(4703,'11034',356,'1.1 CRDi',1120,2011,NULL,1),(4704,'11036',356,'1.4 CRDi',1396,2011,NULL,1),(4705,'11598',356,'1.6 CVVT',1591,2012,NULL,1),(4706,'53386',356,'1.25 LPG',1248,2011,NULL,1),(4707,'56087',356,'1.4 CVVT',1396,2011,NULL,1),(4708,'56093',356,'1.25 CVVT',1248,2011,NULL,1),(4709,'111912',356,'1.2 CVVT',1248,2014,NULL,1),(4710,'10714',356,'1.6 CVVT',1591,2012,NULL,1),(4711,'59296',356,'1.25 CVVT',1248,2011,NULL,1),(4712,'59297',356,'1.4 CVVT',1396,2011,NULL,1),(4713,'111914',356,'1.2 CVVT',1248,2014,NULL,1),(4714,'1022471',356,'1.4 cvvt',1396,2011,NULL,1),(4715,'1021988',356,'1.25',1248,2017,NULL,1),(4716,'1021989',356,'1.4',1368,2017,NULL,1),(4717,'1021990',356,'1.0 t-gdi 100',998,2017,NULL,1),(4718,'1021991',356,'1.0 t-gdi 120',998,2017,NULL,1),(4719,'1021992',356,'1.4 crdi 77',1396,2017,NULL,1),(4720,'1021993',356,'1.4 crdi 90',1396,2017,NULL,1),(4721,'15672',356,'1.5 16V',1493,2000,2005,1),(4722,'17308',356,'1.3',1343,2000,2005,1),(4723,'20821',356,'1.3',1343,2002,2005,1),(4724,'55966',356,'1.5',1493,2002,2005,1),(4725,'14887',356,'1.3',1343,2000,2005,1),(4726,'16173',356,'1.5 16V',1493,2000,2005,1),(4727,'16174',356,'1.3',1343,2000,2005,1),(4728,'17310',356,'1.5 16V',1493,2002,2005,1),(4729,'13191',353,'1.8',1793,1999,NULL,1),(4730,'108084',970,'3.3 GDI',3342,2014,NULL,1),(4731,'115941',970,'2.2 TD',2199,2015,NULL,1),(4732,'4578',346,'1.6 i',1598,1995,1997,1),(4733,'5948',346,'1.5 i',1498,1996,1997,1),(4734,'7827',346,'1.8 i 16V',1793,1995,1997,1),(4735,'4577',346,'1.6 i',1598,1993,1997,1),(4736,'5945',346,'1.5 i',1498,1996,1997,1),(4737,'7826',346,'1.8 i 16V',1793,1995,1997,1),(4738,'9552',359,'1.5 i 16V',1498,1997,2001,1),(4739,'9553',359,'1.8 i 16V',1793,1997,2001,1),(4740,'16030',359,'1.6',1594,2001,2004,1),(4741,'17328',359,'1.8',1793,2003,2004,1),(4742,'16031',359,'1.6',1594,2001,2004,1),(4743,'101043',359,'1.6 T-GDI',1591,2014,NULL,1),(4744,'101044',359,'2.0',1999,2014,NULL,1),(4745,'111476',359,'1.6',1591,2010,2011,1),(4746,'111477',359,'1.6',1591,2013,2014,1),(4747,'111478',359,'2.0',1998,2010,2011,1),(4748,'111479',359,'2.0',1998,2013,2014,1),(4749,'9550',359,'1.5 i 16V',1498,1997,2001,1),(4750,'17633',359,'1.5',1498,1996,1998,1),(4751,'1020724',360,'BL',NULL,2002,2009,1),(4752,'1020725',360,'XM',NULL,2010,2014,1),(4753,'1020726',360,'UM',NULL,2015,NULL,1),(4754,'4426',360,'2.5 CRDi',2497,2006,NULL,1),(4755,'16912',360,'2.4',2351,2002,NULL,1),(4756,'16913',360,'3.5 V6 4WD',3497,2002,NULL,1),(4757,'16914',360,'2.5 CRDi',2497,2002,NULL,1),(4758,'19505',360,'3.3 V6',3297,2006,NULL,1),(4759,'19506',360,'2.5 CRDi',2497,2006,NULL,1),(4760,'27519',360,'3.3 V6 4WD',3342,2007,NULL,1),(4761,'28373',360,'3.8 4WD',3778,2006,NULL,1),(4762,'6300',360,'2.0 CRDi',1995,2010,NULL,1),(4763,'6302',360,'2.0 CRDi 4WD',1995,2010,NULL,1),(4764,'32045',360,'2.4 CVVT',2359,2009,NULL,1),(4765,'32046',360,'2.4 CVVT 4WD',2359,2009,NULL,1),(4766,'32047',360,'2.2 CRDi',2199,2009,NULL,1),(4767,'32048',360,'2.2 CRDi 4WD',2199,2009,NULL,1),(4768,'58651',360,'2.4 CVVT',2359,2012,NULL,1),(4769,'58652',360,'2.4 CVVT 4WD',2359,2012,NULL,1),(4770,'59025',360,'2.4 GDI',2359,2012,NULL,1),(4771,'59026',360,'2.4 GDI 4WD',2359,2012,NULL,1),(4772,'109944',360,'2.0 GDI 4WD',1998,2015,NULL,1),(4773,'109945',360,'2.2 CRDi',2199,2015,NULL,1),(4774,'109947',360,'2.2 CRDi 4WD',2199,2015,NULL,1),(4775,'109949',360,'2.4 GDI 4WD',2359,2015,NULL,1),(4776,'109950',360,'2.0 GDI',1997,2015,NULL,1),(4777,'1021525',360,'(um) 2.4 4wd',2359,2015,NULL,1),(4778,'1021526',360,'(um) 2.4',2359,2015,NULL,1),(4779,'1020727',369,'AM',NULL,2009,2013,1),(4780,'1020728',369,'PS',NULL,2014,NULL,1),(4781,'4962',369,'1.6 CRDi 115',1582,2009,NULL,1),(4782,'5008',369,'1.6 CVVT',1591,2009,NULL,1),(4783,'18556',369,'1.6 GDI',1591,2011,NULL,1),(4784,'31015',369,'1.6 CVVT',1591,2009,NULL,1),(4785,'31017',369,'1.6 CRDi 128',1582,2009,NULL,1),(4786,'1022465',369,'1.6',1591,2009,2014,1),(4787,'106070',369,'1.6 GDI',1591,2014,NULL,1),(4788,'106071',369,'1.6 CRDi 128',1582,2014,NULL,1),(4789,'113293',369,'1.6 CRDi 136',1582,2015,NULL,1),(4790,'1021371',369,'1.6 cvvt',1591,2014,NULL,1),(4791,'1021449',369,'ev electric',0,2014,NULL,1),(4792,'1021806',369,'1.6 tgdi',1591,2016,NULL,1),(4793,'1022193',369,'ev electric',0,2017,NULL,1),(4794,'17947',362,'1.6',1599,2004,NULL,1),(4795,'17948',362,'2.0',1975,2004,NULL,1),(4796,'17949',362,'2.0 CRDi',1991,2004,NULL,1),(4797,'19181',362,'1.5 CRDi',1493,2005,NULL,1),(4798,'22922',362,'1.6',1591,2006,NULL,1),(4799,'23296',362,'1.6 CRDi',1582,2005,NULL,1),(4800,'23799',362,'1.8 CVVT',1795,2005,NULL,1),(4801,'1021522',362,'1.6',1594,2004,2009,1),(4802,'1020729',347,'SL',NULL,2010,2015,1),(4803,'1020730',347,'QL',NULL,2015,NULL,1),(4804,'1020731',347,'JE',NULL,2004,2010,1),(4805,'1020732',347,'KM',NULL,2004,2010,1),(4806,'4959',347,'2.0 CRDi 4WD',1991,2006,NULL,1),(4807,'4960',347,'2.0 CRDi',1991,2006,NULL,1),(4808,'18502',347,'2.0 i 16V',1975,2004,NULL,1),(4809,'18503',347,'2.0 16V 4WD',1975,2004,NULL,1),(4810,'18504',347,'2.7 V6 4WD',2656,2004,NULL,1),(4811,'18505',347,'2.0 CRDi 4WD',1991,2004,NULL,1),(4812,'19215',347,'2.0 CRDi 4WD',1991,2006,NULL,1),(4813,'19620',347,'2.0 CRDi',1991,2006,NULL,1),(4814,'20433',347,'2.0 CRDi',1991,2005,NULL,1),(4815,'31189',347,'2.0 CRDi',1991,2008,NULL,1),(4816,'31191',347,'2.0 CRDi 4WD',1991,2008,NULL,1),(4817,'4579',347,'2.0 i 4WD',1998,1994,1999,1),(4818,'4580',347,'2.0 i 16V 4WD',1998,1994,2003,1),(4819,'9542',347,'2.0 TD 4WD',1998,1997,2003,1),(4820,'15581',347,'2.0 i 16V',1998,1999,2003,1),(4821,'17311',347,'2.0 4WD',1998,2000,2003,1),(4822,'17312',347,'2.0',1998,2000,2003,1),(4823,'20434',347,'2.2 D 4WD',2184,1994,1999,1),(4824,'118592',347,'1.6 GDI 4WD',1591,2015,NULL,1),(4825,'118593',347,'1.6 GDI',1591,2015,NULL,1),(4826,'118594',347,'1.7 CRDi',1685,2015,NULL,1),(4827,'118595',347,'2.0 CRDi AWD',1995,2015,NULL,1),(4828,'118596',347,'2.0 CRDi AWD',1995,2015,NULL,1),(4829,'118597',347,'1.6 GDI',1591,2015,NULL,1),(4830,'118978',347,'2.0 CRDi',1995,2015,NULL,1),(4831,'1021805',347,NULL,1685,2016,NULL,1),(4832,'8452',347,'1.6 GDI',1591,2011,NULL,1),(4833,'8454',347,'1.7 CRDi',1685,2010,NULL,1),(4834,'33713',347,'2.0 CVVT',1998,2010,NULL,1),(4835,'33714',347,'2.0 CVVT AWD',1998,2010,NULL,1),(4836,'33715',347,'2.0 CRDi',1995,2010,NULL,1),(4837,'33716',347,'2.0 CRDi AWD',1995,2010,NULL,1),(4838,'101088',347,'2.0 GDI',1998,2014,NULL,1),(4839,'101089',347,'2.0 GDI AWD',1998,2014,NULL,1),(4840,'1021532',347,'2.0 cvvt',1998,2010,2013,1),(4841,'1022182',347,'2.0 cvvt awd',1998,2010,2013,1),(4842,'9814',371,'1.4 CRDi 75',1396,2010,NULL,1),(4843,'32041',371,'1.4 CVVT',1396,2010,NULL,1),(4844,'32042',371,'1.6 CVVT',1591,2010,NULL,1),(4845,'32043',371,'1.4 CRDi 90',1396,2010,NULL,1),(4846,'32044',371,'1.6 CRDi 128',1582,2010,NULL,1),(4847,'33794',371,'1.4 CRDi 75',1396,2010,NULL,1),(4848,'33795',371,'1.6 CRDi 115',1582,2010,NULL,1),(4849,'21634',393,'3.6 VVT Привод на все колеса',3565,2003,NULL,1),(4850,'21635',393,'5.7 Привод на все колеса',5665,2003,NULL,1),(4851,'55612',401,'2.0',1998,1994,1997,1),(4852,'55613',401,'2.0',1998,1994,1997,1),(4853,'21860',377,'1.5',1498,1994,1998,1),(4854,'4569',377,'1.5',1498,1995,1997,1),(4855,'4570',377,'1.5',1498,1995,1997,1),(4856,'4571',377,'1.5 16V',1498,1995,1997,1),(4857,'7758',377,'1.5',1498,1996,1997,1),(4858,'4572',377,'1.5',1498,1995,1997,1),(4859,'4573',377,'1.5',1498,1995,1997,1),(4860,'4574',377,'1.5 16V',1498,1995,1997,1),(4861,'7757',377,'1.5',1498,1996,1997,1),(4862,'110767',377,'1.8',1796,1995,2008,1),(4863,'1021519',377,'1.5',1498,1997,2008,1),(4864,'1021520',377,'1.6',1598,1997,2008,1),(4865,'21955',394,'0.8 Luxe',797,1995,1998,1),(4866,'21956',394,'0.8',797,1995,1998,1),(4867,'4564',376,'1.5 16V',1498,1995,1999,1),(4868,'4565',376,'1.8',1796,1995,1999,1),(4869,'4567',376,'1.8',1796,1995,1999,1),(4870,'4568',376,'2.0',1998,1995,1999,1),(4871,'15652',376,'2.0',1998,1991,1993,1),(4872,'15653',376,'1.5 16V',1498,1993,1994,1),(4873,'15654',376,'2.0',1998,1993,1994,1),(4874,'117429',376,'1.5',1498,1997,1999,1),(4875,'17168',390,'2.0',1998,2002,NULL,1),(4876,'1020900',402,'_',NULL,2013,2015,1),(4877,'106525',402,'1.5',1485,2013,NULL,1),(4878,'16986',389,'1.4',1399,2002,NULL,1),(4879,'17235',389,'1.2',1150,2003,NULL,1),(4880,'17236',389,'1.4 16V',1399,2003,NULL,1),(4881,'22096',389,'1.5',1498,2002,2004,1),(4882,'28036',389,'1.4',1399,2002,2004,1),(4883,'28037',389,'1.4',1399,2003,2004,1),(4884,'9029',380,'2.0 16V',1998,1997,2002,1),(4885,'18629',380,'2.2 16V',2198,1999,2002,1),(4886,'19429',380,'2.0 16V',1998,2000,2004,1),(4887,'117432',380,'2.0',1998,1997,2002,1),(4888,'11279',386,'2.3',2295,1999,NULL,1),(4889,'11280',386,'3.2 4x4',3199,1999,NULL,1),(4890,'11281',386,'2.9 D',2874,1999,NULL,1),(4891,'11880',386,'2.9 TD',2874,1999,NULL,1),(4892,'113321',386,'2.3',2295,1999,2001,1),(4893,'9094',386,'2.9 D',2874,1999,NULL,1),(4894,'10169',386,'2.9 TD',2874,1999,NULL,1),(4895,'11285',386,'2.3',2295,1999,NULL,1),(4896,'11882',386,'2.0 16V',1998,1999,NULL,1),(4897,'22101',395,'0.8',797,1995,1998,1),(4898,'1020902',391,'J200',NULL,2002,2009,1),(4899,'17580',391,'1.4',1399,2004,NULL,1),(4900,'17962',391,'1.6',1598,2004,NULL,1),(4901,'17963',391,'1.8',1799,2004,NULL,1),(4902,'22113',391,'1.8 CDX (J200)',1761,2003,2004,1),(4903,'9030',381,'1.4',1349,1997,NULL,1),(4904,'9032',381,'1.5',1498,1997,NULL,1),(4905,'9034',381,'1.6 16V',1598,1997,NULL,1),(4906,'9031',381,'1.4 Lanos / Sens',1349,1997,NULL,1),(4907,'9033',381,'1.5',1498,1997,NULL,1),(4908,'14138',381,'1.6 16V',1598,1997,NULL,1),(4909,'1020903',403,'_',NULL,1997,2002,1),(4910,'22130',396,'1.5',1498,1990,1995,1),(4911,'22131',396,'1.6',1598,1990,1995,1),(4912,'22132',396,'2.0 GSE',1998,1990,1993,1),(4913,'10221',971,'2.4 D (3352)',2417,1997,NULL,1),(4914,'10222',971,'2.4 TD (3354)',2417,1997,NULL,1),(4915,'10219',971,'2.4 D (3302)',2417,1997,NULL,1),(4916,'10220',971,'2.4 TD (3304)',2417,1997,NULL,1),(4917,'22156',397,'2.0',1998,1999,NULL,1),(4918,'26769',397,'2.5',2492,2003,2004,1),(4919,'1020901',383,'(M100,M150)',NULL,2005,NULL,1),(4920,'1022396',383,'0.8',796,2005,2010,1),(4921,'10005',383,'0.8',796,1998,NULL,1),(4922,'17234',383,'1.0',995,2003,NULL,1),(4923,'1021521',383,'1.0',995,2003,2004,1),(4924,'11282',385,'2.3',2295,1999,NULL,1),(4925,'11283',385,'3.2 4x4',3199,1999,NULL,1),(4926,'11284',385,'2.9 D 4x4',2874,1999,NULL,1),(4927,'14437',385,'2.9 TD 4x4',2874,1999,NULL,1),(4928,'14508',385,'2.2 TD',2299,1999,NULL,1),(4929,'1020904',972,'N100',NULL,1996,2008,1),(4930,'1020905',972,'N150',NULL,2008,2016,1),(4931,'8309',972,'1.5',1498,2008,NULL,1),(4932,'8350',972,'1.6',1598,2008,NULL,1),(4933,'1020370',972,'Daewoo Nexia седан 1.5 DOHC',1498,2003,2008,1),(4934,'1012586',399,'F4CEF',11051,2002,NULL,1),(4935,'1012587',399,'M2S6F, M2SEF, M2T6F',11051,2002,NULL,1),(4936,'1012588',399,'F3D6F',11051,2002,NULL,1),(4937,'1012589',399,'K7CEF',11051,2002,NULL,1),(4938,'1012590',399,'K4D6F, K4DEF',11051,2002,NULL,1),(4939,'1012591',399,'M2SVF',14618,2002,NULL,1),(4940,'1012592',399,'V3TVF',14618,2002,NULL,1),(4941,'1012593',399,'V3TXF',14951,2002,NULL,1),(4942,'1012596',399,'V3T8F',14618,2002,NULL,1),(4943,'1012597',399,'V3T6F',11051,2002,NULL,1),(4944,'1012598',399,'K4M6F',11051,2002,NULL,1),(4945,'1012599',399,'K4M7F',14618,2002,NULL,1),(4946,'1012600',399,'K4MVF',14618,2002,NULL,1),(4947,'1012607',399,'K6D6F',11051,2002,NULL,1),(4948,'1012608',399,'K6D8F',14618,2002,NULL,1),(4949,'1012609',399,'K6DVF',14618,2002,NULL,1),(4950,'1012610',399,'K6E6F',11051,2002,NULL,1),(4951,'1012611',399,'N7DVF',14618,2002,NULL,1),(4952,'1012612',399,'M9CVF',14618,2002,NULL,1),(4953,'1012613',399,'P9CVF',14618,2002,NULL,1),(4954,'1012641',399,'E3D4F',8071,2002,NULL,1),(4955,'1012642',399,'F3C5F',11051,2002,NULL,1),(4956,'19800',382,'1.6',1598,2003,NULL,1),(4957,'19801',382,'1.8',1799,2003,NULL,1),(4958,'9025',382,'2.0 16V',1998,1997,NULL,1),(4959,'9026',382,'1.6 16V',1598,1997,NULL,1),(4960,'19430',382,'2.0 16V',1998,2000,NULL,1),(4961,'19433',382,'1.6 16V',1598,2000,NULL,1),(4962,'20626',382,'2.0',1998,1999,2003,1),(4963,'17237',382,'1.6',1598,2003,NULL,1),(4964,'17238',382,'1.8',1799,2003,NULL,1),(4965,'9024',379,'2.0 16V',1998,1997,NULL,1),(4966,'10781',379,'1.6 16V',1598,1997,NULL,1),(4967,'20586',379,'2.0 CDX',1998,2002,2003,1),(4968,'9027',379,'1.6 16V',1598,1997,NULL,1),(4969,'9028',379,'2.0 16V',1998,1997,NULL,1),(4970,'19431',379,'2.0 16V',1998,2000,NULL,1),(4971,'19432',379,'1.6 16V',1598,2000,NULL,1),(4972,'19434',379,'1.6 16V',1598,1997,NULL,1),(4973,'1012646',400,'500',12880,2008,NULL,1),(4974,'1012647',400,'440',10964,2008,NULL,1),(4975,'1012649',400,'430',10824,2008,NULL,1),(4976,'1012651',400,'430',10824,2008,NULL,1),(4977,'1012652',400,'440',10964,2008,NULL,1),(4978,'1012653',400,'500',12880,2008,NULL,1),(4979,'28420',392,'2.0',1998,1991,1998,1),(4980,'117013',392,'1.8',1796,1993,1998,1),(4981,'16838',388,'3.2 V6',3199,2002,NULL,1),(4982,'16839',388,'2.9 TD',2874,2002,NULL,1),(4983,'14857',387,'1.8',1761,2000,NULL,1),(4984,'14858',387,'2.0',1998,2000,NULL,1),(4985,'16515',387,'1.8',1761,2000,NULL,1),(4986,'16517',387,'1.6',1598,2000,NULL,1),(4987,'16518',387,'2.0',1998,2001,NULL,1),(4988,'19435',387,'1.8',1761,2000,NULL,1),(4989,'20778',387,'1.6 SX',1598,2001,2004,1),(4990,'4575',378,'0.8',796,1995,2000,1),(4991,'19695',378,'0.8',796,1996,2000,1),(4992,'22374',398,'2.0 XT',1993,2006,NULL,1),(4993,'22375',398,'2.5 Executive',2492,2006,NULL,1),(4994,'26818',398,'1.8',1799,2006,NULL,1),(4995,'778',411,'200h (ZWA10_)',1798,2010,NULL,1),(4996,'1020660',404,'XV10',NULL,1991,1996,1),(4997,'1020661',404,'XV20',NULL,1996,2001,1),(4998,'1020662',404,'XV30',NULL,2002,2006,1),(4999,'1020663',404,'XV40',NULL,2006,2012,1),(5000,'1020664',404,'XV60',NULL,2012,2018,1),(5001,'58737',404,'250 (AVV60_, ASV60_)',2494,2012,NULL,1),(5002,'58738',404,'300h (ASV60_)',2494,2012,NULL,1),(5003,'58739',404,'350',3456,2012,NULL,1),(5004,'114373',404,'350 (GSV60_)',3456,2014,NULL,1),(5005,'1021916',404,NULL,1998,2015,NULL,1),(5006,'10484',404,'3.5 (GSV40_)',3456,2006,2012,1),(5007,'20725',404,'3.0 (MCV30_, MCV20_)',2995,1996,2001,1),(5008,'28846',404,'3.0 (MCV20_, MCV30_)',2995,2001,2006,1),(5009,'3855',404,'300 (MCV10_, VCV10_)',2959,1991,1997,1),(5010,'13109',404,'250 (VZV21_)',2507,1989,1991,1),(5011,'1020621',405,'S140',NULL,1991,1997,1),(5012,'1020622',405,'S160',NULL,1997,2005,1),(5013,'1020623',405,'S190',NULL,2005,2011,1),(5014,'1020624',405,'L10',NULL,2011,NULL,1),(5015,'15960',405,'250 (GRL11_)',2499,2012,NULL,1),(5016,'15961',405,'350 (GRL10_, GRL15_, GWL10_)',3456,2012,NULL,1),(5017,'15962',405,'350 AWD (GRL10_, GRL15_, GWL10_)',3456,2012,NULL,1),(5018,'15963',405,'450h (GRL10_, GRL15_, GWL10_)',3456,2012,NULL,1),(5019,'21990',405,'250',2499,2012,NULL,1),(5020,'54903',405,'450h (GRL10_, GRL15_, GWL10_)',3456,2012,NULL,1),(5021,'100021',405,'300h (AWL10_, GRL11_)',2494,2013,NULL,1),(5022,'117800',405,'F',4969,2015,NULL,1),(5023,'1021025',405,NULL,4969,2015,NULL,1),(5024,'1021026',405,NULL,1998,2015,NULL,1),(5025,'11998',405,'450h (GWS191, GRS196_, GRS191_)',3456,2006,2011,1),(5026,'18773',405,'300 (GRS195_, GRS190_)',2995,2005,2011,1),(5027,'18774',405,'430',4293,2005,2011,1),(5028,'19338',405,'450h (GRS196_, GWS191, GRS191_)',3456,2006,2011,1),(5029,'20917',405,'300 (GRS195_, GRS190_)',2995,2005,2011,1),(5030,'27554',405,'460 (UZS190_)',4608,2008,2011,1),(5031,'1022476',405,NULL,3456,2005,2011,1),(5032,'9562',405,'300 (JZS147_)',2997,1993,1997,1),(5033,'9563',405,'300 T3 (JZS160_)',2997,1997,2000,1),(5034,'9569',405,'400 (UZS160_)',3969,1997,2000,1),(5035,'15577',405,'430 (UZS161_)',4293,2000,2005,1),(5036,'15588',405,'300 (JZS160_)',2997,2000,2005,1),(5037,'14615',413,'470',4664,2001,2009,1),(5038,'14627',413,'470',4664,2001,2009,1),(5039,'9827',413,'460',4608,2009,NULL,1),(5040,'100086',413,'400 4WD',3956,2013,NULL,1),(5041,'1022507',413,'J150',NULL,2009,NULL,1),(5042,'1022549',413,'J120',NULL,2002,2009,1),(5043,'1020618',406,'X10',NULL,1998,2005,1),(5044,'1020619',406,'XE20',NULL,2005,2015,1),(5045,'1020620',406,'XE30',NULL,2016,NULL,1),(5046,'31715',406,'250',2499,2009,NULL,1),(5047,'10281',406,'200',1988,1999,2005,1),(5048,'16320',406,'300',2997,2001,2005,1),(5049,'2894',406,'200d',2231,2010,NULL,1),(5050,'3055',406,'350',3456,2010,NULL,1),(5051,'3072',406,'350',3456,2005,NULL,1),(5052,'3076',406,'250',2499,2010,NULL,1),(5053,'3082',406,'250 AWD',2499,2010,NULL,1),(5054,'19066',406,'250 (GSE20)',2499,2005,NULL,1),(5055,'19067',406,'220d (ALE20)',2231,2005,NULL,1),(5056,'24545',406,'IS F (USE20)',4969,2007,NULL,1),(5057,'25817',406,'250 AWD',2499,2005,NULL,1),(5058,'25825',406,'350 AWD',3456,2005,NULL,1),(5059,'58982',406,'250',2499,2013,NULL,1),(5060,'58983',406,'300h',2494,2013,NULL,1),(5061,'116548',406,'200t',1998,2015,NULL,1),(5062,'16321',406,'300',2997,2001,2005,1),(5063,'17115',406,'200',1988,2002,2005,1),(5064,'1021856',973,'500 (urz100_)',4969,2016,NULL,1),(5065,'1021897',973,'500h (gwz100_)',3456,2016,NULL,1),(5066,'20029',410,'4.8',4805,2011,2012,1),(5067,'34865',410,'4.8',4805,2010,2012,1),(5068,'1020673',407,'XF30',NULL,2000,2006,1),(5069,'1020674',407,'XF40',NULL,2006,2017,1),(5070,'1020675',407,'XF50',NULL,2017,NULL,1),(5071,'3623',407,'400',3969,1989,1994,1),(5072,'4763',407,'400',3969,1994,1997,1),(5073,'9564',407,'400',3969,1997,2000,1),(5074,'14482',407,'400',3969,1998,2000,1),(5075,'23719',407,'400',3969,1997,2000,1),(5076,'15578',407,'430',4293,2000,2006,1),(5077,'19760',407,'460',4608,2006,NULL,1),(5078,'24546',407,'600h',4969,2007,NULL,1),(5079,'28197',407,'460',4608,2008,NULL,1),(5080,'33013',407,'460 AWD',4608,2008,NULL,1),(5081,'57449',407,'460 AWD',4608,2012,NULL,1),(5082,'57452',407,'460',4608,2012,NULL,1),(5083,'5401',412,'570',5663,2007,NULL,1),(5084,'59330',412,'570',5663,2007,NULL,1),(5085,'1021891',412,NULL,4461,2015,NULL,1),(5086,'5391',412,'470',4664,1998,2008,1),(5087,'50845',412,'470',4664,2001,2008,1),(5088,'50847',412,'470',4664,2002,2008,1),(5089,'50849',412,'470',4664,1998,2002,1),(5090,'1022547',412,'J200',NULL,2007,NULL,1),(5091,'1022495',415,'A210',NULL,2014,NULL,1),(5092,'106908',415,'200t',1998,2014,NULL,1),(5093,'106910',415,'200t AWD',1998,2014,NULL,1),(5094,'106913',415,'300h',2494,2014,NULL,1),(5095,'106914',415,'300h AWD',2494,2014,NULL,1),(5096,'108707',415,'200',1987,2014,NULL,1),(5097,'108739',415,'200 AWD',1987,2014,NULL,1),(5098,'101174',414,'300h',2494,2014,NULL,1),(5099,'107622',414,'F',4969,2014,NULL,1),(5100,'107623',414,'F',4969,2014,NULL,1),(5101,'107866',414,'F',4969,2014,NULL,1),(5102,'117730',414,'200t',1998,2015,NULL,1),(5103,'1020678',408,'XU10',NULL,1998,2003,1),(5104,'1020679',408,'XU30',NULL,2003,2008,1),(5105,'1020680',408,'AL10',NULL,2008,2015,1),(5106,'1020681',408,'AL20',NULL,2015,NULL,1),(5107,'117389',408,'200t',1998,2015,NULL,1),(5108,'117390',408,'200t AWD',1998,2015,NULL,1),(5109,'117678',408,'450h AWD',3456,2015,NULL,1),(5110,'1021005',408,NULL,3456,2015,NULL,1),(5111,'3084',408,'350 AWD (GYL15_)',3456,2008,2015,1),(5112,'3085',408,'350 (GYL10_)',3456,2008,2015,1),(5113,'3087',408,'270',2671,2008,2015,1),(5114,'25436',408,'450h AWD (GYL15_)',3456,2008,2015,1),(5115,'25657',408,'450h (GYL10_)',3456,2008,2015,1),(5116,'31710',408,'450h AWD',3456,2008,2015,1),(5117,'32194',408,'350 AWD (GYL15_)',3456,2008,2015,1),(5118,'33014',408,'450h (GYL10_)',3456,2008,2015,1),(5119,'15576',408,'300  AWD',2995,2000,2003,1),(5120,'24598',408,'300',2995,2000,2003,1),(5121,'17342',408,'300',2995,2003,2008,1),(5122,'19209',408,'400h',3311,2005,2008,1),(5123,'19210',408,'400h AWD',3311,2004,2008,1),(5124,'19339',408,'350 AWD',3456,2006,2008,1),(5125,'57212',408,'350',3456,2006,2008,1),(5126,'15860',409,'430 (UZZ40L_, UZZ40R_)',4293,2001,2010,1),(5127,'14883',424,'35',3498,2008,NULL,1),(5128,'28606',424,'37',3694,2008,NULL,1),(5129,'33583',424,'30d',2993,2010,NULL,1),(5130,'34787',424,'37',3696,2010,NULL,1),(5131,'56851',424,'25',2495,2010,NULL,1),(5132,'111505',424,'25',2495,2010,2011,1),(5133,'111506',424,'25 AWD',2495,2012,2013,1),(5134,'111507',424,'35 AWD',3498,2010,2011,1),(5135,'111509',424,'37 AWD',3696,2010,2011,1),(5136,'117592',424,'25 AWD',2495,2007,NULL,1),(5137,'1022597',424,'J50',NULL,2007,2013,1),(5138,'18811',422,'35 Привод на все колеса',3498,2003,2008,1),(5139,'18812',422,'45 Привод на все колеса',4494,2003,2008,1),(5140,'21587',422,'35',3498,2003,2008,1),(5141,'21588',422,'45',4494,2003,2008,1),(5142,'28604',422,'37 AWD',3696,2008,NULL,1),(5143,'28605',422,'50 AWD',5026,2008,NULL,1),(5144,'33582',422,'30d AWD',2993,2010,NULL,1),(5145,'51583',422,'35',3498,2008,2011,1),(5146,'55292',422,'35 AWD',3498,2012,NULL,1),(5147,'59011',422,'50 AWD',5026,2013,NULL,1),(5148,'113425',422,'37 AWD',3696,2012,NULL,1),(5149,'117594',422,'45 AWD',4494,2008,NULL,1),(5150,'1022593',422,'S50',NULL,2002,2008,1),(5151,'1022594',422,'S51',NULL,2008,2013,1),(5152,'34797',425,'37',3696,2010,NULL,1),(5153,'117595',425,'37',3696,2010,NULL,1),(5154,'1022392',425,NULL,3696,2010,NULL,1),(5155,'28607',425,'37',3694,2007,NULL,1),(5156,'34794',425,'37',3696,2010,NULL,1),(5157,'113422',425,'37',3696,2008,2012,1),(5158,'14885',425,'35',3498,2002,NULL,1),(5159,'11915',425,'25',2496,2011,NULL,1),(5160,'28608',425,'37',3694,2008,NULL,1),(5161,'33670',425,'37 X',3696,2008,NULL,1),(5162,'33671',425,'37',3696,2008,NULL,1),(5163,'50373',425,'37 X',3696,2008,2013,1),(5164,'51587',425,'35 X',3498,2007,2008,1),(5165,'111510',425,'25',2495,2012,2013,1),(5166,'14039',416,'2.0',1998,1990,1997,1),(5167,'1022595',439,'V35',NULL,2003,2006,1),(5168,'14040',417,'3.0',2988,1997,NULL,1),(5169,'1022540',417,'A33',NULL,1999,2003,1),(5170,'14059',418,'3.0',2960,1992,1997,1),(5171,'56467',429,'3.5',3498,2012,NULL,1),(5172,'56468',429,'3.5 AWD',3498,2012,NULL,1),(5173,'1022359',429,'3.5 awd',3498,2012,2013,1),(5174,'8445',426,'35h',3498,2011,NULL,1),(5175,'34803',426,'37',3696,2010,NULL,1),(5176,'34804',426,'30d',2993,2010,NULL,1),(5177,'50371',426,'37 X',3696,2010,NULL,1),(5178,'111516',426,'25',2495,2010,2012,1),(5179,'111519',426,'35h',3498,2011,NULL,1),(5180,'117597',426,'25',2495,2010,NULL,1),(5181,'117599',426,'56',5552,2010,NULL,1),(5182,'117600',426,'56 X',5552,2010,NULL,1),(5183,'14061',419,'3.0',2960,1990,1993,1),(5184,'14060',419,'3.0',2960,1989,1993,1),(5185,'11917',423,'3.5 h',3498,2010,NULL,1),(5186,'51054',423,'3.5 X',3498,2008,2010,1),(5187,'51055',423,'3.5',3498,2008,2010,1),(5188,'11918',427,'3.7',3696,2010,NULL,1),(5189,'11921',427,'3.7 Allrad',3696,2010,NULL,1),(5190,'117841',437,'1.6',1595,2015,NULL,1),(5191,'117842',437,'1.6',1595,2015,NULL,1),(5192,'117843',437,'2.0 T AWD',1991,2015,NULL,1),(5193,'117844',437,'1.5 D',1461,2015,NULL,1),(5194,'117846',437,'2.2 D',2143,2015,NULL,1),(5195,'117847',437,'2.2 D AWD',2143,2015,NULL,1),(5196,'118526',437,'2.0 T',1991,2015,NULL,1),(5197,'14062',420,'4.1',4130,1993,1996,1),(5198,'14063',420,'4.5',4494,1989,1993,1),(5199,'34771',420,'4.1',4130,1997,2001,1),(5200,'20746',420,'4.5',4494,2001,NULL,1),(5201,'24379',430,'50 D',2143,2013,NULL,1),(5202,'26859',430,'50 Hybrid',3498,2013,NULL,1),(5203,'105675',430,'3.7',3696,2014,NULL,1),(5204,'105688',430,'2.0 T',1991,2014,NULL,1),(5205,'117786',430,'50 Hybrid',3498,2013,NULL,1),(5206,'117787',430,'50 Hybrid AWD',3498,2013,NULL,1),(5207,'111522',431,'3.7',3696,2013,NULL,1),(5208,'107301',431,'3.7',3696,2013,NULL,1),(5209,'1021472',431,'2.0 t',1991,2016,NULL,1),(5210,'1021474',431,'3.0 t awd',2997,2016,NULL,1),(5211,'100925',435,'3.7',3696,2013,NULL,1),(5212,'100926',435,'3.0',2993,2013,NULL,1),(5213,'100927',435,'3.5 Hybrid',3498,2013,NULL,1),(5214,'107310',435,'3.7',3696,2013,NULL,1),(5215,'107311',435,'3.7 AWD',3696,2013,NULL,1),(5216,'110819',435,'2.2 D',2143,2014,NULL,1),(5217,'111524',435,'2.5',2495,2013,2015,1),(5218,'111526',435,'3.5 Hybrid',3498,2013,2015,1),(5219,'113694',435,'2.5',2495,2015,NULL,1),(5220,'113695',435,'3.5 Hybrid',3498,2015,NULL,1),(5221,'117603',435,'5.6 AWD',5552,2015,NULL,1),(5222,'1022125',435,'3.7 awd',3696,2014,NULL,1),(5223,'119351',438,'2.2 D AWD',2143,2016,NULL,1),(5224,'1021669',438,NULL,1991,2016,NULL,1),(5225,'14088',421,'3.3',3275,1997,NULL,1),(5226,'44598',421,'5.6 4WD',5552,2003,2006,1),(5227,'100723',433,'30d AWD',2993,2013,NULL,1),(5228,'100724',433,'37 AWD',3696,2013,NULL,1),(5229,'100915',433,'2.5',2495,2013,NULL,1),(5230,'100916',433,'2.5 AWD',2495,2013,NULL,1),(5231,'107282',433,'37 AWD',3696,2013,NULL,1),(5232,'107283',433,'37',3696,2013,NULL,1),(5233,'111530',433,'3.7 AWD',3696,2013,NULL,1),(5234,'117604',433,'2.5 AWD',2495,2014,NULL,1),(5235,'27304',428,'56 AWD',5552,2010,NULL,1),(5236,'55293',428,'56',5552,2012,NULL,1),(5237,'1022592',428,'JA60',NULL,2004,2010,1),(5238,'1022596',428,'Z62',NULL,2010,NULL,1),(5239,'53662',428,'5.6 4WD',5552,2003,2009,1),(5240,'100919',434,'3.5 AWD',3498,2012,NULL,1),(5241,'100920',434,'3.5',3498,2013,NULL,1),(5242,'100921',434,'3.5 AWD',3498,2013,NULL,1),(5243,'107695',434,'2.5 Hybrid',2488,2014,NULL,1),(5244,'107696',434,'2.5 Hybrid AWD',2488,2014,NULL,1),(5245,'1022124',434,'3.5 awd',3498,2013,NULL,1),(5246,'100721',432,'30d AWD',2993,2013,NULL,1),(5247,'100722',432,'50 AWD',5026,2013,NULL,1),(5248,'100923',432,'37 AWD',3696,2014,NULL,1),(5249,'100924',432,'50 AWD',5026,2014,NULL,1),(5250,'111532',432,'3.5 AWD',3498,2013,NULL,1),(5251,'112948',432,'3.7 AWD',3696,2013,NULL,1),(5252,'117605',432,'50 AWD',5026,2013,NULL,1),(5253,'117608',432,'37 AWD',3696,2014,NULL,1),(5254,'107294',436,'5.6 AWD',5552,2013,NULL,1),(5255,'111536',436,'5.6 D AWD',5600,2013,NULL,1);
/*!40000 ALTER TABLE `generations` ENABLE KEYS */;
UNLOCK TABLES;
DROP TABLE IF EXISTS `groups`;
/*!40101 SET @saved_cs_client     = @@character_set_client */;
/*!40101 SET character_set_client = utf8 */;
CREATE TABLE `groups` (
  `id` int(10) unsigned NOT NULL AUTO_INCREMENT,
  `name` varchar(255) COLLATE utf8mb4_unicode_ci DEFAULT NULL,
  `url` varchar(255) COLLATE utf8mb4_unicode_ci NOT NULL,
  `sort` int(10) unsigned NOT NULL DEFAULT '0',
  `created_at` timestamp NULL DEFAULT NULL,
  `updated_at` timestamp NULL DEFAULT NULL,
  PRIMARY KEY (`id`)
) ENGINE=InnoDB AUTO_INCREMENT=4 DEFAULT CHARSET=utf8mb4 COLLATE=utf8mb4_unicode_ci;
/*!40101 SET character_set_client = @saved_cs_client */;

LOCK TABLES `groups` WRITE;
/*!40000 ALTER TABLE `groups` DISABLE KEYS */;
INSERT INTO `groups` VALUES (1,'Группа 1','gruppa-1',1,'2019-10-08 13:11:48','2019-10-18 14:06:31'),(2,'Группа 2','gruppa-2',2,'2019-10-08 13:11:53','2019-10-18 14:06:31'),(3,'Группа 3','gruppa-3',3,'2019-10-08 13:12:29','2019-10-18 14:06:31');
/*!40000 ALTER TABLE `groups` ENABLE KEYS */;
UNLOCK TABLES;
DROP TABLE IF EXISTS `home_slider`;
/*!40101 SET @saved_cs_client     = @@character_set_client */;
/*!40101 SET character_set_client = utf8 */;
CREATE TABLE `home_slider` (
  `id` int(10) unsigned NOT NULL AUTO_INCREMENT,
  `image` varchar(64) COLLATE utf8mb4_unicode_ci NOT NULL,
  `title` varchar(255) COLLATE utf8mb4_unicode_ci DEFAULT NULL,
  `description` text COLLATE utf8mb4_unicode_ci,
  `sort` int(10) unsigned NOT NULL DEFAULT '0',
  `active` tinyint(1) NOT NULL DEFAULT '1',
  `created_at` timestamp NULL DEFAULT NULL,
  `updated_at` timestamp NULL DEFAULT NULL,
  PRIMARY KEY (`id`)
) ENGINE=InnoDB AUTO_INCREMENT=2 DEFAULT CHARSET=utf8mb4 COLLATE=utf8mb4_unicode_ci;
/*!40101 SET character_set_client = @saved_cs_client */;

LOCK TABLES `home_slider` WRITE;
/*!40000 ALTER TABLE `home_slider` DISABLE KEYS */;
INSERT INTO `home_slider` VALUES (1,'9s2dEtftXKoVRSWygR.png','Автозапчасти вовремя','47 млн. предложений автозапчастей по актуальным ценам, которые привезем в наш офис или доставим курьером.',0,1,'2019-09-30 14:04:23','2019-09-30 14:04:23');
/*!40000 ALTER TABLE `home_slider` ENABLE KEYS */;
UNLOCK TABLES;
DROP TABLE IF EXISTS `marks`;
/*!40101 SET @saved_cs_client     = @@character_set_client */;
/*!40101 SET character_set_client = utf8 */;
CREATE TABLE `marks` (
  `id` int(10) unsigned NOT NULL AUTO_INCREMENT,
  `cid` varchar(255) CHARACTER SET utf8 DEFAULT NULL,
  `name` varchar(255) COLLATE utf8mb4_unicode_ci DEFAULT NULL,
  `image` varchar(64) COLLATE utf8mb4_unicode_ci DEFAULT NULL,
  `image_alt` varchar(255) COLLATE utf8mb4_unicode_ci DEFAULT NULL,
  `image_title` varchar(255) COLLATE utf8mb4_unicode_ci DEFAULT NULL,
  `show_image` tinyint(1) NOT NULL DEFAULT '1',
  `url` varchar(255) COLLATE utf8mb4_unicode_ci NOT NULL,
  `in_home` tinyint(1) NOT NULL DEFAULT '0',
  `active` tinyint(1) NOT NULL DEFAULT '1',
  PRIMARY KEY (`id`),
  UNIQUE KEY `marks_cid_unique` (`cid`)
) ENGINE=InnoDB AUTO_INCREMENT=19 DEFAULT CHARSET=utf8mb4 COLLATE=utf8mb4_unicode_ci;
/*!40101 SET character_set_client = @saved_cs_client */;

LOCK TABLES `marks` WRITE;
/*!40000 ALTER TABLE `marks` DISABLE KEYS */;
INSERT INTO `marks` VALUES (1,'0','TOYOTA',NULL,NULL,NULL,1,'toyota',0,1),(2,'1','SUBARU',NULL,NULL,NULL,1,'subaru',0,1),(3,'2','SUZUKI',NULL,NULL,NULL,1,'suzuki',0,1),(4,'3','MAZDA',NULL,NULL,NULL,1,'mazda',1,1),(5,'4','MERCEDES-BENZ',NULL,NULL,NULL,1,'mercedes-benz',0,1),(6,'5','MITSUBISHI',NULL,NULL,NULL,1,'mitsubishi',0,1),(7,'6','NISSAN',NULL,NULL,NULL,1,'nissan',0,1),(8,'7','DAIHATSU',NULL,NULL,NULL,1,'daihatsu',1,1),(9,'8','HONDA',NULL,NULL,NULL,1,'honda',0,1),(10,'9','ISUZU',NULL,NULL,NULL,1,'isuzu',0,1),(11,'10','OPEL',NULL,NULL,NULL,1,'opel',0,1),(12,'11','CHEVROLET',NULL,NULL,NULL,1,'chevrolet',1,1),(13,'12','LEXUS',NULL,NULL,NULL,1,'lexus',0,1),(14,'13','SSANGYONG',NULL,NULL,NULL,1,'ssangyong',1,1),(15,'14','HYUNDAI',NULL,NULL,NULL,1,'hyundai',1,1),(16,'15','KIA',NULL,NULL,NULL,1,'kia',0,1),(17,'16','DAEWOO',NULL,NULL,NULL,1,'daewoo',0,1),(18,'17','INFINITI',NULL,NULL,NULL,1,'infiniti',0,1);
/*!40000 ALTER TABLE `marks` ENABLE KEYS */;
UNLOCK TABLES;
DROP TABLE IF EXISTS `migrations`;
/*!40101 SET @saved_cs_client     = @@character_set_client */;
/*!40101 SET character_set_client = utf8 */;
CREATE TABLE `migrations` (
  `id` int(10) unsigned NOT NULL AUTO_INCREMENT,
  `migration` varchar(255) COLLATE utf8mb4_unicode_ci NOT NULL,
  `batch` int(11) NOT NULL,
  PRIMARY KEY (`id`)
) ENGINE=InnoDB AUTO_INCREMENT=64 DEFAULT CHARSET=utf8mb4 COLLATE=utf8mb4_unicode_ci;
/*!40101 SET character_set_client = @saved_cs_client */;

LOCK TABLES `migrations` WRITE;
/*!40000 ALTER TABLE `migrations` DISABLE KEYS */;
INSERT INTO `migrations` VALUES (1,'2019_07_10_171502_create_admins_table',1),(2,'2019_07_12_204343_create_password_resets_table',1),(3,'2019_07_12_232636_create_pages_table',1),(4,'2019_07_23_000000_create_zakhayko_banners_table',1),(5,'2019_08_14_161704_create_marks_table',1),(6,'2019_08_14_161725_create_models_table',1),(7,'2019_08_14_161756_create_generations_table',1),(8,'2019_08_14_221246_create_countries_table',1),(9,'2019_08_14_221310_create_regions_table',1),(10,'2019_08_19_142314_create_parts_table',1),(11,'2019_08_19_165244_create_brands_table',1),(12,'2019_09_02_210329_create_part_catalogs_table',1),(13,'2019_09_06_194022_create_part_cars_table',1),(14,'2019_09_30_183624_create_home_slider_table',1),(15,'2019_10_02_183143_create_galleries_table',1),(16,'2019_10_06_173451_create_terms_table',1),(17,'2019_10_07_150146_create_news_table',1),(18,'2019_10_08_161153_create_groups_table',1),(19,'2019_10_08_165558_add_group_id_to_part_catalogs_table',1),(20,'2019_10_08_191627_create_filters_table',1),(21,'2019_10_08_193606_create_criteria_table',1),(22,'2019_10_09_144929_create_criterion_part_table',1),(24,'2019_10_11_144259_create_engine_filters_table',1),(25,'2019_10_11_144400_create_engine_criteria_table',1),(26,'2019_10_11_151219_create_users_table',1),(34,'2019_10_22_170311_create_partner_groups_table',2),(35,'2019_10_22_170857_add_partner_group_id_to_users_table',2),(37,'2019_10_22_221136_create_favourites_table',3),(38,'2019_10_22_221849_create_basket_table',4),(39,'2019_10_24_170751_create_engine_criterion_part_table',5),(40,'2019_10_27_202229_create_change_emails_table',6),(47,'2019_11_01_192027_create_delivery_regions_table',7),(48,'2019_11_01_192039_create_delivery_cities_table',7),(59,'2019_11_03_153023_create_orders_table',8),(60,'2019_11_03_153143_create_order_part_table',8),(61,'2019_11_06_154011_create_recommended_parts_table',9),(63,'2019_11_06_154327_create_attached_parts_table',10);
/*!40000 ALTER TABLE `migrations` ENABLE KEYS */;
UNLOCK TABLES;
DROP TABLE IF EXISTS `models`;
/*!40101 SET @saved_cs_client     = @@character_set_client */;
/*!40101 SET character_set_client = utf8 */;
CREATE TABLE `models` (
  `id` int(10) unsigned NOT NULL AUTO_INCREMENT,
  `mark_id` int(10) unsigned NOT NULL,
  `name` varchar(255) CHARACTER SET utf8 DEFAULT NULL,
  `active` tinyint(1) NOT NULL DEFAULT '1',
  PRIMARY KEY (`id`),
  UNIQUE KEY `models_name_mark_id_unique` (`name`,`mark_id`),
  KEY `models_mark_id_foreign` (`mark_id`),
  CONSTRAINT `models_mark_id_foreign` FOREIGN KEY (`mark_id`) REFERENCES `marks` (`id`) ON DELETE CASCADE
) ENGINE=InnoDB AUTO_INCREMENT=974 DEFAULT CHARSET=utf8mb4 COLLATE=utf8mb4_unicode_ci;
/*!40101 SET character_set_client = @saved_cs_client */;

LOCK TABLES `models` WRITE;
/*!40000 ALTER TABLE `models` DISABLE KEYS */;
INSERT INTO `models` VALUES (1,8,'CHARADE',1),(2,8,'CUORE',1),(3,8,'FEROZA',1),(4,8,'ROCKY',1),(5,8,'CHARMANT',1),(6,8,'GRAN MOVE',1),(7,8,'WILDCAT',1),(8,8,'TERIOS',1),(9,8,'HIJET',1),(10,8,'SIRION',1),(11,8,'APPLAUSE',1),(12,8,'TAFT',1),(13,8,'SPARCAR',1),(14,8,'YRV',1),(15,8,'COPEN',1),(16,8,'MATERIA',1),(17,8,'TREVIS',1),(18,8,'XENIA',1),(19,8,'DELTA WIDE',1),(20,8,'EXTOL',1),(21,9,'CIVIC',1),(22,9,'ACCORD',1),(23,9,'LEGEND',1),(24,9,'PRELUDE',1),(25,9,'CR-X',1),(26,9,'NSX',1),(27,9,'JAZZ',1),(28,9,'QUINTET',1),(29,9,'CONCERTO',1),(30,9,'SHUTTLE',1),(31,9,'CR-V',1),(32,9,'INTEGRA',1),(33,9,'HR-V',1),(34,9,'LOGO',1),(35,9,'INSIGHT',1),(36,9,'FR-V',1),(37,9,'ODYSSEY',1),(38,9,'PILOT',1),(39,10,'TROOPER',1),(40,10,'GEMINI',1),(41,10,'CAMPO',1),(42,10,'PIAZZA',1),(43,10,'MIDI',1),(44,10,'IMPULSE',1),(45,10,'D-MAX',1),(46,10,'ASCENDER',1),(47,10,'ELF',1),(48,10,'TFR/TFS',1),(49,10,'WFR',1),(50,10,'GRAFTER',1),(51,4,'XEDOS',1),(52,4,'121',1),(53,4,'929',1),(54,4,'RX 7',1),(55,4,'323',1),(56,4,'MX-3',1),(57,4,'MX-5',1),(58,4,'MX-6',1),(59,4,'626',1),(60,4,'MPV',1),(61,4,'DEMIO',1),(62,4,'PREMACY',1),(63,4,'TRIBUTE',1),(64,4,'6',1),(65,4,'RX 5',1),(66,4,'2',1),(67,4,'RX 8',1),(68,4,'3',1),(69,4,'5',1),(70,4,'SPECTRON',1),(71,4,'CX-7',1),(72,4,'CX-9',1),(73,4,'CX-5',1),(74,4,'VERISA',1),(75,4,'AZOFFROAD',1),(76,4,'CX-3',1),(77,4,'LANTIS',1),(78,4,'CAPELLA',1),(79,4,'CRONUS',1),(80,5,'COUPE',1),(81,5,'KOMBI',1),(82,5,'S-CLASS',1),(83,5,'190',1),(84,5,'G-CLASS',1),(85,5,'CABRIOLET',1),(86,5,'E-CLASS',1),(87,5,'C-CLASS',1),(88,5,'PAGODE',1),(89,5,'PONTON',1),(90,5,'VITO',1),(91,5,'TOURISMO',1),(92,5,'SLK',1),(93,5,'ACTROS',1),(94,5,'170',1),(95,5,'CLK',1),(96,5,'A-CLASS',1),(97,5,'M-CLASS',1),(98,5,'ATEGO',1),(99,5,'CITARO',1),(100,5,'SL',1),(101,5,'GULLWING',1),(102,5,'LP',1),(103,5,'LK/LN2',1),(104,5,'MK',1),(105,5,'SK',1),(106,5,'V-CLASS',1),(107,5,'TRAVEGO',1),(108,5,'ECONIC',1),(109,5,'UNIMOG',1),(110,5,'VANEO',1),(111,5,'CLS',1),(112,5,'SLR',1),(113,5,'R-CLASS',1),(114,5,'AMG',1),(115,6,'COLT',1),(116,6,'CORDIA',1),(117,6,'LANCER',1),(118,6,'SAPPORO',1),(119,6,'SIGMA',1),(120,6,'SPACE WAGON',1),(121,6,'STARION',1),(122,6,'ECLIPSE',1),(123,6,'PAJERO',1),(124,6,'GALANT',1),(125,6,'TREDIA',1),(126,6,'CELESTE',1),(127,6,'CARISMA',1),(128,6,'L 200',1),(129,6,'L 300',1),(130,6,'SPACE RUNNER',1),(131,6,'SANTAMO',1),(132,6,'L 400',1),(133,6,'PROUDIA',1),(134,6,'AIRTREK',1),(135,6,'GRANDIS',1),(136,6,'OUTLANDER',1),(137,6,'DIAMANTE',1),(138,6,'MIRAGE',1),(139,6,'GTO',1),(140,6,'LANCER SPORTBACK (CX_A)',1),(141,6,'ASX',1),(142,6,'DELICA',1),(143,6,'LEGNUM',1),(144,7,'CABSTAR',1),(145,7,'LAUREL',1),(146,7,'MICRA',1),(147,7,'SUNNY',1),(148,7,'MAXIMA',1),(149,7,'280 ZX',1),(150,7,'200 SX',1),(151,7,'100 NX',1),(152,7,'CHERRY',1),(153,7,'PRAIRIE',1),(154,7,'PRIMERA',1),(155,7,'BLUEBIRD',1),(156,7,'STANZA',1),(157,7,'TERRANO',1),(158,7,'URVAN',1),(159,7,'300 ZX (Z32)',1),(160,7,'PATROL',1),(161,7,'SERENA',1),(162,7,'VANETTE',1),(163,7,'ALMERA',1),(164,7,'SILVIA',1),(165,7,'DATSUN',1),(166,7,'X-TRAIL',1),(167,7,'350 Z',1),(168,7,'ATLEON',1),(169,7,'KUBISTAR',1),(170,7,'MURANO',1),(171,7,'PATHFINDER',1),(172,7,'NAVARA',1),(173,7,'QASHQAI',1),(174,7,'CEDRIC',1),(175,7,'TIIDA',1),(176,7,'AVENIR',1),(177,7,'CEFIRO',1),(178,7,'CIMA',1),(179,7,'GT-R',1),(180,7,'370 Z',1),(181,7,'PIXO',1),(182,7,'TEANA',1),(183,7,'NV200',1),(184,7,'NT500',1),(185,7,'SKYLINE',1),(186,7,'QX4',1),(187,7,'ELGRAND',1),(188,7,'ARMADA',1),(189,7,'JUKE',1),(190,7,'PRESAGE',1),(191,7,'PULSAR',1),(192,7,'X-TERRA',1),(193,11,'ADAM',1),(194,11,'ADMIRAL',1),(195,11,'AGILA',1),(196,11,'AMPERA',1),(197,11,'ANTARA',1),(198,11,'ARENA',1),(199,11,'ASCONA',1),(200,11,'ASTRA',1),(201,11,'CALIBRA',1),(202,11,'CAMPO',1),(203,11,'CASCADA',1),(204,11,'COMBO',1),(205,11,'COMMODORE',1),(206,11,'CORSA',1),(207,11,'CROSSLAND',1),(208,11,'DIPLOMAT',1),(209,11,'FRONTERA',1),(210,11,'GRANDLAND',1),(211,11,'GT',1),(212,11,'INSIGNIA',1),(213,11,'KADETT',1),(214,11,'KAPITÄN',1),(215,11,'KARL',1),(216,11,'MANTA',1),(217,11,'MERIVA',1),(218,11,'MOKKA',1),(219,11,'MONTEREY',1),(220,11,'MONZA',1),(221,11,'MOVANO',1),(222,11,'OLYMPIA',1),(223,11,'OMEGA',1),(224,11,'REKORD',1),(225,11,'SENATOR',1),(226,11,'SIGNUM',1),(227,11,'SINTRA',1),(228,11,'SPEEDSTER',1),(229,11,'TIGRA',1),(230,11,'VECTRA',1),(231,11,'VIVARO',1),(232,11,'ZAFIRA',1),(233,2,'LEONE',1),(234,2,'LEGACY',1),(235,2,'XT',1),(236,2,'JUSTY',1),(237,2,'LIBERO',1),(238,2,'IMPREZA',1),(239,2,'FORESTER',1),(240,2,'VIVIO',1),(241,2,'SVX',1),(242,2,'REX',1),(243,2,'OUTBACK',1),(244,2,'TRIBECA',1),(245,2,'MV',1),(246,2,'TREZIA',1),(247,2,'XV',1),(248,2,'BRZ',1),(249,2,'LEVORG',1),(250,2,'WRX',1),(251,3,'SWIFT',1),(252,3,'ALTO',1),(253,3,'CARRY',1),(254,3,'LJ 80',1),(255,3,'VITARA',1),(256,3,'SJ 410',1),(257,3,'SAMURAI',1),(258,3,'SJ 413',1),(259,3,'BALENO',1),(260,3,'X-90',1),(261,3,'WAGON R+',1),(262,3,'JIMNY',1),(263,3,'CAPPUCINO',1),(264,3,'IGNIS',1),(265,3,'LIANA',1),(266,3,'SX4',1),(267,3,'SPLASH',1),(268,3,'KIZASHI',1),(269,3,'CELERIO',1),(270,3,'XL-7',1),(271,12,'TRANS SPORT',1),(272,12,'LUMINA',1),(273,12,'BLAZER',1),(274,12,'CORVETTE',1),(275,12,'BERETTA',1),(276,12,'CORSICA',1),(277,12,'CAMARO',1),(278,12,'CAPRICE',1),(279,12,'MALIBU',1),(280,12,'IMPALA',1),(281,12,'ALERO',1),(282,12,'TAHOE',1),(283,12,'TRAIL',1),(284,12,'MATIZ',1),(285,12,'KALOS',1),(286,12,'LACETTI',1),(287,12,'NUBIRA',1),(288,12,'REZZO',1),(289,12,'EVANDA',1),(290,12,'AVEO',1),(291,12,'EPICA',1),(292,12,'CAPTIVA',1),(293,12,'ASTRO',1),(294,12,'CAVALIER',1),(295,12,'CORSA',1),(296,12,'SPARK',1),(297,12,'SUBURBAN',1),(298,12,'VECTRA',1),(299,12,'ZAFIRA',1),(300,12,'EQUINOX',1),(301,12,'TRACKER',1),(302,12,'VENTURE',1),(303,12,'VIVA',1),(304,12,'AVALANCHE',1),(305,12,'ORLANDO',1),(306,12,'NIVA',1),(307,12,'SENS',1),(308,12,'SILVERADO',1),(309,12,'COBALT',1),(310,12,'MW',1),(311,15,'ACCENT',1),(312,15,'COUPE',1),(313,15,'SONATA',1),(314,15,'LANTRA',1),(315,15,'H-1',1),(316,15,'PONY',1),(317,15,'XG',1),(318,15,'TRAJET',1),(319,15,'ELANTRA',1),(320,15,'GALLOPER',1),(321,15,'SANTA FÉ',1),(322,15,'SANTAMO',1),(323,15,'MATRIX',1),(324,15,'TERRACAN',1),(325,15,'GETZ',1),(326,15,'TUCSON',1),(327,15,'GRANDEUR',1),(328,15,'EQUUS',1),(329,15,'i10',1),(330,15,'i20',1),(331,15,'i30',1),(332,15,'i35',1),(333,15,'i40',1),(334,15,'i55',1),(335,15,'PORTER',1),(336,15,'AERO',1),(337,15,'UNIVERSE',1),(338,15,'HD',1),(339,15,'COUNTY',1),(340,15,'GENESIS',1),(341,15,'CENTENNIAL',1),(342,15,'SOLARIS',1),(343,15,'VELOSTER',1),(344,15,'GRACE',1),(345,15,'MARCIA',1),(346,16,'SEPHIA',1),(347,16,'SPORTAGE',1),(348,16,'PRIDE',1),(349,16,'CLARUS',1),(350,16,'BESTA',1),(351,16,'PREGIO',1),(352,16,'CARNIVAL',1),(353,16,'ROADSTER',1),(354,16,'RETONA',1),(355,16,'JOICE',1),(356,16,'RIO',1),(357,16,'CARENS',1),(358,16,'MAGENTIS',1),(359,16,'SHUMA',1),(360,16,'SORENTO',1),(361,16,'OPIRUS',1),(362,16,'SPECTRA',1),(363,16,'CERATO',1),(364,16,'PICANTO',1),(365,16,'CEE\'D',1),(366,16,'AVELLA',1),(367,16,'BONGO',1),(368,16,'CERES',1),(369,16,'SOUL',1),(370,16,'CAPITAL',1),(371,16,'VENGA',1),(372,16,'OPTIMA',1),(373,16,'CADENZA',1),(374,16,'QUORIS',1),(375,16,'ENTERPRISE',1),(376,17,'ESPERO',1),(377,17,'CIELO',1),(378,17,'TICO',1),(379,17,'ORION',1),(380,17,'KONDOR',1),(381,17,'LANOS',1),(382,17,'NUBIRA',1),(383,17,'MATIZ',1),(384,17,'LUBLIN II',1),(385,17,'MUSSO',1),(386,17,'KORANDO',1),(387,17,'REZZO',1),(388,17,'REXTON',1),(389,17,'KALOS',1),(390,17,'EVANDA',1),(391,17,'LACETTI',1),(392,17,'PRINCE',1),(393,17,'ADVENTRA',1),(394,17,'DAMAS',1),(395,17,'LABO',1),(396,17,'LEMANS',1),(397,17,'MAGNUS',1),(398,17,'TOSCA',1),(399,17,'NOVUS',1),(400,17,'PRIMA',1),(401,17,'BROUGHAM',1),(402,17,'GENTRA',1),(403,17,'LEGANZA',1),(404,13,'ES',1),(405,13,'GS',1),(406,13,'IS',1),(407,13,'LS',1),(408,13,'RX',1),(409,13,'SC',1),(410,13,'LFA',1),(411,13,'CT',1),(412,13,'LX',1),(413,13,'GX',1),(414,13,'RC',1),(415,13,'NX',1),(416,18,'G20',1),(417,18,'I30',1),(418,18,'J30',1),(419,18,'M30',1),(420,18,'Q45',1),(421,18,'QX4',1),(422,18,'FX',1),(423,18,'M35',1),(424,18,'EX',1),(425,18,'G',1),(426,18,'M',1),(427,18,'M37',1),(428,18,'QX56',1),(429,18,'JX',1),(430,18,'Q50',1),(431,18,'Q60',1),(432,18,'QX70',1),(433,18,'QX50',1),(434,18,'QX60',1),(435,18,'Q70',1),(436,18,'QX80',1),(437,18,'Q30',1),(438,18,'QX30',1),(439,18,'G35',1),(440,18,'G37',1),(441,1,'RAV 4',1),(442,1,'COROLLA',1),(443,1,'CORONA',1),(444,1,'LAND CRUISER',1),(445,1,'CRESSIDA',1),(446,1,'LITEACE',1),(447,1,'SUPRA',1),(448,1,'4 RUNNER',1),(449,1,'CAMRY',1),(450,1,'CARINA',1),(451,1,'CELICA',1),(452,1,'HILUX',1),(453,1,'AVENSIS',1),(454,1,'YARIS',1),(455,1,'FORTUNER',1),(456,1,'HIGHLANDER',1),(457,1,'NOAH',1),(458,1,'MARK II',1),(459,1,'AVALON',1),(460,1,'LAND CRUISER PRADO',1),(461,1,'ALPHARD',1),(462,1,'SEQUOIA',1),(463,1,'TUNDRA',1),(464,1,'ESTIMA',1),(465,1,'TOWN ACE',1),(466,8,'DELTA',1),(467,8,'MOVE',1),(468,8,'автобус (S7_)',1),(469,9,'CROSSTOUR',1),(470,9,'CRX',1),(471,9,'FIT',1),(472,9,'INSPIRE',1),(473,9,'ODESSEY',1),(474,9,'STEPWGN',1),(475,9,'CR-Z',1),(476,4,'616',1),(479,4,'818',1),(480,4,'BONGO',1),(481,4,'BT-50',1),(482,6,'CHALLENGER',1),(483,6,'L200',1),(484,9,'STREAM',1),(486,6,'MONTERA SPORT',1),(487,6,'RVR',1),(488,6,'SPACE GEAR',1),(489,6,'SPACE STAR',1),(490,7,'300 ZX',1),(491,7,'ALTIMA',1),(492,7,'CUBE',1),(493,7,'MISTRAL',1),(494,7,'NOTE',1),(932,7,'LARGO',1),(933,7,'NP300',1),(934,7,'NT400',1),(935,7,'NV300',1),(936,7,'NV400',1),(937,7,'RNESSA',1),(938,7,'SENTRA',1),(939,7,'TRADE',1),(940,3,'WAGON',1),(941,1,'ALTEZZA',1),(942,1,'ARISTO',1),(943,1,'AURIS',1),(944,1,'CALDINA',1),(945,1,'CAVALIER',1),(946,1,'CHASER',1),(947,1,'HIACE',1),(948,1,'MATRIX',1),(949,1,'PICNIC',1),(950,1,'PREVIA',1),(951,1,'PRIUS',1),(952,1,'PROACE',1),(953,1,'SIENNA',1),(954,1,'STARLET',1),(955,1,'TACOMA',1),(956,1,'TERCEL',1),(957,1,'TOWN  ACE',1),(958,1,'VENZA',1),(959,15,'AERO CITY',1),(960,15,'AERO TOWN',1),(961,15,'ATOS',1),(962,15,'AVANTE',1),(963,15,'CRETA',1),(964,15,'H100',1),(965,15,'H350',1),(966,16,'BORREGO',1),(967,16,'CEE`D',1),(968,16,'NIRO',1),(969,16,'CEE´D',1),(970,16,'SEDONA',1),(971,17,'LUBLIN',1),(972,17,'NEXIA',1),(973,13,'LC',1);
/*!40000 ALTER TABLE `models` ENABLE KEYS */;
UNLOCK TABLES;
DROP TABLE IF EXISTS `news`;
/*!40101 SET @saved_cs_client     = @@character_set_client */;
/*!40101 SET character_set_client = utf8 */;
CREATE TABLE `news` (
  `id` int(10) unsigned NOT NULL AUTO_INCREMENT,
  `title` varchar(255) COLLATE utf8mb4_unicode_ci DEFAULT NULL,
  `url` varchar(255) COLLATE utf8mb4_unicode_ci NOT NULL,
  `image` varchar(64) COLLATE utf8mb4_unicode_ci DEFAULT NULL,
  `image_alt` varchar(255) COLLATE utf8mb4_unicode_ci DEFAULT NULL,
  `image_title` varchar(255) COLLATE utf8mb4_unicode_ci DEFAULT NULL,
  `short` text COLLATE utf8mb4_unicode_ci,
  `content` text COLLATE utf8mb4_unicode_ci,
  `seo_title` varchar(255) COLLATE utf8mb4_unicode_ci DEFAULT NULL,
  `seo_description` text COLLATE utf8mb4_unicode_ci,
  `seo_keywords` varchar(255) COLLATE utf8mb4_unicode_ci DEFAULT NULL,
  `active` tinyint(1) NOT NULL DEFAULT '1',
  `created_at` timestamp NULL DEFAULT NULL,
  `updated_at` timestamp NULL DEFAULT NULL,
  PRIMARY KEY (`id`)
) ENGINE=InnoDB AUTO_INCREMENT=4 DEFAULT CHARSET=utf8mb4 COLLATE=utf8mb4_unicode_ci;
/*!40101 SET character_set_client = @saved_cs_client */;

LOCK TABLES `news` WRITE;
/*!40000 ALTER TABLE `news` DISABLE KEYS */;
INSERT INTO `news` VALUES (1,'Чинить автомобили по ОСАГО предложили старыми деталями','chinit-avtomobili-po-osago-predlozhili-starymi-detalyami-2','pIU8yiOEqb4xrSOOPU.png',NULL,NULL,'В России могут разрешить использование старых деталей при ремонте автомобиля в рамках ОСАГО наравне с новыми. При этом согласие владельца машины на это не потребуется.','<p>Lorem ipsum dolor sit amet, consectetur adipiscing elit. Sed sed libero vitae arcu pulvinar laoreet. Sed pellentesque velit tincidunt, tincidunt lorem id, mollis odio. Mauris auctor nunc eget eleifend pretium. Morbi bibendum tempor eros ac pretium. Donec et turpis pellentesque, molestie ligula sed, finibus ligula. Nullam dolor ipsum, faucibus id tincidunt sed, sollicitudin ultrices nisi. Nunc tempus fringilla libero eu convallis. Duis pretium maximus facilisis. Lorem ipsum dolor sit amet, consectetur adipiscing elit. Praesent iaculis aliquet libero, tempor dignissim ex facilisis in.</p>\r\n\r\n<p>Mauris pulvinar bibendum eros id eleifend. Donec lobortis augue enim, a varius nulla posuere ac. Sed est mi, luctus sed ipsum nec, pellentesque luctus ligula. Aliquam erat volutpat. Nam in ultrices diam. Fusce venenatis mi eget rhoncus porttitor. Aenean convallis elementum neque, ut feugiat justo luctus ut. Donec metus odio, finibus quis facilisis vitae, dignissim eget erat. Vestibulum odio nibh, laoreet non ipsum ac, blandit vulputate lacus. Donec fringilla tempus finibus.</p>\r\n\r\n<p>Cras vehicula mattis erat, in condimentum elit efficitur non. Vivamus et molestie nibh. Quisque et risus in lacus maximus tempor. Morbi non dignissim diam. Ut pellentesque ornare ligula eu laoreet. Curabitur congue ante et ipsum euismod ornare. Fusce venenatis mollis sollicitudin. Vestibulum erat dolor, fringilla ac semper luctus, euismod at nulla.</p>\r\n\r\n<p>Nullam posuere varius orci a dapibus. Cras porttitor ex ac libero pharetra, ullamcorper accumsan diam dapibus. Praesent in interdum arcu, aliquet bibendum sapien. Etiam tristique purus quis velit hendrerit, egestas volutpat nunc scelerisque. Duis ac lobortis augue. Morbi a interdum nisi. Cras venenatis rhoncus maximus. Nulla eu enim vel magna lacinia faucibus ut sed metus. Cras placerat venenatis aliquet. Nulla facilisis metus non nisi venenatis, ut fringilla nibh egestas. Duis sit amet metus quis neque scelerisque sodales vitae nec leo. Aliquam porta metus in metus ornare blandit. In congue sit amet nisi non tempor. Vestibulum malesuada justo ut mauris mattis faucibus at nec lacus. Aenean facilisis eros sed odio maximus, et rutrum felis placerat.</p>','3','5','4',1,'2019-10-07 11:50:25','2019-10-07 11:59:48'),(2,'Чинить автомобили по ОСАГО предложили старыми деталями','chinit-avtomobili-po-osago-predlozhili-starymi-detalyami','qt2ZJv8Xlam5CujC0U.png','alt','title','В России могут разрешить использование старых деталей при ремонте автомобиля в рамках ОСАГО наравне с новыми. При этом согласие владельца машины на это не потребуется.','<p>Lorem ipsum dolor sit amet, consectetur adipiscing elit. Sed sed libero vitae arcu pulvinar laoreet. Sed pellentesque velit tincidunt, tincidunt lorem id, mollis odio. Mauris auctor nunc eget eleifend pretium. Morbi bibendum tempor eros ac pretium. Donec et turpis pellentesque, molestie ligula sed, finibus ligula. Nullam dolor ipsum, faucibus id tincidunt sed, sollicitudin ultrices nisi. Nunc tempus fringilla libero eu convallis. Duis pretium maximus facilisis. Lorem ipsum dolor sit amet, consectetur adipiscing elit. Praesent iaculis aliquet libero, tempor dignissim ex facilisis in.</p>\r\n\r\n<p>Mauris pulvinar bibendum eros id eleifend. Donec lobortis augue enim, a varius nulla posuere ac. Sed est mi, luctus sed ipsum nec, pellentesque luctus ligula. Aliquam erat volutpat. Nam in ultrices diam. Fusce venenatis mi eget rhoncus porttitor. Aenean convallis elementum neque, ut feugiat justo luctus ut. Donec metus odio, finibus quis facilisis vitae, dignissim eget erat. Vestibulum odio nibh, laoreet non ipsum ac, blandit vulputate lacus. Donec fringilla tempus finibus.</p>\r\n\r\n<p>Cras vehicula mattis erat, in condimentum elit efficitur non. Vivamus et molestie nibh. Quisque et risus in lacus maximus tempor. Morbi non dignissim diam. Ut pellentesque ornare ligula eu laoreet. Curabitur congue ante et ipsum euismod ornare. Fusce venenatis mollis sollicitudin. Vestibulum erat dolor, fringilla ac semper luctus, euismod at nulla.</p>\r\n\r\n<p>Nullam posuere varius orci a dapibus. Cras porttitor ex ac libero pharetra, ullamcorper accumsan diam dapibus. Praesent in interdum arcu, aliquet bibendum sapien. Etiam tristique purus quis velit hendrerit, egestas volutpat nunc scelerisque. Duis ac lobortis augue. Morbi a interdum nisi. Cras venenatis rhoncus maximus. Nulla eu enim vel magna lacinia faucibus ut sed metus. Cras placerat venenatis aliquet. Nulla facilisis metus non nisi venenatis, ut fringilla nibh egestas. Duis sit amet metus quis neque scelerisque sodales vitae nec leo. Aliquam porta metus in metus ornare blandit. In congue sit amet nisi non tempor. Vestibulum malesuada justo ut mauris mattis faucibus at nec lacus. Aenean facilisis eros sed odio maximus, et rutrum felis placerat.</p>',NULL,NULL,NULL,1,'2019-10-07 11:50:45','2019-10-06 20:00:00'),(3,'Чинить автомобили по ОСАГО предложили старыми деталями','chinit-avtomobili-po-osago-predlozhili-starymi-detalyami-3','30dCiMMJVxnqvzSa3c.png',NULL,NULL,'В России могут разрешить использование старых деталей при ремонте автомобиля в рамках ОСАГО наравне с новыми. При этом согласие владельца машины на это не потребуется.','<p>Lorem ipsum dolor sit amet, consectetur adipiscing elit. Sed sed libero vitae arcu pulvinar laoreet. Sed pellentesque velit tincidunt, tincidunt lorem id, mollis odio. Mauris auctor nunc eget eleifend pretium. Morbi bibendum tempor eros ac pretium. Donec et turpis pellentesque, molestie ligula sed, finibus ligula. Nullam dolor ipsum, faucibus id tincidunt sed, sollicitudin ultrices nisi. Nunc tempus fringilla libero eu convallis. Duis pretium maximus facilisis. Lorem ipsum dolor sit amet, consectetur adipiscing elit. Praesent iaculis aliquet libero, tempor dignissim ex facilisis in.</p>\r\n\r\n<p>Mauris pulvinar bibendum eros id eleifend. Donec lobortis augue enim, a varius nulla posuere ac. Sed est mi, luctus sed ipsum nec, pellentesque luctus ligula. Aliquam erat volutpat. Nam in ultrices diam. Fusce venenatis mi eget rhoncus porttitor. Aenean convallis elementum neque, ut feugiat justo luctus ut. Donec metus odio, finibus quis facilisis vitae, dignissim eget erat. Vestibulum odio nibh, laoreet non ipsum ac, blandit vulputate lacus. Donec fringilla tempus finibus.</p>\r\n\r\n<p>Cras vehicula mattis erat, in condimentum elit efficitur non. Vivamus et molestie nibh. Quisque et risus in lacus maximus tempor. Morbi non dignissim diam. Ut pellentesque ornare ligula eu laoreet. Curabitur congue ante et ipsum euismod ornare. Fusce venenatis mollis sollicitudin. Vestibulum erat dolor, fringilla ac semper luctus, euismod at nulla.</p>\r\n\r\n<p>Nullam posuere varius orci a dapibus. Cras porttitor ex ac libero pharetra, ullamcorper accumsan diam dapibus. Praesent in interdum arcu, aliquet bibendum sapien. Etiam tristique purus quis velit hendrerit, egestas volutpat nunc scelerisque. Duis ac lobortis augue. Morbi a interdum nisi. Cras venenatis rhoncus maximus. Nulla eu enim vel magna lacinia faucibus ut sed metus. Cras placerat venenatis aliquet. Nulla facilisis metus non nisi venenatis, ut fringilla nibh egestas. Duis sit amet metus quis neque scelerisque sodales vitae nec leo. Aliquam porta metus in metus ornare blandit. In congue sit amet nisi non tempor. Vestibulum malesuada justo ut mauris mattis faucibus at nec lacus. Aenean facilisis eros sed odio maximus, et rutrum felis placerat.</p>',NULL,NULL,NULL,1,'2019-10-07 11:53:55','2019-10-07 12:49:11');
/*!40000 ALTER TABLE `news` ENABLE KEYS */;
UNLOCK TABLES;
DROP TABLE IF EXISTS `order_part`;
/*!40101 SET @saved_cs_client     = @@character_set_client */;
/*!40101 SET character_set_client = utf8 */;
CREATE TABLE `order_part` (
  `id` bigint(20) unsigned NOT NULL AUTO_INCREMENT,
  `order_id` bigint(20) unsigned NOT NULL,
  `part_id` bigint(20) unsigned NOT NULL,
  `count` int(10) unsigned NOT NULL,
  `price` double(8,2) unsigned NOT NULL,
  `real_price` int(10) unsigned NOT NULL,
  `name` varchar(255) COLLATE utf8mb4_unicode_ci DEFAULT NULL,
  PRIMARY KEY (`id`),
  KEY `order_part_order_id_foreign` (`order_id`),
  CONSTRAINT `order_part_order_id_foreign` FOREIGN KEY (`order_id`) REFERENCES `orders` (`id`) ON DELETE CASCADE
) ENGINE=InnoDB AUTO_INCREMENT=11 DEFAULT CHARSET=utf8mb4 COLLATE=utf8mb4_unicode_ci;
/*!40101 SET character_set_client = @saved_cs_client */;

LOCK TABLES `order_part` WRITE;
/*!40000 ALTER TABLE `order_part` DISABLE KEYS */;
INSERT INTO `order_part` VALUES (4,2,6,1,8415.00,8500,'Test'),(5,2,25,54,0.99,1,'Рулевая рейка оригинал MI SPACE WAGON GRANDIS MN103359'),(6,3,40,5,0.99,1,'Натяжитель цепи ГРМ NI A32 A33 VQ20 VQ25 VQ30 PATHFINDER VQ35 01-'),(7,3,42,4,0.99,1,'Натяжитель цепи ГРМ NI PATROL Y61 ZD30 3.0 97-'),(8,3,6,1,8415.00,8500,'Test'),(9,3,7,1,6435.00,6500,'Test'),(10,3,68,1,0.99,1,'Цепь привода распредвала NI MURANO Z50 03-08 FX 35 VQ35 03-08 TEANA J31 J32 03-13 \"\"');
/*!40000 ALTER TABLE `order_part` ENABLE KEYS */;
UNLOCK TABLES;
DROP TABLE IF EXISTS `orders`;
/*!40101 SET @saved_cs_client     = @@character_set_client */;
/*!40101 SET character_set_client = utf8 */;
CREATE TABLE `orders` (
  `id` bigint(20) unsigned NOT NULL AUTO_INCREMENT,
  `user_id` bigint(20) unsigned NOT NULL,
  `name` varchar(255) COLLATE utf8mb4_unicode_ci DEFAULT NULL,
  `phone` varchar(255) COLLATE utf8mb4_unicode_ci DEFAULT NULL,
  `delivery` tinyint(1) NOT NULL DEFAULT '0',
  `address` varchar(255) COLLATE utf8mb4_unicode_ci DEFAULT NULL,
  `region_id` int(10) unsigned DEFAULT NULL,
  `region_name` varchar(255) COLLATE utf8mb4_unicode_ci DEFAULT NULL,
  `city_id` int(10) unsigned DEFAULT NULL,
  `city_name` varchar(255) COLLATE utf8mb4_unicode_ci DEFAULT NULL,
  `sum` double(8,2) unsigned NOT NULL DEFAULT '0.00',
  `delivery_price` int(10) unsigned NOT NULL DEFAULT '0',
  `total` int(10) unsigned NOT NULL DEFAULT '0',
  `payment_method` enum('cash','bank') COLLATE utf8mb4_unicode_ci NOT NULL DEFAULT 'cash',
  `status` tinyint(4) NOT NULL DEFAULT '0',
  `paid` tinyint(1) NOT NULL DEFAULT '0',
  `sale` tinyint(4) NOT NULL DEFAULT '0',
  `created_at` timestamp NULL DEFAULT NULL,
  `updated_at` timestamp NULL DEFAULT NULL,
  PRIMARY KEY (`id`)
) ENGINE=InnoDB AUTO_INCREMENT=4 DEFAULT CHARSET=utf8mb4 COLLATE=utf8mb4_unicode_ci;
/*!40101 SET character_set_client = @saved_cs_client */;

LOCK TABLES `orders` WRITE;
/*!40000 ALTER TABLE `orders` DISABLE KEYS */;
INSERT INTO `orders` VALUES (2,1,'Айк','+374553256655',0,NULL,NULL,NULL,NULL,NULL,8468.46,0,8469,'cash',0,0,1,'2019-11-04 11:11:04','2019-11-04 11:11:04'),(3,1,'Айк','8182843009',1,'11634 VICTORY BLVD UNIT 1 NORTH',4,'Region1',3,'City 1',14859.90,1000,15860,'cash',0,0,1,'2019-11-05 09:10:33','2019-11-05 09:10:33');
/*!40000 ALTER TABLE `orders` ENABLE KEYS */;
UNLOCK TABLES;
DROP TABLE IF EXISTS `pages`;
/*!40101 SET @saved_cs_client     = @@character_set_client */;
/*!40101 SET character_set_client = utf8 */;
CREATE TABLE `pages` (
  `id` int(10) unsigned NOT NULL AUTO_INCREMENT,
  `url` varchar(255) COLLATE utf8mb4_unicode_ci DEFAULT NULL,
  `title` varchar(255) COLLATE utf8mb4_unicode_ci DEFAULT NULL,
  `static` varchar(64) COLLATE utf8mb4_unicode_ci DEFAULT NULL,
  `image` varchar(64) COLLATE utf8mb4_unicode_ci DEFAULT NULL,
  `image_alt` varchar(255) COLLATE utf8mb4_unicode_ci DEFAULT NULL,
  `image_title` varchar(255) COLLATE utf8mb4_unicode_ci DEFAULT NULL,
  `show_image` tinyint(1) NOT NULL DEFAULT '1',
  `content` text COLLATE utf8mb4_unicode_ci,
  `on_menu` tinyint(1) NOT NULL DEFAULT '1',
  `on_footer` tinyint(1) NOT NULL DEFAULT '0',
  `active` tinyint(1) NOT NULL DEFAULT '1',
  `sort` int(10) unsigned NOT NULL DEFAULT '0',
  `seo_title` varchar(255) COLLATE utf8mb4_unicode_ci DEFAULT NULL,
  `seo_description` text COLLATE utf8mb4_unicode_ci,
  `seo_keywords` varchar(255) COLLATE utf8mb4_unicode_ci DEFAULT NULL,
  `created_at` timestamp NULL DEFAULT NULL,
  `updated_at` timestamp NULL DEFAULT NULL,
  PRIMARY KEY (`id`)
) ENGINE=InnoDB AUTO_INCREMENT=15 DEFAULT CHARSET=utf8mb4 COLLATE=utf8mb4_unicode_ci;
/*!40101 SET character_set_client = @saved_cs_client */;

LOCK TABLES `pages` WRITE;
/*!40000 ALTER TABLE `pages` DISABLE KEYS */;
INSERT INTO `pages` VALUES (1,'home','Главная','home',NULL,NULL,NULL,0,NULL,1,0,1,1,'Bauten.org',NULL,NULL,'2019-10-04 16:49:11','2019-11-07 11:13:23'),(2,'store','Интернет магазин','catalogs',NULL,NULL,NULL,1,NULL,1,0,1,2,NULL,NULL,NULL,'2019-10-04 16:49:11','2019-10-07 14:39:09'),(3,'marks','Марки','marks',NULL,NULL,NULL,1,NULL,1,0,1,3,NULL,NULL,NULL,'2019-10-05 12:38:09','2019-10-07 11:00:19'),(4,'brands','Бренды','brands',NULL,NULL,NULL,1,NULL,1,0,1,4,NULL,NULL,NULL,'2019-10-05 12:38:09','2019-10-07 11:00:19'),(5,'terms','Условия','terms',NULL,NULL,NULL,1,NULL,1,1,1,5,NULL,NULL,NULL,'2019-10-05 12:38:09','2019-10-07 18:11:41'),(6,'contacts','Контакты','contacts',NULL,NULL,NULL,1,NULL,1,0,1,8,NULL,NULL,NULL,'2019-10-05 12:38:09','2019-10-07 11:00:19'),(7,'news','Новости','news',NULL,NULL,NULL,1,NULL,1,0,1,7,NULL,NULL,NULL,NULL,'2019-10-07 12:15:38'),(8,'about','О компании',NULL,'kwEXA6FGegF0R9uSbi.jpg','Alt','Title',1,'<p>Lorem ipsum dolor sit amet, consectetur adipiscing elit. Aliquam tempus nulla sit amet ultrices tincidunt. Integer bibendum dui ac ipsum scelerisque aliquet tempus at ipsum. Etiam imperdiet sit amet urna nec molestie. Nulla et urna odio. Sed sodales mauris justo, sed gravida elit scelerisque ut. Quisque imperdiet turpis pellentesque, egestas est nec, suscipit sem. Integer sagittis tortor in sem tempus bibendum. Donec nec volutpat erat. Integer diam libero, rhoncus molestie imperdiet eu, blandit in sem. Aliquam vehicula diam vitae nisl hendrerit, vel pellentesque felis varius. Fusce et felis neque. Nunc vitae interdum augue.</p>\r\n\r\n<p>Integer in iaculis nisl. Aliquam non nisi hendrerit, maximus turpis pharetra, finibus diam. Nunc sit amet turpis vulputate, bibendum diam eu, lacinia ipsum. Cras id enim id velit laoreet bibendum sit amet in justo. Donec eu facilisis lectus, et pellentesque augue. Ut porta, odio eu eleifend suscipit, diam massa hendrerit neque, at molestie sapien sapien non urna. Etiam placerat molestie nibh quis imperdiet. Etiam laoreet mauris ex, ut vestibulum sem molestie eget. Praesent placerat, ex id tristique vehicula, odio ex scelerisque nibh, ut fringilla nisi leo id metus. Vivamus gravida hendrerit nisl ut porttitor. Aenean sagittis lorem eget massa tempor, quis ultricies eros accumsan.</p>\r\n\r\n<p>Proin consequat egestas faucibus. Curabitur neque nulla, gravida at leo et, eleifend sollicitudin dolor. Cras lacinia eleifend ipsum et commodo. Lorem ipsum dolor sit amet, consectetur adipiscing elit. Nullam lorem diam, ullamcorper a sem eu, fermentum lobortis quam. Nam blandit non diam at semper. Maecenas consequat, orci ac sodales ornare, justo ipsum iaculis quam, eleifend convallis nulla arcu eget ex. Aenean quis augue urna. Suspendisse elementum lacinia est, eget varius orci dapibus ut. Donec condimentum libero sed purus dignissim, vel aliquet sem molestie.</p>',1,0,1,6,NULL,NULL,NULL,'2019-10-07 10:56:05','2019-10-07 11:00:19'),(9,'public-offer','Публичная оферта',NULL,NULL,NULL,NULL,1,'<p>Lorem ipsum dolor sit amet, consectetur adipiscing elit. Vestibulum eget varius augue. Curabitur condimentum ligula lectus, sit amet suscipit lorem pretium in. Aenean vestibulum, neque vel venenatis fringilla, ipsum eros dignissim sapien, vitae luctus dolor ligula non nisl. Suspendisse id imperdiet neque. In nec faucibus orci. Fusce tempor suscipit commodo. Integer nec ex eros. Fusce interdum augue in fermentum sodales. Nulla eget mauris in leo accumsan ullamcorper quis pretium magna. Sed a tempus nisi. Cras sit amet sagittis enim, suscipit tincidunt sapien.</p>\r\n\r\n<p>Sed sollicitudin posuere tortor in accumsan. Morbi tincidunt turpis ut condimentum auctor. Maecenas mollis ut lacus semper hendrerit. Nunc et congue arcu. Interdum et malesuada fames ac ante ipsum primis in faucibus. In lacinia facilisis varius. Proin hendrerit tellus id elit suscipit dapibus. Fusce vulputate, ipsum eget consectetur fringilla, odio nunc sollicitudin lectus, suscipit ultricies ante leo non massa. Nunc id pulvinar est. Aliquam accumsan congue erat lobortis fringilla. Cras faucibus id sem id posuere. Praesent ullamcorper, arcu at bibendum laoreet, velit purus eleifend dui, ut efficitur ipsum sapien non sem. Duis nec quam dui. Integer in nulla bibendum, gravida metus eu, dapibus tellus.</p>\r\n\r\n<p>Vestibulum aliquet diam sed enim scelerisque sagittis. Nunc id orci et enim rhoncus gravida vel in nibh. Nunc lectus urna, volutpat sed lobortis id, hendrerit vel purus. Ut at tortor iaculis, consequat nisl sed, fringilla mi. Mauris a fringilla mauris. Nullam finibus sagittis tincidunt. Nullam vulputate interdum suscipit. Vestibulum quis ante ut magna pulvinar auctor non in neque. Proin eget eros eu sem laoreet aliquet pellentesque ac ipsum. Sed quis elit augue.</p>\r\n\r\n<p>Integer accumsan, ligula ac maximus rhoncus, leo sapien ornare ante, nec tincidunt sem metus at neque. Aenean non turpis ac tortor varius pulvinar a et metus. Donec ac tincidunt metus. Fusce ut mauris eu tortor varius tempor non id augue. Suspendisse hendrerit erat at felis dictum, eget blandit diam consequat. Nulla id justo interdum, sodales velit ut, sodales nisi. Nulla fermentum ligula et dui interdum aliquet. Cras porttitor hendrerit leo, et convallis erat. Fusce at malesuada metus. Donec ullamcorper maximus imperdiet. Donec euismod, nisl vitae euismod convallis, ipsum arcu faucibus libero, id suscipit quam lacus ut augue. Mauris nec commodo leo. Nunc feugiat felis ut elementum aliquet. Nam in massa eget velit venenatis mollis. Nulla facilisi.</p>\r\n\r\n<p>Orci varius natoque penatibus et magnis dis parturient montes, nascetur ridiculus mus. Nulla quis dignissim nulla, id aliquet metus. Aenean et eros ut neque posuere commodo. Morbi ligula dolor, interdum in ligula ac, feugiat mollis erat. Maecenas nisi justo, semper sed arcu non, auctor lobortis ipsum. Cras semper interdum quam imperdiet lobortis. Nunc imperdiet quam vitae iaculis rutrum.</p>',0,1,1,8,NULL,NULL,NULL,'2019-10-07 18:13:24','2019-10-07 18:16:27'),(10,'confidentiality','Конфиденциальность',NULL,NULL,NULL,NULL,1,'<p>Lorem ipsum dolor sit amet, consectetur adipiscing elit. Vestibulum eget varius augue. Curabitur condimentum ligula lectus, sit amet suscipit lorem pretium in. Aenean vestibulum, neque vel venenatis fringilla, ipsum eros dignissim sapien, vitae luctus dolor ligula non nisl. Suspendisse id imperdiet neque. In nec faucibus orci. Fusce tempor suscipit commodo. Integer nec ex eros. Fusce interdum augue in fermentum sodales. Nulla eget mauris in leo accumsan ullamcorper quis pretium magna. Sed a tempus nisi. Cras sit amet sagittis enim, suscipit tincidunt sapien.</p>\r\n\r\n<p>Sed sollicitudin posuere tortor in accumsan. Morbi tincidunt turpis ut condimentum auctor. Maecenas mollis ut lacus semper hendrerit. Nunc et congue arcu. Interdum et malesuada fames ac ante ipsum primis in faucibus. In lacinia facilisis varius. Proin hendrerit tellus id elit suscipit dapibus. Fusce vulputate, ipsum eget consectetur fringilla, odio nunc sollicitudin lectus, suscipit ultricies ante leo non massa. Nunc id pulvinar est. Aliquam accumsan congue erat lobortis fringilla. Cras faucibus id sem id posuere. Praesent ullamcorper, arcu at bibendum laoreet, velit purus eleifend dui, ut efficitur ipsum sapien non sem. Duis nec quam dui. Integer in nulla bibendum, gravida metus eu, dapibus tellus.</p>\r\n\r\n<p>Vestibulum aliquet diam sed enim scelerisque sagittis. Nunc id orci et enim rhoncus gravida vel in nibh. Nunc lectus urna, volutpat sed lobortis id, hendrerit vel purus. Ut at tortor iaculis, consequat nisl sed, fringilla mi. Mauris a fringilla mauris. Nullam finibus sagittis tincidunt. Nullam vulputate interdum suscipit. Vestibulum quis ante ut magna pulvinar auctor non in neque. Proin eget eros eu sem laoreet aliquet pellentesque ac ipsum. Sed quis elit augue.</p>\r\n\r\n<p>Integer accumsan, ligula ac maximus rhoncus, leo sapien ornare ante, nec tincidunt sem metus at neque. Aenean non turpis ac tortor varius pulvinar a et metus. Donec ac tincidunt metus. Fusce ut mauris eu tortor varius tempor non id augue. Suspendisse hendrerit erat at felis dictum, eget blandit diam consequat. Nulla id justo interdum, sodales velit ut, sodales nisi. Nulla fermentum ligula et dui interdum aliquet. Cras porttitor hendrerit leo, et convallis erat. Fusce at malesuada metus. Donec ullamcorper maximus imperdiet. Donec euismod, nisl vitae euismod convallis, ipsum arcu faucibus libero, id suscipit quam lacus ut augue. Mauris nec commodo leo. Nunc feugiat felis ut elementum aliquet. Nam in massa eget velit venenatis mollis. Nulla facilisi.</p>\r\n\r\n<p>Orci varius natoque penatibus et magnis dis parturient montes, nascetur ridiculus mus. Nulla quis dignissim nulla, id aliquet metus. Aenean et eros ut neque posuere commodo. Morbi ligula dolor, interdum in ligula ac, feugiat mollis erat. Maecenas nisi justo, semper sed arcu non, auctor lobortis ipsum. Cras semper interdum quam imperdiet lobortis. Nunc imperdiet quam vitae iaculis rutrum.</p>',0,1,1,8,NULL,NULL,NULL,'2019-10-07 18:16:03','2019-10-07 18:16:33'),(11,'payment-and-delivery','Оплата и доставка',NULL,NULL,NULL,NULL,1,'<p>Lorem ipsum dolor sit amet, consectetur adipiscing elit. Vestibulum eget varius augue. Curabitur condimentum ligula lectus, sit amet suscipit lorem pretium in. Aenean vestibulum, neque vel venenatis fringilla, ipsum eros dignissim sapien, vitae luctus dolor ligula non nisl. Suspendisse id imperdiet neque. In nec faucibus orci. Fusce tempor suscipit commodo. Integer nec ex eros. Fusce interdum augue in fermentum sodales. Nulla eget mauris in leo accumsan ullamcorper quis pretium magna. Sed a tempus nisi. Cras sit amet sagittis enim, suscipit tincidunt sapien.</p>\r\n\r\n<p>Sed sollicitudin posuere tortor in accumsan. Morbi tincidunt turpis ut condimentum auctor. Maecenas mollis ut lacus semper hendrerit. Nunc et congue arcu. Interdum et malesuada fames ac ante ipsum primis in faucibus. In lacinia facilisis varius. Proin hendrerit tellus id elit suscipit dapibus. Fusce vulputate, ipsum eget consectetur fringilla, odio nunc sollicitudin lectus, suscipit ultricies ante leo non massa. Nunc id pulvinar est. Aliquam accumsan congue erat lobortis fringilla. Cras faucibus id sem id posuere. Praesent ullamcorper, arcu at bibendum laoreet, velit purus eleifend dui, ut efficitur ipsum sapien non sem. Duis nec quam dui. Integer in nulla bibendum, gravida metus eu, dapibus tellus.</p>\r\n\r\n<p>Vestibulum aliquet diam sed enim scelerisque sagittis. Nunc id orci et enim rhoncus gravida vel in nibh. Nunc lectus urna, volutpat sed lobortis id, hendrerit vel purus. Ut at tortor iaculis, consequat nisl sed, fringilla mi. Mauris a fringilla mauris. Nullam finibus sagittis tincidunt. Nullam vulputate interdum suscipit. Vestibulum quis ante ut magna pulvinar auctor non in neque. Proin eget eros eu sem laoreet aliquet pellentesque ac ipsum. Sed quis elit augue.</p>\r\n\r\n<p>Integer accumsan, ligula ac maximus rhoncus, leo sapien ornare ante, nec tincidunt sem metus at neque. Aenean non turpis ac tortor varius pulvinar a et metus. Donec ac tincidunt metus. Fusce ut mauris eu tortor varius tempor non id augue. Suspendisse hendrerit erat at felis dictum, eget blandit diam consequat. Nulla id justo interdum, sodales velit ut, sodales nisi. Nulla fermentum ligula et dui interdum aliquet. Cras porttitor hendrerit leo, et convallis erat. Fusce at malesuada metus. Donec ullamcorper maximus imperdiet. Donec euismod, nisl vitae euismod convallis, ipsum arcu faucibus libero, id suscipit quam lacus ut augue. Mauris nec commodo leo. Nunc feugiat felis ut elementum aliquet. Nam in massa eget velit venenatis mollis. Nulla facilisi.</p>\r\n\r\n<p>Orci varius natoque penatibus et magnis dis parturient montes, nascetur ridiculus mus. Nulla quis dignissim nulla, id aliquet metus. Aenean et eros ut neque posuere commodo. Morbi ligula dolor, interdum in ligula ac, feugiat mollis erat. Maecenas nisi justo, semper sed arcu non, auctor lobortis ipsum. Cras semper interdum quam imperdiet lobortis. Nunc imperdiet quam vitae iaculis rutrum.</p>',0,1,1,8,NULL,NULL,NULL,'2019-10-07 18:16:52','2019-10-07 18:17:14'),(12,'for-corporative-clients','Корпоративным клиентам',NULL,NULL,NULL,NULL,1,'<p>Lorem ipsum dolor sit amet, consectetur adipiscing elit. Vestibulum eget varius augue. Curabitur condimentum ligula lectus, sit amet suscipit lorem pretium in. Aenean vestibulum, neque vel venenatis fringilla, ipsum eros dignissim sapien, vitae luctus dolor ligula non nisl. Suspendisse id imperdiet neque. In nec faucibus orci. Fusce tempor suscipit commodo. Integer nec ex eros. Fusce interdum augue in fermentum sodales. Nulla eget mauris in leo accumsan ullamcorper quis pretium magna. Sed a tempus nisi. Cras sit amet sagittis enim, suscipit tincidunt sapien.</p>\r\n\r\n<p>Sed sollicitudin posuere tortor in accumsan. Morbi tincidunt turpis ut condimentum auctor. Maecenas mollis ut lacus semper hendrerit. Nunc et congue arcu. Interdum et malesuada fames ac ante ipsum primis in faucibus. In lacinia facilisis varius. Proin hendrerit tellus id elit suscipit dapibus. Fusce vulputate, ipsum eget consectetur fringilla, odio nunc sollicitudin lectus, suscipit ultricies ante leo non massa. Nunc id pulvinar est. Aliquam accumsan congue erat lobortis fringilla. Cras faucibus id sem id posuere. Praesent ullamcorper, arcu at bibendum laoreet, velit purus eleifend dui, ut efficitur ipsum sapien non sem. Duis nec quam dui. Integer in nulla bibendum, gravida metus eu, dapibus tellus.</p>\r\n\r\n<p>Vestibulum aliquet diam sed enim scelerisque sagittis. Nunc id orci et enim rhoncus gravida vel in nibh. Nunc lectus urna, volutpat sed lobortis id, hendrerit vel purus. Ut at tortor iaculis, consequat nisl sed, fringilla mi. Mauris a fringilla mauris. Nullam finibus sagittis tincidunt. Nullam vulputate interdum suscipit. Vestibulum quis ante ut magna pulvinar auctor non in neque. Proin eget eros eu sem laoreet aliquet pellentesque ac ipsum. Sed quis elit augue.</p>\r\n\r\n<p>Integer accumsan, ligula ac maximus rhoncus, leo sapien ornare ante, nec tincidunt sem metus at neque. Aenean non turpis ac tortor varius pulvinar a et metus. Donec ac tincidunt metus. Fusce ut mauris eu tortor varius tempor non id augue. Suspendisse hendrerit erat at felis dictum, eget blandit diam consequat. Nulla id justo interdum, sodales velit ut, sodales nisi. Nulla fermentum ligula et dui interdum aliquet. Cras porttitor hendrerit leo, et convallis erat. Fusce at malesuada metus. Donec ullamcorper maximus imperdiet. Donec euismod, nisl vitae euismod convallis, ipsum arcu faucibus libero, id suscipit quam lacus ut augue. Mauris nec commodo leo. Nunc feugiat felis ut elementum aliquet. Nam in massa eget velit venenatis mollis. Nulla facilisi.</p>\r\n\r\n<p>Orci varius natoque penatibus et magnis dis parturient montes, nascetur ridiculus mus. Nulla quis dignissim nulla, id aliquet metus. Aenean et eros ut neque posuere commodo. Morbi ligula dolor, interdum in ligula ac, feugiat mollis erat. Maecenas nisi justo, semper sed arcu non, auctor lobortis ipsum. Cras semper interdum quam imperdiet lobortis. Nunc imperdiet quam vitae iaculis rutrum.</p>',0,1,1,8,NULL,NULL,NULL,'2019-10-07 18:18:00','2019-10-07 18:19:02'),(13,'loyalty-program','Программа лояльности',NULL,NULL,NULL,NULL,1,'<p>Lorem ipsum dolor sit amet, consectetur adipiscing elit. Vestibulum eget varius augue. Curabitur condimentum ligula lectus, sit amet suscipit lorem pretium in. Aenean vestibulum, neque vel venenatis fringilla, ipsum eros dignissim sapien, vitae luctus dolor ligula non nisl. Suspendisse id imperdiet neque. In nec faucibus orci. Fusce tempor suscipit commodo. Integer nec ex eros. Fusce interdum augue in fermentum sodales. Nulla eget mauris in leo accumsan ullamcorper quis pretium magna. Sed a tempus nisi. Cras sit amet sagittis enim, suscipit tincidunt sapien.</p>\r\n\r\n<p>Sed sollicitudin posuere tortor in accumsan. Morbi tincidunt turpis ut condimentum auctor. Maecenas mollis ut lacus semper hendrerit. Nunc et congue arcu. Interdum et malesuada fames ac ante ipsum primis in faucibus. In lacinia facilisis varius. Proin hendrerit tellus id elit suscipit dapibus. Fusce vulputate, ipsum eget consectetur fringilla, odio nunc sollicitudin lectus, suscipit ultricies ante leo non massa. Nunc id pulvinar est. Aliquam accumsan congue erat lobortis fringilla. Cras faucibus id sem id posuere. Praesent ullamcorper, arcu at bibendum laoreet, velit purus eleifend dui, ut efficitur ipsum sapien non sem. Duis nec quam dui. Integer in nulla bibendum, gravida metus eu, dapibus tellus.</p>\r\n\r\n<p>Vestibulum aliquet diam sed enim scelerisque sagittis. Nunc id orci et enim rhoncus gravida vel in nibh. Nunc lectus urna, volutpat sed lobortis id, hendrerit vel purus. Ut at tortor iaculis, consequat nisl sed, fringilla mi. Mauris a fringilla mauris. Nullam finibus sagittis tincidunt. Nullam vulputate interdum suscipit. Vestibulum quis ante ut magna pulvinar auctor non in neque. Proin eget eros eu sem laoreet aliquet pellentesque ac ipsum. Sed quis elit augue.</p>\r\n\r\n<p>Integer accumsan, ligula ac maximus rhoncus, leo sapien ornare ante, nec tincidunt sem metus at neque. Aenean non turpis ac tortor varius pulvinar a et metus. Donec ac tincidunt metus. Fusce ut mauris eu tortor varius tempor non id augue. Suspendisse hendrerit erat at felis dictum, eget blandit diam consequat. Nulla id justo interdum, sodales velit ut, sodales nisi. Nulla fermentum ligula et dui interdum aliquet. Cras porttitor hendrerit leo, et convallis erat. Fusce at malesuada metus. Donec ullamcorper maximus imperdiet. Donec euismod, nisl vitae euismod convallis, ipsum arcu faucibus libero, id suscipit quam lacus ut augue. Mauris nec commodo leo. Nunc feugiat felis ut elementum aliquet. Nam in massa eget velit venenatis mollis. Nulla facilisi.</p>\r\n\r\n<p>Orci varius natoque penatibus et magnis dis parturient montes, nascetur ridiculus mus. Nulla quis dignissim nulla, id aliquet metus. Aenean et eros ut neque posuere commodo. Morbi ligula dolor, interdum in ligula ac, feugiat mollis erat. Maecenas nisi justo, semper sed arcu non, auctor lobortis ipsum. Cras semper interdum quam imperdiet lobortis. Nunc imperdiet quam vitae iaculis rutrum.</p>',0,1,1,8,NULL,NULL,NULL,'2019-10-07 18:18:52','2019-10-07 18:18:52'),(14,'jobs','Вакансии',NULL,'TZdOFLrPZ5yQvm8hyb.jpg',NULL,NULL,0,'<p>Lorem ipsum dolor sit amet, consectetur adipiscing elit. Vestibulum eget varius augue. Curabitur condimentum ligula lectus, sit amet suscipit lorem pretium in. Aenean vestibulum, neque vel venenatis fringilla, ipsum eros dignissim sapien, vitae luctus dolor ligula non nisl. Suspendisse id imperdiet neque. In nec faucibus orci. Fusce tempor suscipit commodo. Integer nec ex eros. Fusce interdum augue in fermentum sodales. Nulla eget mauris in leo accumsan ullamcorper quis pretium magna. Sed a tempus nisi. Cras sit amet sagittis enim, suscipit tincidunt sapien.</p>\r\n\r\n<p>Sed sollicitudin posuere tortor in accumsan. Morbi tincidunt turpis ut condimentum auctor. Maecenas mollis ut lacus semper hendrerit. Nunc et congue arcu. Interdum et malesuada fames ac ante ipsum primis in faucibus. In lacinia facilisis varius. Proin hendrerit tellus id elit suscipit dapibus. Fusce vulputate, ipsum eget consectetur fringilla, odio nunc sollicitudin lectus, suscipit ultricies ante leo non massa. Nunc id pulvinar est. Aliquam accumsan congue erat lobortis fringilla. Cras faucibus id sem id posuere. Praesent ullamcorper, arcu at bibendum laoreet, velit purus eleifend dui, ut efficitur ipsum sapien non sem. Duis nec quam dui. Integer in nulla bibendum, gravida metus eu, dapibus tellus.</p>\r\n\r\n<p>Vestibulum aliquet diam sed enim scelerisque sagittis. Nunc id orci et enim rhoncus gravida vel in nibh. Nunc lectus urna, volutpat sed lobortis id, hendrerit vel purus. Ut at tortor iaculis, consequat nisl sed, fringilla mi. Mauris a fringilla mauris. Nullam finibus sagittis tincidunt. Nullam vulputate interdum suscipit. Vestibulum quis ante ut magna pulvinar auctor non in neque. Proin eget eros eu sem laoreet aliquet pellentesque ac ipsum. Sed quis elit augue.</p>\r\n\r\n<p>Integer accumsan, ligula ac maximus rhoncus, leo sapien ornare ante, nec tincidunt sem metus at neque. Aenean non turpis ac tortor varius pulvinar a et metus. Donec ac tincidunt metus. Fusce ut mauris eu tortor varius tempor non id augue. Suspendisse hendrerit erat at felis dictum, eget blandit diam consequat. Nulla id justo interdum, sodales velit ut, sodales nisi. Nulla fermentum ligula et dui interdum aliquet. Cras porttitor hendrerit leo, et convallis erat. Fusce at malesuada metus. Donec ullamcorper maximus imperdiet. Donec euismod, nisl vitae euismod convallis, ipsum arcu faucibus libero, id suscipit quam lacus ut augue. Mauris nec commodo leo. Nunc feugiat felis ut elementum aliquet. Nam in massa eget velit venenatis mollis. Nulla facilisi.</p>\r\n\r\n<p>Orci varius natoque penatibus et magnis dis parturient montes, nascetur ridiculus mus. Nulla quis dignissim nulla, id aliquet metus. Aenean et eros ut neque posuere commodo. Morbi ligula dolor, interdum in ligula ac, feugiat mollis erat. Maecenas nisi justo, semper sed arcu non, auctor lobortis ipsum. Cras semper interdum quam imperdiet lobortis. Nunc imperdiet quam vitae iaculis rutrum.</p>',0,1,1,8,NULL,NULL,NULL,'2019-10-07 18:19:32','2019-10-07 18:26:25');
/*!40000 ALTER TABLE `pages` ENABLE KEYS */;
UNLOCK TABLES;
DROP TABLE IF EXISTS `part_cars`;
/*!40101 SET @saved_cs_client     = @@character_set_client */;
/*!40101 SET character_set_client = utf8 */;
CREATE TABLE `part_cars` (
  `id` bigint(20) unsigned NOT NULL AUTO_INCREMENT,
  `part_id` bigint(20) unsigned NOT NULL,
  `mark_id` int(10) unsigned NOT NULL,
  `model_id` int(10) unsigned DEFAULT NULL,
  `generation_id` bigint(20) unsigned DEFAULT NULL,
  PRIMARY KEY (`id`),
  KEY `part_cars_part_id_foreign` (`part_id`),
  KEY `part_cars_mark_id_foreign` (`mark_id`),
  KEY `part_cars_model_id_foreign` (`model_id`),
  KEY `part_cars_generation_id_foreign` (`generation_id`),
  CONSTRAINT `part_cars_generation_id_foreign` FOREIGN KEY (`generation_id`) REFERENCES `generations` (`id`) ON DELETE CASCADE,
  CONSTRAINT `part_cars_mark_id_foreign` FOREIGN KEY (`mark_id`) REFERENCES `marks` (`id`) ON DELETE CASCADE,
  CONSTRAINT `part_cars_model_id_foreign` FOREIGN KEY (`model_id`) REFERENCES `models` (`id`) ON DELETE CASCADE,
  CONSTRAINT `part_cars_part_id_foreign` FOREIGN KEY (`part_id`) REFERENCES `parts` (`id`) ON DELETE CASCADE
) ENGINE=InnoDB AUTO_INCREMENT=324 DEFAULT CHARSET=utf8mb4 COLLATE=utf8mb4_unicode_ci;
/*!40101 SET character_set_client = @saved_cs_client */;

LOCK TABLES `part_cars` WRITE;
/*!40000 ALTER TABLE `part_cars` DISABLE KEYS */;
INSERT INTO `part_cars` VALUES (7,5,1,459,2954),(8,5,1,449,3061),(9,5,13,404,4998),(10,5,13,404,4999),(11,5,1,449,3059),(12,5,1,449,3060),(13,12,1,450,3128),(14,13,1,450,3129),(15,4,1,449,3059),(16,14,1,449,3059),(17,15,9,31,355),(18,16,13,405,5012),(19,17,13,408,5103),(20,18,4,64,778),(21,19,6,124,1197),(22,20,6,117,1370),(23,21,6,136,1458),(24,22,6,136,1459),(25,23,6,488,1575),(26,24,6,130,1576),(27,24,6,487,1559),(28,24,6,120,1612),(29,25,6,120,1613),(30,26,7,491,1696),(31,27,7,491,1697),(32,27,7,182,2298),(33,28,7,182,2297),(34,29,7,166,2382),(35,30,2,238,2498),(36,30,2,234,2516),(37,30,2,243,2635),(38,31,2,239,2413),(39,32,1,450,3128),(40,32,1,453,2961),(41,32,1,949,3732),(42,33,1,442,3258),(43,33,1,948,3720),(44,34,1,442,3259),(45,35,1,444,3609),(46,35,13,412,5090),(47,35,1,462,3807),(48,35,1,463,3863),(49,36,1,444,3610),(50,36,13,413,5042),(51,37,1,444,3611),(52,37,13,413,5041),(53,38,1,441,3776),(54,39,1,953,3817),(55,40,7,148,1908),(56,40,7,177,1820),(57,40,7,148,1909),(58,40,7,177,1819),(59,40,18,417,5169),(60,40,7,187,1864),(61,40,7,171,2060),(62,40,7,186,2210),(63,41,7,163,1657),(64,41,7,154,2124),(65,41,7,163,1659),(66,41,7,175,2321),(67,42,7,160,2080),(68,42,7,187,1864),(69,42,7,157,2320),(70,42,7,493,1950),(71,42,7,171,2060),(72,42,7,186,2210),(73,43,1,453,2961),(74,43,1,453,2962),(75,43,1,442,3258),(76,43,1,442,3259),(77,43,1,441,3777),(78,43,1,948,3720),(79,44,18,422,5151),(80,44,18,424,5137),(81,45,1,459,2954),(82,45,1,459,2955),(83,45,1,449,3061),(84,45,1,449,3062),(85,45,1,950,3738),(86,45,1,456,3554),(87,45,1,456,3555),(88,45,13,408,5104),(89,45,13,408,5105),(90,45,1,953,3817),(91,45,1,953,3818),(92,45,1,441,3778),(93,45,1,958,3873),(94,45,13,404,4999),(95,45,13,404,5000),(96,45,13,406,5044),(97,45,13,406,5045),(98,45,13,405,5013),(99,45,13,405,5014),(100,46,1,444,3609),(101,46,13,412,5090),(102,46,1,462,3807),(103,46,1,463,3863),(104,47,1,444,3609),(105,47,13,412,5090),(106,47,1,444,3611),(107,47,13,413,5041),(108,47,1,462,3807),(109,47,1,463,3863),(110,47,13,407,5069),(111,47,13,405,5014),(112,48,6,486,1457),(113,48,6,482,1120),(114,48,6,123,1486),(115,48,6,123,1487),(116,48,6,123,1485),(117,48,6,142,1172),(118,48,6,488,1575),(119,49,6,486,1457),(120,49,6,482,1120),(121,49,6,123,1539),(122,49,6,123,1487),(123,49,6,123,1485),(124,50,6,123,1485),(125,51,4,68,604),(126,51,4,71,982),(127,51,4,60,1003),(128,52,7,148,1908),(129,52,7,177,1820),(130,52,7,148,1909),(131,52,7,177,1819),(132,52,18,417,5169),(133,52,7,187,1864),(134,52,7,171,2060),(135,52,7,186,2210),(136,53,7,148,1908),(137,53,7,177,1820),(138,53,7,148,1909),(139,53,7,177,1819),(140,53,18,417,5169),(141,53,7,187,1864),(142,53,7,171,2060),(143,53,7,186,2210),(144,54,7,182,2297),(145,54,7,491,1697),(146,54,7,182,2298),(147,54,7,491,1696),(148,54,7,148,1910),(149,54,7,170,1951),(150,54,18,422,5150),(151,54,18,439,5167),(152,54,7,187,1864),(153,54,7,171,2060),(154,54,7,186,2210),(155,54,7,491,1698),(156,54,7,148,1911),(157,54,7,170,1952),(158,54,7,170,1953),(159,54,7,182,2299),(160,54,7,187,1863),(161,55,7,163,1657),(162,55,7,154,2124),(163,55,7,163,1659),(164,55,7,175,2321),(165,56,7,160,2080),(166,56,7,187,1864),(167,56,7,157,2320),(168,56,7,493,1950),(169,56,7,171,2060),(170,56,7,186,2210),(171,57,7,937,2211),(172,57,7,172,1964),(173,57,7,933,1984),(174,57,7,192,2381),(175,57,7,932,1897),(176,58,3,255,2893),(177,58,3,255,2868),(178,58,3,266,2842),(179,59,3,255,2893),(180,59,3,255,2868),(181,59,3,266,2842),(182,60,1,453,2963),(183,61,1,456,3554),(184,61,1,456,3555),(185,61,13,408,5105),(186,61,1,953,3818),(187,61,1,958,3873),(188,61,1,459,2956),(189,61,1,449,3061),(190,61,1,449,3062),(191,61,1,449,3063),(192,61,1,441,3778),(193,61,1,441,3779),(194,61,13,404,5000),(195,61,13,415,5091),(196,61,1,455,3480),(197,61,1,947,3490),(198,61,1,452,3570),(199,61,1,444,3610),(200,61,13,413,5042),(201,61,1,955,3851),(202,61,1,955,3850),(203,61,1,448,2909),(204,61,1,452,3572),(205,61,1,444,3611),(206,61,13,413,5041),(207,62,1,453,2961),(208,62,1,453,2962),(209,62,1,442,3258),(210,62,1,442,3259),(211,62,1,441,3777),(212,62,1,948,3720),(213,63,1,456,3554),(214,63,1,456,3555),(215,63,13,408,5105),(216,63,1,953,3818),(217,63,1,958,3873),(218,63,1,459,2956),(219,63,1,449,3061),(220,63,1,449,3062),(221,63,1,449,3063),(222,63,1,441,3778),(223,63,1,441,3779),(224,63,13,404,5000),(225,63,13,415,5091),(226,63,1,455,3480),(227,63,1,947,3490),(228,63,1,452,3570),(229,63,1,444,3610),(230,63,13,413,5042),(231,63,1,955,3851),(232,63,1,955,3850),(233,63,1,448,2909),(234,63,1,452,3572),(235,63,1,444,3611),(236,63,13,413,5041),(237,64,1,448,2907),(238,64,1,452,3602),(239,64,1,947,3489),(240,64,1,452,3571),(241,64,1,444,3608),(242,64,1,444,3607),(243,64,1,955,3851),(244,64,1,444,3610),(245,64,13,413,5042),(246,65,1,453,2962),(247,65,1,441,3778),(248,65,1,441,3779),(249,66,4,68,604),(250,66,4,71,982),(251,66,4,60,1003),(252,67,7,148,1908),(253,67,7,177,1820),(254,67,7,148,1909),(255,67,7,177,1819),(256,67,18,417,5169),(257,67,7,187,1864),(258,67,7,171,2060),(259,67,7,186,2210),(260,68,7,182,2297),(261,68,7,491,1697),(262,68,7,182,2298),(263,68,7,491,1696),(264,68,7,148,1910),(265,68,7,170,1951),(266,68,18,422,5150),(267,68,18,439,5167),(268,68,7,187,1864),(269,68,7,171,2060),(270,68,7,186,2210),(271,68,7,491,1698),(272,68,7,148,1911),(273,68,7,170,1952),(274,68,7,170,1953),(275,68,7,182,2299),(276,68,7,187,1863),(277,68,7,171,2061),(278,68,7,160,2081),(279,69,7,937,2211),(280,69,7,172,1964),(281,69,7,933,1984),(282,69,7,192,2381),(283,69,7,932,1897),(284,70,3,255,2868),(285,70,3,270,2905),(286,70,3,255,2892),(287,70,3,255,2893),(288,71,1,444,3609),(289,71,13,412,5090),(290,72,1,455,3480),(291,72,1,947,3490),(292,72,1,452,3570),(293,72,1,444,3610),(294,72,13,413,5042),(295,72,1,955,3851),(296,72,1,955,3850),(297,72,1,448,2909),(298,72,1,452,3572),(299,72,1,444,3611),(300,72,13,413,5041),(301,72,1,448,2907),(302,72,1,452,3602),(303,72,1,947,3489),(304,72,1,452,3571),(305,72,1,444,3608),(306,72,1,444,3607),(307,73,1,455,3480),(308,73,1,947,3490),(309,73,1,452,3570),(310,73,1,444,3610),(311,73,13,413,5042),(312,73,1,955,3851),(313,73,1,955,3850),(314,73,1,448,2909),(315,73,1,452,3572),(316,73,1,444,3611),(317,73,13,413,5041),(318,73,1,448,2907),(319,73,1,452,3602),(320,73,1,947,3489),(321,73,1,452,3571),(322,73,1,444,3608),(323,73,1,444,3607);
/*!40000 ALTER TABLE `part_cars` ENABLE KEYS */;
UNLOCK TABLES;
DROP TABLE IF EXISTS `part_catalogs`;
/*!40101 SET @saved_cs_client     = @@character_set_client */;
/*!40101 SET character_set_client = utf8 */;
CREATE TABLE `part_catalogs` (
  `id` bigint(20) unsigned NOT NULL AUTO_INCREMENT,
  `name` varchar(255) CHARACTER SET utf8 NOT NULL,
  `group_id` int(10) unsigned DEFAULT NULL,
  `url` varchar(255) COLLATE utf8mb4_unicode_ci NOT NULL,
  `image` varchar(64) COLLATE utf8mb4_unicode_ci DEFAULT NULL,
  `image_alt` varchar(255) COLLATE utf8mb4_unicode_ci DEFAULT NULL,
  `in_home` varchar(255) COLLATE utf8mb4_unicode_ci DEFAULT NULL,
  `image_title` varchar(255) COLLATE utf8mb4_unicode_ci DEFAULT NULL,
  `created_at` timestamp NULL DEFAULT NULL,
  `updated_at` timestamp NULL DEFAULT NULL,
  PRIMARY KEY (`id`),
  UNIQUE KEY `part_catalogs_name_unique` (`name`)
) ENGINE=InnoDB AUTO_INCREMENT=40 DEFAULT CHARSET=utf8mb4 COLLATE=utf8mb4_unicode_ci;
/*!40101 SET character_set_client = @saved_cs_client */;

LOCK TABLES `part_catalogs` WRITE;
/*!40000 ALTER TABLE `part_catalogs` DISABLE KEYS */;
INSERT INTO `part_catalogs` VALUES (4,'Шины',3,'shiny','9VBa7s6yHD7sUwpLrR.png',NULL,'1',NULL,'2019-10-07 18:41:16','2019-10-08 18:01:30'),(5,'Диски',2,'diski','eTEqO7stV9xI0qthHE.png',NULL,'1',NULL,'2019-10-07 18:41:50','2019-10-08 18:01:04'),(6,'Щетки стеклоочистеля',2,'shchetki-stekloochistelya','0EohB4wCR5TSsih1Eh.png',NULL,'1',NULL,'2019-10-07 18:42:01','2019-10-08 18:01:37'),(7,'Масла',3,'masla','j61YUR3R5ear6bsSZ4.png',NULL,'1',NULL,'2019-10-07 18:42:13','2019-10-08 18:01:21'),(8,'Аксессуары',1,'aksessuary','jpGKULOG3YogIUpg2w.png',NULL,'1',NULL,'2019-10-07 18:52:07','2019-10-08 18:00:56'),(9,'Электро - оборудование',3,'elektro-oborudovanie','GaxRfJt2hZvEn04JXT.png',NULL,'1',NULL,'2019-10-07 18:52:22','2019-10-08 18:01:45'),(10,'Автохимия',1,'avtokhimiya','FH7cX9ngr78FrmymwO.png',NULL,'1',NULL,'2019-10-07 18:52:44','2019-10-08 18:00:48'),(11,'Инструменты',2,'instrumenty','GlMShV93KyOLSNwtlE.png',NULL,'1',NULL,'2019-10-07 18:53:01','2019-10-08 18:01:12'),(12,'Бампер передний',2,'bamper-peredniy',NULL,NULL,NULL,NULL,'2019-10-25 16:47:08','2019-10-25 16:47:08'),(13,'Бампер задний',1,'bamper-zadniy',NULL,NULL,NULL,NULL,'2019-10-25 16:47:08','2019-10-25 16:47:08'),(14,'Дверь',1,'dver',NULL,NULL,NULL,NULL,'2019-10-25 16:47:08','2019-10-25 16:47:08'),(15,'Капот',1,'kapot',NULL,NULL,NULL,NULL,'2019-10-25 16:47:08','2019-10-25 16:47:08'),(16,'Кронштейн для крепления бампера',1,'kronshteyn-dlya-krepleniya-bampera',NULL,NULL,NULL,NULL,'2019-10-25 16:47:08','2019-10-25 16:47:08'),(17,'Крыло',1,'krylo',NULL,NULL,NULL,NULL,'2019-10-25 16:47:08','2019-10-25 16:47:08'),(18,'Крышка багажника',2,'kryshka-bagazhnika',NULL,NULL,NULL,NULL,'2019-10-25 16:47:08','2019-10-25 16:47:08'),(19,'Молдинг кузова',2,'molding-kuzova',NULL,NULL,NULL,NULL,'2019-10-25 16:47:08','2019-10-25 16:47:08'),(20,'Накладка',1,'nakladka',NULL,NULL,NULL,NULL,'2019-10-25 16:47:08','2019-10-25 16:47:08'),(21,'Решетка радиатора',3,'reshetka-radiatora',NULL,NULL,NULL,NULL,'2019-10-25 16:47:08','2019-10-25 16:47:08'),(22,'Усилитель бампера',1,'usilitel-bampera',NULL,NULL,NULL,NULL,'2019-10-25 16:47:08','2019-10-25 16:47:08'),(23,'Опора амортизатора',1,'opora-amortizatora',NULL,NULL,NULL,NULL,'2019-10-25 16:47:08','2019-10-25 16:47:08'),(24,'Рычаг',3,'rychag',NULL,NULL,NULL,NULL,'2019-10-25 16:47:08','2019-10-25 16:47:08'),(25,'Крестовина рулевой колонки',3,'krestovina-rulevoy-kolonki',NULL,NULL,NULL,NULL,'2019-10-25 16:47:08','2019-10-25 16:47:08'),(26,'Рулевая рейка',3,'rulevaya-reyka',NULL,NULL,NULL,NULL,'2019-10-25 16:47:08','2019-10-25 16:47:08'),(27,'Втулки стабилизатора',2,'vtulki-stabilizatora',NULL,NULL,NULL,NULL,'2019-10-25 16:47:08','2019-10-25 16:47:08'),(28,'Наконечник рулевой тяги',3,'nakonechnik-rulevoy-tyagi',NULL,NULL,NULL,NULL,'2019-10-25 16:47:08','2019-10-25 16:47:08'),(29,'Стойка стабилизатора',2,'stoyka-stabilizatora',NULL,NULL,NULL,NULL,'2019-10-25 16:47:08','2019-10-25 16:47:08'),(30,'Тормозные диски',2,'tormoznye-diski',NULL,NULL,NULL,NULL,'2019-10-25 16:47:08','2019-10-25 16:47:08'),(31,'Рулевая тяга',1,'rulevaya-tyaga',NULL,NULL,NULL,NULL,'2019-10-25 16:47:08','2019-10-25 16:47:08'),(32,'Шаровая опора',2,'sharovaya-opora',NULL,NULL,NULL,NULL,'2019-10-25 16:47:08','2019-10-25 16:47:08'),(33,'Натяжитель цепи ГРМ',1,'natyazhitel-tsepi-grm',NULL,NULL,NULL,NULL,'2019-10-25 16:47:08','2019-10-25 16:47:08'),(34,'Цепь ГРМ',3,'tsep-grm',NULL,NULL,NULL,NULL,'2019-10-25 16:47:08','2019-10-25 16:47:08'),(35,'Цепь привода распредвала',3,'tsep-privoda-raspredvala',NULL,NULL,NULL,NULL,'2019-10-25 16:47:08','2019-10-25 16:47:08'),(36,'Бачок для жидкости омывателя',3,'bachok-dlya-zhidkosti-omyvatelya',NULL,NULL,NULL,NULL,'2019-10-25 16:47:08','2019-10-25 16:47:08'),(37,'Вентилятор охлаждения радиатора',1,'ventilyator-okhlazhdeniya-radiatora',NULL,NULL,NULL,NULL,'2019-10-25 16:47:08','2019-10-25 16:47:08'),(38,'Фары оптика',2,'fary-optika',NULL,NULL,NULL,NULL,'2019-10-25 16:47:08','2019-10-25 16:47:08'),(39,'Решетка бампера',3,'reshetka-bampera',NULL,NULL,NULL,NULL,'2019-10-25 16:47:08','2019-10-25 16:47:08');
/*!40000 ALTER TABLE `part_catalogs` ENABLE KEYS */;
UNLOCK TABLES;
DROP TABLE IF EXISTS `partner_groups`;
/*!40101 SET @saved_cs_client     = @@character_set_client */;
/*!40101 SET character_set_client = utf8 */;
CREATE TABLE `partner_groups` (
  `id` int(10) unsigned NOT NULL AUTO_INCREMENT,
  `title` varchar(255) COLLATE utf8mb4_unicode_ci DEFAULT NULL,
  `sale` tinyint(4) NOT NULL,
  `terms` text COLLATE utf8mb4_unicode_ci,
  `created_at` timestamp NULL DEFAULT NULL,
  `updated_at` timestamp NULL DEFAULT NULL,
  PRIMARY KEY (`id`),
  UNIQUE KEY `partner_groups_sale_unique` (`sale`)
) ENGINE=InnoDB AUTO_INCREMENT=4 DEFAULT CHARSET=utf8mb4 COLLATE=utf8mb4_unicode_ci;
/*!40101 SET character_set_client = @saved_cs_client */;

LOCK TABLES `partner_groups` WRITE;
/*!40000 ALTER TABLE `partner_groups` DISABLE KEYS */;
INSERT INTO `partner_groups` VALUES (1,'Новый',0,NULL,'2019-10-22 13:32:52','2019-10-22 13:32:52'),(2,'Стабильный',1,'<p><strong>Lorem Ipsum</strong>&nbsp;is simply dummy text of the printing and typesetting industry. Lorem Ipsum has been the industry&#39;s standard dummy text ever since the 1500s, when an unknown printer took a galley of type and scrambled it to make a type specimen book. It has survived not only five centuries, but also the leap into electronic typesetting, remaining essentially unchanged. It was popularised in the 1960s with the release of Letraset sheets containing Lorem Ipsum passages, and more recently with desktop publishing software like Aldus PageMaker including versions of Lorem Ipsum</p>','2019-10-22 13:46:49','2019-10-22 13:46:49'),(3,'Холодный',5,'<p>It is a long established fact that a reader will be distracted by the readable content of a page when looking at its layout. The point of using Lorem Ipsum is that it has a more-or-less normal distribution of letters, as opposed to using &#39;Content here, content here&#39;, making it look like readable English. Many desktop publishing packages and web page editors now use Lorem Ipsum as their default model text, and a search for &#39;lorem ipsum&#39; will uncover many web sites still in their infancy. Various versions have evolved over the years, sometimes by accident, sometimes on purpose (injected humour and the like).</p>','2019-10-22 13:48:20','2019-10-22 13:48:20');
/*!40000 ALTER TABLE `partner_groups` ENABLE KEYS */;
UNLOCK TABLES;
DROP TABLE IF EXISTS `parts`;
/*!40101 SET @saved_cs_client     = @@character_set_client */;
/*!40101 SET character_set_client = utf8 */;
CREATE TABLE `parts` (
  `id` bigint(20) unsigned NOT NULL AUTO_INCREMENT,
  `code` varchar(255) CHARACTER SET utf8 NOT NULL,
  `name` varchar(255) COLLATE utf8mb4_unicode_ci DEFAULT NULL,
  `price` int(10) unsigned NOT NULL,
  `available` int(10) unsigned DEFAULT NULL,
  `min_count` int(10) unsigned NOT NULL DEFAULT '1',
  `multiplication` int(10) unsigned NOT NULL DEFAULT '1',
  `image` varchar(64) COLLATE utf8mb4_unicode_ci DEFAULT NULL,
  `show_image` tinyint(1) NOT NULL DEFAULT '1',
  `oem` varchar(255) COLLATE utf8mb4_unicode_ci DEFAULT NULL,
  `description` text COLLATE utf8mb4_unicode_ci,
  `url` varchar(255) COLLATE utf8mb4_unicode_ci DEFAULT NULL,
  `part_catalog_id` bigint(20) unsigned NOT NULL,
  `brand_id` bigint(20) unsigned NOT NULL,
  `active` tinyint(1) NOT NULL DEFAULT '1',
  PRIMARY KEY (`id`),
  UNIQUE KEY `parts_code_unique` (`code`)
) ENGINE=InnoDB AUTO_INCREMENT=74 DEFAULT CHARSET=utf8mb4 COLLATE=utf8mb4_unicode_ci;
/*!40101 SET character_set_client = @saved_cs_client */;

LOCK TABLES `parts` WRITE;
/*!40000 ALTER TABLE `parts` DISABLE KEYS */;
INSERT INTO `parts` VALUES (4,'155','Крестовино TO SXV20 92-01 KRESXV92',1,NULL,1,1,'zv2fO311QF7mF3j0C7.png',0,'2',NULL,'test',25,3,1),(5,'152','Крестовино TO ACV40 07-11 KREACV40',1,NULL,1,1,'BbIcD2DxcT7F4MMkxe.png',1,'111',NULL,'test-2',25,3,1),(6,'5100','Test',8500,NULL,1,1,'0oZYpAOG3dArg8pvZ7.png',1,'1500250',NULL,'test-3',5,1,1),(7,'5','Test',6500,NULL,1,1,'OU1ehxchs1PFo8AjrB.png',1,'1113',NULL,'test-4',11,4,1),(8,'2','Test',1000,NULL,1,1,'AyS0YgwVMZPHHl1Z3Q.png',1,'111es',NULL,'test-5',7,1,1),(9,'3','Test',9500,NULL,1,1,'qdYU185I9Qymtl3CIZ.png',1,'11122',NULL,'test-6',4,1,1),(10,'94122','Test',1300,NULL,1,1,'HB2KSUKdLtFlJkwSFZ.png',1,'32115124',NULL,'test-7',6,1,1),(11,'1250','Test',7800,NULL,1,1,'JrAoE1pLhJycJKY9BO.png',1,'11',NULL,'test-8',9,1,1),(12,'153','Крестовино TO ST190 92-96 KREST190',1,NULL,1,1,NULL,1,NULL,NULL,'krestovino-to-st190-92-96-krest190-412',25,3,1),(13,'154','Крестовино TO ST215 97-01 KREST215',1,NULL,1,1,NULL,1,NULL,NULL,'krestovino-to-st215-97-01-krest215-1793',25,3,1),(14,'156','Крестовино TO SXV20 97-01 KRESXV97',1,NULL,1,1,NULL,1,NULL,NULL,'krestovino-to-sxv20-97-01-kresxv97-5675',25,3,1),(15,'158','Рулевая рейка оригинал HO CR-V 97-01 HOCV97  53601-S10-A01',1,NULL,1,1,NULL,1,NULL,NULL,'rulevaya-reyka-original-ho-cr-v-97-01-hocv97-53601-s10-a01-6024',26,3,1),(16,'159','Рулевая рейка оригинал LX GS300 98-05 44250-30080',1,NULL,1,1,NULL,1,NULL,NULL,'rulevaya-reyka-original-lx-gs300-98-05-44250-30080-4599',26,3,1),(17,'160','Рулевая рейка оригинал LX RX300 97-03 44204-48020',1,NULL,1,1,NULL,1,NULL,NULL,'rulevaya-reyka-original-lx-rx300-97-03-44204-48020-4844',26,3,1),(18,'161','Рулевая рейка оригинал MA 6 02- GJ6R-32-110',1,NULL,1,1,NULL,1,NULL,NULL,'rulevaya-reyka-original-ma-6-02-gj6r-32-110-2723',26,3,1),(19,'163','Рулевая рейка оригинал MI GALANT 97-04 MIGL97',1,NULL,1,1,NULL,1,NULL,NULL,'rulevaya-reyka-original-mi-galant-97-04-migl97-8353',26,3,1),(20,'164','Рулевая рейка оригинал MI LANCER 08- MILC08',1,NULL,1,1,NULL,1,NULL,NULL,'rulevaya-reyka-original-mi-lancer-08-milc08-6333',26,3,1),(21,'165','Рулевая рейка оригинал MI OUTLANDER 03- MIOL03  MR961356',1,NULL,1,1,NULL,1,NULL,NULL,'rulevaya-reyka-original-mi-outlander-03-miol03-mr961356-1115',26,3,1),(22,'166','Рулевая рейка оригинал MI OUTLANDER 07- MIOL07  4410A011',1,NULL,1,1,NULL,1,NULL,NULL,'rulevaya-reyka-original-mi-outlander-07-miol07-4410a011-4166',26,3,1),(23,'167','Рулевая рейка оригинал MI SPACE GEAR  94-98 MB351994',1,NULL,1,1,NULL,1,NULL,NULL,'rulevaya-reyka-original-mi-space-gear-94-98-mb351994-7020',26,3,1),(24,'168','Рулевая рейка оригинал MI SPACE WAGON 92-97 MB553759 MB892214',1,NULL,1,1,NULL,1,NULL,NULL,'rulevaya-reyka-original-mi-space-wagon-92-97-mb553759-mb892214-501',26,3,1),(25,'169','Рулевая рейка оригинал MI SPACE WAGON GRANDIS MN103359',1,NULL,1,1,NULL,1,NULL,NULL,'rulevaya-reyka-original-mi-space-wagon-grandis-mn103359-7331',26,3,1),(26,'170','Рулевая рейка оригинал NI ALTIMA 02- NIAT02  48001-JD900',1,NULL,1,1,NULL,1,NULL,NULL,'rulevaya-reyka-original-ni-altima-02-niat02-48001-jd900-8947',26,3,1),(27,'171','Рулевая рейка оригинал NI ALTIMA 07- 49200-9W100 49200-ZB000',1,NULL,1,1,NULL,1,NULL,NULL,'rulevaya-reyka-original-ni-altima-07-49200-9w100-49200-zb000-7192',26,3,1),(28,'172','Рулевая рейка оригинал NI TEANA 04-08 49000-8J0000',1,NULL,1,1,NULL,1,NULL,NULL,'rulevaya-reyka-original-ni-teana-04-08-49000-8j0000-6216',26,3,1),(29,'173','Рулевая рейка оригинал NI XTRAIL  00-07 49001-8H910',1,NULL,1,1,NULL,1,NULL,NULL,'rulevaya-reyka-original-ni-xtrail-00-07-49001-8h910-4125',26,3,1),(30,'174','Рулевая рейка оригинал SUBARU 03- 34110AG030',1,NULL,1,1,NULL,1,NULL,NULL,'rulevaya-reyka-original-subaru-03-34110ag030-3099',26,3,1),(31,'175','Рулевая рейка оригинал SUBARU FORESTER 09- 34110SA070',1,NULL,1,1,NULL,1,NULL,NULL,'rulevaya-reyka-original-subaru-forester-09-34110sa070-2350',26,3,1),(32,'176','Рулевая рейка оригинал TO CARINA E 92-96 TOCE92  44250-15481',1,NULL,1,1,NULL,1,NULL,NULL,'rulevaya-reyka-original-to-carina-e-92-96-toce92-44250-15481-5100',26,3,1),(33,'177','Рулевая рейка оригинал TO COROLLA ALTIS 01-02 TOCA01',1,NULL,1,1,NULL,1,NULL,NULL,'rulevaya-reyka-original-to-corolla-altis-01-02-toca01-1019',26,3,1),(34,'178','Рулевая рейка оригинал TO COROLLA ALTIS 03-06 17мм 45510-01185',1,NULL,1,1,NULL,1,NULL,NULL,'rulevaya-reyka-original-to-corolla-altis-03-06-17mm-45510-01185-2217',26,3,1),(35,'180','Рулевая рейка оригинал TO LAND CRUISER 200 07- TOLC07  44200-60170',1,NULL,1,1,NULL,1,NULL,NULL,'rulevaya-reyka-original-to-land-cruiser-200-07-tolc07-44200-60170-7967',26,3,1),(36,'181','Рулевая рейка оригинал TO LAND CRUISER PRADO 120 03-08 TOLP03  44200-35060',1,NULL,1,1,NULL,1,NULL,NULL,'rulevaya-reyka-original-to-land-cruiser-prado-120-03-08-tolp03-44200-35060-7918',26,3,1),(37,'182','Рулевая рейка оригинал TO LAND CRUISER PRADO 150 TOLP09  44200-60230',1,NULL,1,1,NULL,1,NULL,NULL,'rulevaya-reyka-original-to-land-cruiser-prado-150-tolp09-44200-60230-8609',26,3,1),(38,'183','Рулевая рейка оригинал TO RAV-4 96-02 TOR496  44250-42110',1,NULL,1,1,NULL,1,NULL,NULL,'rulevaya-reyka-original-to-rav-4-96-02-tor496-44250-42110-8409',26,3,1),(39,'184','Рулевая рейка оригинал TO SIENNA 98-03 TOSN98  45250-08010',1,NULL,1,1,NULL,1,NULL,NULL,'rulevaya-reyka-original-to-sienna-98-03-tosn98-45250-08010-9730',26,3,1),(40,'744','Натяжитель цепи ГРМ NI A32 A33 VQ20 VQ25 VQ30 PATHFINDER VQ35 01-',1,NULL,1,1,NULL,1,NULL,NULL,'natyazhitel-tsepi-grm-ni-a32-a33-vq20-vq25-vq30-pathfinder-vq35-01-8883',33,5,1),(41,'745','Натяжитель цепи ГРМ NI P11 P12 QG18 1.8 95-07',3,40,20,5,NULL,1,NULL,NULL,'natyazhitel-tsepi-grm-ni-p11-p12-qg18-18-95-07-7223',33,5,1),(42,'747','Натяжитель цепи ГРМ NI PATROL Y61 ZD30 3.0 97-',1,NULL,1,1,NULL,1,NULL,NULL,'natyazhitel-tsepi-grm-ni-patrol-y61-zd30-30-97-6049',33,5,1),(43,'748','Натяжитель цепи ГРМ TO COROLLA 1ZZ 3ZZ 01-',1,NULL,1,1,NULL,1,NULL,NULL,'natyazhitel-tsepi-grm-to-corolla-1zz-3zz-01-8958',33,5,1),(44,'749','Цепь ГРМ INF G35/37 V36 VQ35 06-14 QX50 J50 07- \"200\"',1,NULL,1,1,NULL,1,NULL,NULL,'tsep-grm-inf-g3537-v36-vq35-06-14-qx50-j50-07-200-7710',34,5,1),(45,'750','Цепь ГРМ LX 2GR 3GR 4GR 3.5 3.0 2.5 06- \"170\"',1,NULL,1,1,NULL,1,NULL,NULL,'tsep-grm-lx-2gr-3gr-4gr-35-30-25-06-170-339',34,5,1),(46,'751','Цепь ГРМ LX 570 3UR 5.7 07- \"112\"',1,NULL,1,1,NULL,1,NULL,NULL,'tsep-grm-lx-570-3ur-57-07-112-7308',34,5,1),(47,'752','Цепь ГРМ LX GX460 4.6 12- \"106\"',1,NULL,1,1,NULL,1,NULL,NULL,'tsep-grm-lx-gx460-46-12-106-2992',34,5,1),(48,'753','Цепь ГРМ MI L400 PD8W 4M40 2.8 94-06 PAJERO V46W 4M40 93-00 \"98\"',1,NULL,1,1,NULL,1,NULL,NULL,'tsep-grm-mi-l400-pd8w-4m40-28-94-06-pajero-v46w-4m40-93-00-98-6428',34,5,1),(49,'754','Цепь ГРМ MI PAJERO V60W 4M41 3.2 99-06 \"110\"',1,NULL,1,1,NULL,1,NULL,NULL,'tsep-grm-mi-pajero-v60w-4m41-32-99-06-110-1181',34,5,1),(50,'755','Цепь ГРМ MI PAJERO V88W 4M42 3.2 06- \"109\"',1,NULL,1,1,NULL,1,NULL,NULL,'tsep-grm-mi-pajero-v88w-4m42-32-06-109-5887',34,5,1),(51,'756','Цепь ГРМ MZ CX-7 L3-T 2.3 09- \"138\"',1,NULL,1,1,NULL,1,NULL,NULL,'tsep-grm-mz-cx-7-l3-t-23-09-138-101',34,5,1),(52,'757','Цепь ГРМ NI A32 A33 VQ20 VQ25 VQ30 PATHFINDER VQ35 01- \"138\"',1,NULL,1,1,NULL,1,NULL,NULL,'tsep-grm-ni-a32-a33-vq20-vq25-vq30-pathfinder-vq35-01-138-6837',34,5,1),(53,'758','Цепь ГРМ NI A33 VQ25DD 01-02 \"138\"',1,NULL,1,1,NULL,1,NULL,NULL,'tsep-grm-ni-a33-vq25dd-01-02-138-313',34,5,1),(54,'760','Цепь ГРМ NI MURANO Z50 03-08 FX 35 VQ35 03-08 TEANA J31 J32 03-13¶PATHFINDER R52 14- \"196\"',1,NULL,1,1,NULL,1,NULL,NULL,'tsep-grm-ni-murano-z50-03-08-fx-35-vq35-03-08-teana-j31-j32-03-13pathfinder-r52-14-196-8066',34,5,1),(55,'761','Цепь ГРМ NI P11 P12 QG18 1.8 95-07 \"154\"',1,NULL,1,1,NULL,1,NULL,NULL,'tsep-grm-ni-p11-p12-qg18-18-95-07-154-727',34,5,1),(56,'763','Цепь ГРМ NI PATROL Y61 ZD30 3.0 97- \"82\"',1,NULL,1,1,NULL,1,NULL,NULL,'tsep-grm-ni-patrol-y61-zd30-30-97-82-497',34,5,1),(57,'764','Цепь ГРМ NI RNESSA N30 KA24 97-01 PRESAGE U30 KA24 98-03 \"92\"',1,NULL,1,1,NULL,1,NULL,NULL,'tsep-grm-ni-rnessa-n30-ka24-97-01-presage-u30-ka24-98-03-92-651',34,5,1),(58,'766','Цепь ГРМ SUZ GRAND VITARA H27A 2.7 00- \"152\"',1,NULL,1,1,NULL,1,NULL,NULL,'tsep-grm-suz-grand-vitara-h27a-27-00-152-3850',34,5,1),(59,'767','Цепь ГРМ SUZ GRAND VITARA J20A 2.0 98- \"98\"',1,NULL,1,1,NULL,1,NULL,NULL,'tsep-grm-suz-grand-vitara-j20a-20-98-98-4908',34,5,1),(60,'768','Цепь ГРМ TO AVENSIS ZRT270 1ZR-FAE 1.8 09- \"134\"',1,NULL,1,1,NULL,1,NULL,NULL,'tsep-grm-to-avensis-zrt270-1zr-fae-18-09-134-1883',34,5,1),(61,'769','Цепь ГРМ TO CAMRY 1AR 2.5 12- 2AR 2.7 08- \"124\"',1,NULL,1,1,NULL,1,NULL,NULL,'tsep-grm-to-camry-1ar-25-12-2ar-27-08-124-2451',34,5,1),(62,'771','Цепь ГРМ TO COROLLA 1ZZ 3ZZ 01- \"130\"',1,NULL,1,1,NULL,1,NULL,NULL,'tsep-grm-to-corolla-1zz-3zz-01-130-7677',34,5,1),(63,'775','Цепь ГРМ TO PRADO 120 2TR 2.7 03- \"124\"',1,NULL,1,1,NULL,1,NULL,NULL,'tsep-grm-to-prado-120-2tr-27-03-124-1725',34,5,1),(64,'777','Цепь ГРМ TO PRADO 95 3RZ 2.7 96-02 \"106\"',1,NULL,1,1,NULL,1,NULL,NULL,'tsep-grm-to-prado-95-3rz-27-96-02-106-8421',34,5,1),(65,'778','Цепь ГРМ TO RAV-4 2AZ 2.2 08- AVENSIS ADT250 2AD 2.2 05- \"112\"',1,NULL,1,1,NULL,1,NULL,NULL,'tsep-grm-to-rav-4-2az-22-08-avensis-adt250-2ad-22-05-112-8862',34,5,1),(66,'780','Цепь привода распредвала MZ CX-7 L3-T 2.3 09- \"60\"',1,NULL,1,1,NULL,1,NULL,NULL,'tsep-privoda-raspredvala-mz-cx-7-l3-t-23-09-60-1578',35,5,1),(67,'781','Цепь привода распредвала NI A32 A33 VQ20 VQ25 VQ30 PATHFINDER VQ35 01- \"44\"',1,NULL,1,1,NULL,1,NULL,NULL,'tsep-privoda-raspredvala-ni-a32-a33-vq20-vq25-vq30-pathfinder-vq35-01-44-876',35,5,1),(68,'783','Цепь привода распредвала NI MURANO Z50 03-08 FX 35 VQ35 03-08 TEANA J31 J32 03-13 \"\"',1,NULL,1,1,NULL,1,NULL,NULL,'tsep-privoda-raspredvala-ni-murano-z50-03-08-fx-35-vq35-03-08-teana-j31-j32-03-13-164',35,5,1),(69,'785','Цепь привода распредвала NI RNESSA N30 KA24 97-01 PRESAGE U30 KA24 98-03 \"48\"',1,NULL,1,1,NULL,1,NULL,NULL,'tsep-privoda-raspredvala-ni-rnessa-n30-ka24-97-01-presage-u30-ka24-98-03-48-6884',35,5,1),(70,'786','Цепь привода распредвала SUZ GRAND VITARA H27A 2.7 00- \"54\"',1,NULL,1,1,NULL,1,NULL,NULL,'tsep-privoda-raspredvala-suz-grand-vitara-h27a-27-00-54-4139',35,5,1),(71,'787','Цепь привода распредвала TO CRUISER 200 1VD 4.5 07- \"90\"',1,NULL,1,1,NULL,1,NULL,NULL,'tsep-privoda-raspredvala-to-cruiser-200-1vd-45-07-90-9746',35,5,1),(72,'789','Цепь привода распредвала TO PRADO 120 2TR 2.7 03- \"82\"',1,NULL,1,1,NULL,1,NULL,NULL,'tsep-privoda-raspredvala-to-prado-120-2tr-27-03-82-6938',35,5,1),(73,'790','Цепь привода распредвала TO PRADO 95 3RZ 2.7 96-02 \"82\"',1,NULL,1,1,NULL,1,NULL,NULL,'tsep-privoda-raspredvala-to-prado-95-3rz-27-96-02-82-3134',35,5,1);
/*!40000 ALTER TABLE `parts` ENABLE KEYS */;
UNLOCK TABLES;
DROP TABLE IF EXISTS `password_resets`;
/*!40101 SET @saved_cs_client     = @@character_set_client */;
/*!40101 SET character_set_client = utf8 */;
CREATE TABLE `password_resets` (
  `email` varchar(255) CHARACTER SET utf8 NOT NULL,
  `token` varchar(255) COLLATE utf8mb4_unicode_ci NOT NULL,
  `created_at` timestamp NULL DEFAULT NULL,
  KEY `password_resets_email_index` (`email`)
) ENGINE=InnoDB DEFAULT CHARSET=utf8mb4 COLLATE=utf8mb4_unicode_ci;
/*!40101 SET character_set_client = @saved_cs_client */;

LOCK TABLES `password_resets` WRITE;
/*!40000 ALTER TABLE `password_resets` DISABLE KEYS */;
/*!40000 ALTER TABLE `password_resets` ENABLE KEYS */;
UNLOCK TABLES;
DROP TABLE IF EXISTS `recommended_parts`;
/*!40101 SET @saved_cs_client     = @@character_set_client */;
/*!40101 SET character_set_client = utf8 */;
CREATE TABLE `recommended_parts` (
  `id` bigint(20) unsigned NOT NULL AUTO_INCREMENT,
  `user_id` bigint(20) unsigned NOT NULL,
  `part_id` bigint(20) unsigned NOT NULL,
  PRIMARY KEY (`id`),
  KEY `recommended_parts_user_id_foreign` (`user_id`),
  KEY `recommended_parts_part_id_foreign` (`part_id`),
  CONSTRAINT `recommended_parts_part_id_foreign` FOREIGN KEY (`part_id`) REFERENCES `parts` (`id`) ON DELETE CASCADE,
  CONSTRAINT `recommended_parts_user_id_foreign` FOREIGN KEY (`user_id`) REFERENCES `users` (`id`) ON DELETE CASCADE
) ENGINE=InnoDB AUTO_INCREMENT=12 DEFAULT CHARSET=utf8mb4 COLLATE=utf8mb4_unicode_ci;
/*!40101 SET character_set_client = @saved_cs_client */;

LOCK TABLES `recommended_parts` WRITE;
/*!40000 ALTER TABLE `recommended_parts` DISABLE KEYS */;
INSERT INTO `recommended_parts` VALUES (1,2,10),(4,2,12),(5,1,4),(6,1,8),(7,1,9),(8,1,7),(9,1,13),(10,1,14),(11,1,15);
/*!40000 ALTER TABLE `recommended_parts` ENABLE KEYS */;
UNLOCK TABLES;
DROP TABLE IF EXISTS `terms`;
/*!40101 SET @saved_cs_client     = @@character_set_client */;
/*!40101 SET character_set_client = utf8 */;
CREATE TABLE `terms` (
  `id` int(10) unsigned NOT NULL AUTO_INCREMENT,
  `title` varchar(255) COLLATE utf8mb4_unicode_ci DEFAULT NULL,
  `description` text COLLATE utf8mb4_unicode_ci,
  `sort` int(10) unsigned NOT NULL DEFAULT '0',
  `active` tinyint(1) NOT NULL DEFAULT '1',
  `created_at` timestamp NULL DEFAULT NULL,
  `updated_at` timestamp NULL DEFAULT NULL,
  PRIMARY KEY (`id`)
) ENGINE=InnoDB AUTO_INCREMENT=4 DEFAULT CHARSET=utf8mb4 COLLATE=utf8mb4_unicode_ci;
/*!40101 SET character_set_client = @saved_cs_client */;

LOCK TABLES `terms` WRITE;
/*!40000 ALTER TABLE `terms` DISABLE KEYS */;
INSERT INTO `terms` VALUES (1,'It is a long established','<p>It is a long established fact that a reader will be distracted by the readable content of a page when looking at its layout. The point of using Lorem Ipsum is that it has a more-or-less normal distribution of letters, as opposed to using &#39;Content here, content here&#39;, making it look like readable English. Many desktop publishing packages and web page editors now use Lorem Ipsum as their default model text, and a search for &#39;lorem ipsum&#39; will uncover many web sites still in their infancy. Various versions have evolved over the years, sometimes by accident, sometimes on purpose (injected humour and the like).</p>',2,1,'2019-10-06 14:02:40','2019-10-06 14:04:17'),(2,'Lorem Ipsum is','<p>Lorem Ipsum&nbsp;is simply dummy text of the printing and typesetting industry. Lorem Ipsum has been the industry&#39;s standard dummy text ever since the 1500s, when an unknown printer took a galley of type and scrambled it to make a type specimen book. It has survived not only five centuries, but also the leap into electronic typesetting, remaining essentially unchanged. It was popularised in the 1960s with the release of Letraset sheets containing Lorem Ipsum passages, and more recently with desktop publishing software like Aldus PageMaker including versions of Lorem Ipsum.</p>',1,1,'2019-10-06 14:03:49','2019-10-06 14:07:45'),(3,'There are many variations','<p>There are many variations of passages of Lorem Ipsum available, but the majority have suffered alteration in some form, by injected humour, or randomised words which don&#39;t look even slightly believable. If you are going to use a passage of Lorem Ipsum, you need to be sure there isn&#39;t anything embarrassing hidden in the middle of text. All the Lorem Ipsum generators on the Internet tend to repeat predefined chunks as necessary, making this the first true generator on the Internet. It uses a dictionary of over 200 Latin words, combined with a handful of model sentence structures, to generate Lorem Ipsum which looks reasonable. The generated Lorem Ipsum is therefore always free from repetition, injected humour, or non-characteristic words etc.</p>',2,1,'2019-10-06 14:05:19','2019-10-06 14:05:19');
/*!40000 ALTER TABLE `terms` ENABLE KEYS */;
UNLOCK TABLES;
DROP TABLE IF EXISTS `users`;
/*!40101 SET @saved_cs_client     = @@character_set_client */;
/*!40101 SET character_set_client = utf8 */;
CREATE TABLE `users` (
  `id` bigint(20) unsigned NOT NULL AUTO_INCREMENT,
  `type` tinyint(3) unsigned NOT NULL DEFAULT '1',
  `manager_id` int(10) unsigned DEFAULT NULL,
  `name` varchar(255) COLLATE utf8mb4_unicode_ci DEFAULT NULL,
  `region` varchar(255) COLLATE utf8mb4_unicode_ci DEFAULT NULL,
  `city` varchar(255) COLLATE utf8mb4_unicode_ci DEFAULT NULL,
  `phone` varchar(255) COLLATE utf8mb4_unicode_ci DEFAULT NULL,
  `company` varchar(255) COLLATE utf8mb4_unicode_ci DEFAULT NULL,
  `bin` varchar(255) COLLATE utf8mb4_unicode_ci DEFAULT NULL,
  `email` varchar(255) CHARACTER SET utf8 NOT NULL,
  `password` varchar(255) COLLATE utf8mb4_unicode_ci NOT NULL,
  `verification` varchar(64) COLLATE utf8mb4_unicode_ci DEFAULT NULL,
  `status` tinyint(4) NOT NULL DEFAULT '-1',
  `remember_token` varchar(100) COLLATE utf8mb4_unicode_ci DEFAULT NULL,
  `partner_group_id` int(10) unsigned NOT NULL DEFAULT '1',
  `seen_at` timestamp NULL DEFAULT NULL,
  `logged_in_at` timestamp NULL DEFAULT NULL,
  `created_at` timestamp NULL DEFAULT NULL,
  `updated_at` timestamp NULL DEFAULT NULL,
  PRIMARY KEY (`id`),
  UNIQUE KEY `users_email_unique` (`email`)
) ENGINE=InnoDB AUTO_INCREMENT=6 DEFAULT CHARSET=utf8mb4 COLLATE=utf8mb4_unicode_ci;
/*!40101 SET character_set_client = @saved_cs_client */;

LOCK TABLES `users` WRITE;
/*!40000 ALTER TABLE `users` DISABLE KEYS */;
INSERT INTO `users` VALUES (1,2,3,'Айк','Ереван','Ереван','+374553256655','COMPANY','BIN','zakhayko@gmail.com','$2y$10$j13u95VxaZKl89aIQhB26eGb1MKAjLUwzCsR/42r2d8qCl2LoneGq',NULL,1,'EhTcf81AzRz33LOzwm1F3QXAPqB9Dng1c1DVJdqAQeQCPvzp3TUR5ja6sDfi',2,'2019-11-08 12:44:27','2019-11-08 12:44:12','2019-10-15 15:59:56','2019-10-29 11:16:35'),(2,2,NULL,'Test','Астана','Tera','+444444444','Test','Test','hayko2000@mail.ru','$2y$10$yFSwRaqyA4B3Oi9er1SXaOxWnUSww5iEA7C8RF8BeX5DNILGo2.ca',NULL,-1,NULL,1,NULL,NULL,'2019-10-15 17:40:38','2019-10-15 17:40:38'),(4,1,NULL,'test','Алматы','Qatar','87715115555',NULL,NULL,'tests@test.com','$2y$10$szHSyORnHvLfe7iayljYU.3pNXrFqjt0Ss8YpW.qlQ4s1kfrzXqU2','$2y$10$H.TLs3QpAn5kHM8zr5hDYeyMWCdCT9qPxyVpAnVUpWQfR86UjZyR.',1,NULL,1,NULL,NULL,'2019-10-29 09:36:54','2019-11-07 11:53:17'),(5,2,NULL,'Test 1234','Test1','Test','6666666666','company','123456789012','zakhayko1@gmail.com','$2y$10$yW7oFYmZq2sp/5OQTe1FxexcI5MdutUNknglvDKsy7GBzacyiO28S',NULL,1,NULL,1,'2019-11-07 12:09:34','2019-11-07 11:53:49','2019-11-07 11:51:42','2019-11-07 12:07:15');
/*!40000 ALTER TABLE `users` ENABLE KEYS */;
UNLOCK TABLES;
/*!40103 SET TIME_ZONE=@OLD_TIME_ZONE */;

/*!40101 SET SQL_MODE=@OLD_SQL_MODE */;
/*!40014 SET FOREIGN_KEY_CHECKS=@OLD_FOREIGN_KEY_CHECKS */;
/*!40014 SET UNIQUE_CHECKS=@OLD_UNIQUE_CHECKS */;
/*!40101 SET CHARACTER_SET_CLIENT=@OLD_CHARACTER_SET_CLIENT */;
/*!40101 SET CHARACTER_SET_RESULTS=@OLD_CHARACTER_SET_RESULTS */;
/*!40101 SET COLLATION_CONNECTION=@OLD_COLLATION_CONNECTION */;
/*!40111 SET SQL_NOTES=@OLD_SQL_NOTES */;

